#{"t_start": 1651862572.511953, "env_id": "Walker2d-v3"}
r,l,t
4.950962,54,6.5401
3.546103,18,6.565174
4.733916,49,6.873122
1.60361,16,6.894653
-5.169447,11,6.919876
4.364132,29,6.950717
-7.966175,21,6.974452
-0.3878,13,7.014593
-3.096891,29,7.045093
-7.107183,14,7.061955
34.303808,35,7.096175
-0.111462,10,7.111501
4.39501,28,7.166624
-2.879875,15,7.184473
4.406247,18,7.202804
-2.29076,12,7.216336
0.46314,27,7.250805
-5.831763,16,7.309587
24.844797,70,7.371606
-3.973258,23,7.448381
1.697792,37,7.486719
-0.253883,14,7.505621
1.308739,31,7.533747
-3.498494,30,7.611906
1.415845,16,7.631632
-3.461494,24,7.67277
6.810576,20,7.705855
3.410285,29,7.829774
-2.986579,9,7.850865
3.964148,24,7.883437
-3.233696,18,7.911722
1.377192,21,7.943913
-1.543118,12,7.964278
1.104749,13,8.076281
-0.757813,28,8.114225
-2.393124,28,8.153749
4.68821,16,8.181191
7.95986,21,8.213041
-0.005562,14,8.325706
-3.602571,16,8.349393
1.548503,28,8.389301
-1.445139,9,8.409618
1.369654,13,8.431348
7.98295,23,8.588854
2.579665,20,8.629494
-5.236233,35,8.687535
4.234551,17,8.722231
4.56139,23,8.763358
-3.172093,8,8.933763
-1.164617,10,8.954939
-1.150113,25,8.993673
-0.871216,11,9.019271
0.033975,29,9.070237
2.130141,13,9.097079
9.073808,24,9.297557
-1.616336,21,9.334396
6.067805,20,9.372705
-1.503884,14,9.397335
3.487118,14,9.420272
-2.498269,15,9.547368
-0.155161,15,9.563142
0.306169,15,9.576714
0.779519,24,9.597058
1.872086,17,9.616476
4.578832,18,9.63646
-1.602645,23,9.769404
1.966148,13,9.784875
-2.408341,11,9.798444
13.035519,34,9.831495
1.026246,29,9.862633
-1.27864,13,9.995705
-1.77542,27,10.020419
-9.597897,15,10.038947
-2.041583,11,10.051648
-1.905058,10,10.063018
12.369398,36,10.248793
-4.685433,15,10.274173
-3.660741,10,10.288934
5.521423,16,10.311051
-4.092017,17,10.334116
2.602342,30,10.374349
5.455869,21,10.581156
8.765602,33,10.622998
-0.673066,13,10.642493
-4.908277,16,10.663038
6.184107,19,10.849992
-7.596957,22,10.872465
11.114673,26,10.898205
-4.157198,34,10.938027
5.569121,26,11.126621
-2.533746,8,11.138724
-5.507604,16,11.153781
-0.38337,21,11.179633
2.251029,13,11.198041
3.100411,16,11.215734
-8.426544,21,11.402366
-2.706777,9,11.415023
-2.468659,10,11.426775
1.202945,14,11.441612
-0.17607,18,11.459466
1.086471,16,11.477584
-1.472362,10,11.489902
4.960331,20,11.675874
0.544559,31,11.705832
-3.453444,15,11.72589
3.886768,14,11.741783
-2.657716,15,11.757748
3.799075,25,11.969064
3.010021,14,11.989725
54.019784,64,12.05362
-2.317499,15,12.085595
0.390508,16,12.294946
-5.145003,17,12.314959
-3.667336,19,12.334529
-1.501866,12,12.349804
-2.080619,12,12.363163
-3.711925,15,12.38107
-3.124696,11,12.393214
-0.5103,16,12.619392
-4.123306,15,12.636652
3.904383,16,12.656671
0.889531,16,12.683525
-0.486295,16,12.704132
-8.249522,18,12.733189
5.740892,20,13.052745
3.000724,15,13.0723
-1.395068,9,13.088228
-2.518752,26,13.123726
8.564206,21,13.158405
7.850678,35,13.601561
1.153387,16,13.641509
1.063762,14,13.664469
-4.83888,22,13.696172
0.216245,25,13.731258
-2.364767,29,14.072435
0.643553,11,14.09581
-2.116469,11,14.114872
0.367212,17,14.146842
10.99456,27,14.19843
8.714968,25,14.555282
3.022774,21,14.594996
-4.058479,12,14.616933
-5.425827,24,14.655633
-1.092876,20,14.696319
-0.505769,30,15.06251
-0.070086,22,15.099655
-0.714057,20,15.12844
1.750254,12,15.149282
-2.641172,10,15.16698
5.634683,18,15.423293
-5.161667,9,15.435036
-2.83846,10,15.445863
7.690172,29,15.479841
3.432978,16,15.500328
-2.159844,11,15.512585
0.202213,17,15.532157
-2.350437,22,15.821007
-0.760703,11,15.83867
-6.036853,24,15.862381
-0.069906,11,15.876147
5.121748,19,15.898089
-0.30532,17,16.17373
-4.616666,8,16.18417
4.864698,26,16.207213
1.370889,18,16.229368
6.611358,29,16.256466
-2.755496,18,16.544305
0.708897,13,16.558959
5.988361,17,16.577724
-0.663193,22,16.600147
-2.225499,24,16.625017
9.621826,25,16.943728
0.796409,25,16.971927
0.72881,15,16.990017
-1.83811,11,17.002992
-1.284844,10,17.014239
1.44812,16,17.031288
-2.349877,9,17.043009
0.117482,11,17.054483
-0.05645,19,17.363826
4.319848,28,17.3929
7.217552,21,17.415898
-4.221709,20,17.437227
-3.813482,15,17.763712
-0.950383,8,17.781893
-2.356097,13,17.800703
2.637286,28,17.840043
1.680004,13,17.85853
0.363883,17,17.883256
-3.393862,22,18.294391
-3.204854,13,18.312446
-1.437569,16,18.32909
-7.770478,16,18.347631
6.89808,19,18.366701
-3.404631,17,18.386217
0.478266,13,18.399842
0.823185,13,18.727197
-2.754712,13,18.742114
4.295022,15,18.756788
1.004219,18,18.774828
-2.485185,34,18.813416
-8.742239,14,19.230276
5.838948,21,19.260337
3.886022,14,19.282289
-6.171198,15,19.309146
9.381971,27,19.34587
6.762569,24,19.82457
-3.125246,30,19.908789
4.671864,16,19.949492
1.288698,26,19.9941
-6.834272,14,20.025897
0.33354,18,20.555408
1.211934,14,20.581017
-2.761015,25,20.614795
-4.466164,17,20.647663
3.414191,13,20.670717
-1.897099,22,20.702747
8.805589,39,21.109349
3.629226,29,21.141678
3.70016,22,21.165759
-0.208421,16,21.5426
2.182443,31,21.572553
-7.913021,22,21.597482
-1.828593,8,21.61066
-7.770625,17,21.629403
-0.208504,11,21.642075
0.296995,12,22.02334
3.34497,24,22.048941
2.884752,15,22.069815
-1.968839,23,22.093716
4.900666,37,22.507402
1.324534,33,22.542828
0.519235,15,22.562919
-0.578732,16,22.580385
7.718368,27,22.607723
-0.308219,10,23.009268
0.601379,12,23.023448
-1.943363,12,23.036459
-2.292617,19,23.055139
0.189287,16,23.071836
-1.050133,29,23.100667
-0.033634,12,23.51743
3.131287,14,23.532951
9.386523,34,23.566234
1.399926,12,23.585005
4.698987,29,23.611299
2.798411,25,24.053532
-2.821669,10,24.066023
9.53699,30,24.096861
1.068139,12,24.112058
7.047651,32,24.552324
0.263053,26,24.586788
3.209707,17,24.618474
-6.590447,22,24.65035
-3.665482,21,24.684439
-5.168689,28,25.299292
-6.496471,23,25.333888
13.403291,32,25.382196
2.666573,18,25.420265
12.98951,31,26.105068
-0.18887,14,26.132808
2.228991,13,26.153888
14.954903,26,26.191632
6.940814,21,26.227906
2.819845,16,26.761517
4.343544,34,26.797155
18.736293,31,26.832766
-2.748823,17,26.855325
-4.189293,16,27.318967
-2.000092,31,27.347675
12.136237,23,27.372204
5.139635,21,27.393679
5.642052,30,27.852044
-6.39814,22,27.879791
6.682276,32,27.911956
-3.320868,15,27.930747
2.174163,15,27.94773
2.109382,24,28.427074
0.836809,13,28.442524
-1.39987,13,28.455535
2.24162,22,28.477601
-8.285645,21,28.502875
-0.601067,14,28.985381
-9.113885,18,29.008067
-2.9972,11,29.023831
3.224325,20,29.044755
11.009882,26,29.072058
-0.280873,13,29.0873
2.261291,19,29.582032
0.244902,11,29.594793
-8.210385,15,29.610545
-2.568722,13,29.624794
-0.925656,30,29.654658
2.614256,24,30.139752
13.694552,29,30.172756
9.886582,32,30.217249
1.964942,11,30.249293
-2.549224,16,30.274062
4.090102,27,31.02787
-6.901359,17,31.072108
8.523297,37,31.137012
0.109123,12,31.162477
5.749961,30,31.833445
-0.736007,9,31.852119
0.521896,23,31.882703
1.64974,16,31.903034
2.794715,13,31.915705
8.069934,39,32.424298
-4.339998,17,32.445381
-1.51447,10,32.457557
-3.930603,22,32.478886
-2.938102,20,32.500275
-1.306251,21,33.012838
8.532139,28,33.040086
5.039999,19,33.060496
2.196197,16,33.077762
16.203032,27,33.104906
15.732442,30,33.626079
3.309341,18,33.646415
-1.604284,17,33.66439
-4.566395,14,33.681623
-4.983911,17,33.698097
3.320027,14,34.214137
4.384241,23,34.236235
-1.694621,24,34.261917
0.302215,22,34.284001
7.662397,23,34.308567
-0.578049,17,34.91764
-1.32239,15,34.937027
0.004392,10,34.948425
-3.433985,16,34.964213
-6.013823,26,34.989311
-6.606781,21,35.594459
-3.116779,14,35.624563
3.082427,14,35.647379
1.1951,19,35.674098
1.750975,24,35.709616
1.549722,26,36.531139
-4.511911,12,36.551409
3.881369,26,36.585268
6.100865,18,36.614156
3.450886,23,36.648572
9.024973,30,37.390924
7.165841,22,37.411978
5.129661,29,37.438515
-0.325876,27,37.46296
0.140978,18,38.09283
3.350823,14,38.109714
2.957809,14,38.129565
0.512501,29,38.164569
-0.472579,23,38.19735
9.601093,20,38.803616
0.407313,16,38.822117
9.362728,22,38.843282
-1.574305,12,38.856916
11.072428,26,38.882761
-4.044713,25,39.463718
-0.890166,28,39.491948
10.741801,27,39.519388
6.885624,18,39.539656
-5.327419,23,40.135763
-0.303626,14,40.152588
3.808884,17,40.169282
-4.764872,20,40.189187
1.613579,30,40.220232
14.95801,28,40.83226
13.810591,33,40.863644
0.64635,29,40.893532
3.579177,16,40.913432
3.562322,16,41.675886
1.043637,14,41.698236
3.403869,15,41.719074
-2.380836,14,41.7424
-1.428575,17,41.766792
0.080508,10,41.783724
0.366684,14,41.802491
0.789523,10,42.764313
-0.59457,20,42.814497
4.094619,21,42.864786
-1.623962,36,42.90089
3.270814,25,43.598469
4.671574,24,43.623453
7.834604,25,43.650075
1.339214,27,43.677429
16.014386,41,44.37402
34.086746,60,44.432803
-0.575957,14,44.455773
-8.276286,16,45.09512
0.464391,15,45.112375
12.357419,22,45.133289
6.204661,19,45.153612
-3.622724,21,45.176487
6.908987,26,45.817235
-1.367668,11,45.83217
1.371454,13,45.845693
6.374716,16,45.862064
8.400229,25,45.88951
0.171432,14,45.906353
1.542283,15,46.594102
1.048538,11,46.606619
-3.007167,10,46.618334
7.296926,18,46.641305
-1.230668,10,46.658159
-10.523397,19,46.683781
-2.147592,17,46.71174
-0.278954,10,47.608892
-2.277096,15,47.645684
2.648862,16,47.671487
2.981325,14,47.694885
2.57737,14,47.714228
6.785583,19,47.741314
7.561908,31,48.550971
3.755732,16,48.571048
-5.665347,17,48.588654
-0.830799,17,48.606021
2.812632,23,48.628935
0.338957,20,49.296425
1.647674,17,49.316206
-0.00783,28,49.342643
-3.755728,31,49.373439
-7.93695,21,50.07649
22.078316,34,50.110708
-3.001142,19,50.133495
2.241767,43,50.17281
18.109359,37,50.999008
-1.547672,13,51.022253
7.786014,27,51.05139
-6.976997,18,51.077462
0.840243,29,51.819271
-2.088612,24,51.844941
-3.929661,15,51.861909
4.501078,23,51.883528
-5.434985,21,52.796921
-4.282693,10,52.817335
-0.292663,18,52.841635
17.685852,58,52.912177
-3.52255,11,53.885182
-3.387792,10,53.895027
1.812973,18,53.910747
-0.115774,15,53.925879
4.646521,16,53.953498
-2.102357,17,53.972201
12.857313,26,55.006354
-1.487972,12,55.020974
-1.369019,13,55.036181
4.667342,14,55.050251
0.952658,10,55.063697
1.459211,20,55.086054
6.577183,19,55.10843
14.099308,36,55.884531
-2.184783,10,55.899795
-1.255239,18,55.917924
3.211161,18,55.938929
-1.746167,36,56.838088
-1.475895,13,56.856928
3.838669,21,56.879142
-1.728572,13,56.894536
-4.690755,23,56.917269
7.000768,20,56.93928
1.589346,12,57.698752
5.657593,23,57.722645
-1.473442,9,57.735155
-2.196618,15,57.750789
0.510314,13,57.766356
1.320277,18,57.786948
3.12092,28,58.837306
1.886104,25,58.876023
-6.339814,24,58.910264
5.505211,17,58.938815
-2.602024,21,59.91636
12.813237,44,59.95547
-2.771044,9,59.969707
-1.519197,17,59.98869
0.719542,13,60.005918
1.21729,19,60.821499
8.555013,25,60.847025
-1.05104,10,60.862665
-1.619669,11,60.874491
0.80575,11,60.886262
-2.895016,12,60.898236
7.017699,20,60.918852
2.047225,19,61.775562
1.77448,12,61.78976
0.091717,27,61.814478
1.192593,16,61.834796
8.092023,24,61.860671
4.659754,32,62.665919
1.144956,25,62.691674
5.682631,28,62.720697
0.521294,22,62.743397
-4.762394,15,63.651152
1.773118,30,63.689885
4.242621,16,63.717881
-8.949733,18,63.74361
0.723066,13,63.764744
-1.193328,9,64.879449
12.912011,46,64.942332
0.673322,17,64.973226
-3.979343,12,64.992148
2.1289,19,65.02178
7.267615,17,66.180269
-5.470738,18,66.199878
-2.564567,22,66.22441
-0.603235,13,66.242715
0.136989,24,66.270209
1.11303,14,67.126161
1.982878,12,67.138153
-0.431169,13,67.152297
3.970316,30,67.180862
6.74451,44,68.022037
0.203084,31,68.056311
4.834867,23,68.080909
2.711313,16,68.100325
9.16381,31,68.925037
0.43116,12,68.945155
-0.409722,18,68.971236
-2.835425,11,68.989071
6.804415,28,69.029068
4.531097,34,70.174943
1.353449,11,70.196546
-3.650397,9,70.21257
7.196594,24,70.245767
12.506362,31,70.287988
-1.006798,11,70.310078
0.349286,22,71.231046
-1.340198,25,71.256289
3.279184,34,71.291134
9.294249,25,71.319719
0.890505,16,72.173645
-1.735449,20,72.193513
3.971309,14,72.208667
7.9841,17,72.225714
1.275594,12,72.24141
-3.194895,21,72.261125
5.892157,27,73.128046
7.276791,27,73.156271
-2.043433,19,73.178191
3.53288,19,73.198645
-3.951032,12,74.060985
11.903996,36,74.094158
3.463893,16,74.115561
2.490717,13,74.129932
-8.29361,22,74.152609
-5.267729,35,75.376569
-6.060286,19,75.41859
3.238674,28,75.468124
-4.933091,21,75.509401
-0.175216,11,76.59887
0.662038,24,76.623436
2.891547,16,76.640757
5.474564,23,76.663033
-2.244009,23,76.685769
-1.473147,11,76.700596
6.385374,21,77.665978
17.025983,49,77.718092
-9.348715,15,77.742867
2.169431,19,78.68322
1.737749,27,78.7094
4.745403,26,78.735927
3.891808,18,78.757037
3.19033,30,79.745393
1.818368,22,79.771387
7.807017,20,79.792374
0.061725,14,79.809442
1.067025,26,79.834275
-0.165996,15,81.000004
0.966425,17,81.024193
-1.206001,11,81.042006
5.611925,24,81.077666
0.923219,20,81.107458
16.393105,33,82.195999
-3.813543,17,82.215658
-1.990927,10,82.228781
-0.82337,10,82.240126
11.853434,32,82.268607
-1.75046,36,83.210538
0.760063,18,83.233768
-2.83424,30,83.264297
2.771292,18,83.285904
2.789097,13,83.300048
4.458592,34,84.252975
6.493216,21,84.277066
-8.895178,27,84.304777
23.211713,37,85.278473
12.433556,37,85.330368
-6.423451,23,85.374004
-3.970316,22,85.402319
4.477931,17,86.871701
-3.911447,12,86.896846
5.019253,20,86.931123
0.395282,15,86.959737
9.772363,19,86.988018
0.520269,12,87.010141
-4.65529,12,87.029076
9.402792,24,88.060331
9.648975,33,88.092871
0.833007,17,88.113789
2.172326,20,88.134707
1.90717,17,89.087328
-4.024774,17,89.105326
-10.226224,22,89.128178
-1.27795,20,89.149792
7.719844,21,89.171745
9.535681,22,90.151789
-0.012825,26,90.180918
4.1375,26,90.208439
-8.597703,18,90.22813
4.772162,17,90.245456
4.814098,18,91.351413
-3.428732,27,91.399202
11.729677,45,91.46922
-0.130356,10,91.491762
-0.223131,22,92.852413
-7.170593,13,92.867675
0.029596,16,92.883248
-10.17623,18,92.903279
8.959798,20,92.926439
-6.711521,12,92.942737
-2.714743,27,93.98097
2.750841,20,94.00206
-0.276749,14,94.019331
-3.420508,10,94.030809
-2.186322,9,94.040476
-1.964509,18,94.057687
6.276493,17,95.072324
2.579515,16,95.091053
2.981027,25,95.11546
-4.62339,16,95.134471
5.388815,31,96.161424
-0.533911,13,96.1789
-4.007411,11,96.191314
0.362276,17,96.209513
4.867716,20,96.233644
-1.472888,12,96.248827
19.345533,41,97.813505
0.395437,20,97.847869
-5.292022,23,97.881983
8.103062,28,97.919478
7.159817,23,99.098763
11.602756,39,99.15349
3.692494,29,99.195899
0.192909,27,100.2964
-4.534646,9,100.313867
-4.259241,16,100.329772
10.122591,28,100.367051
1.164914,18,100.400934
-2.295006,17,100.423922
16.62668,44,101.625886
1.414215,35,101.666241
9.044169,17,101.68924
3.668111,18,102.884391
10.384498,29,102.923823
0.371188,17,102.957698
-5.964588,10,102.975239
-1.324099,24,103.009397
1.148241,24,104.334594
-0.16219,22,104.358997
-0.605863,11,104.372072
1.498563,12,104.383936
0.835193,13,104.397128
8.492579,25,104.422621
4.229106,26,105.499653
2.689676,26,105.526765
11.058452,40,105.563954
1.694917,20,106.635826
2.035058,14,106.650764
8.945102,40,106.68608
5.579644,27,106.717488
4.243284,17,107.92023
-1.729082,27,107.960302
-2.092262,30,108.010389
-0.840231,12,108.036661
11.451311,23,108.074189
2.539864,16,109.573907
-4.882621,23,109.596008
0.83629,14,109.610961
9.638695,22,109.631836
-0.367005,22,109.652133
3.185181,16,110.685942
-1.263646,28,110.712996
6.566171,14,110.734962
-2.319963,11,110.748018
1.026623,16,110.765289
-2.637171,11,110.778733
-1.632476,10,110.79337
-0.574965,20,111.966491
2.639565,25,111.988957
-3.988676,17,112.006331
6.096476,30,112.033693
3.514492,31,113.11207
6.001368,19,113.131054
-4.816324,21,113.15127
-2.625451,13,113.16695
-1.715749,11,113.177519
-3.505612,10,113.187331
16.755643,36,114.320132
4.302173,15,114.340134
7.19038,41,114.378441
-0.060469,14,115.518608
-0.073415,14,115.533163
1.503754,18,115.553361
3.554687,14,115.568503
-2.160146,16,115.584903
0.194803,20,115.605291
7.979238,26,116.756752
5.440267,21,116.781474
0.085046,23,116.804824
5.557336,29,116.832758
1.899184,16,116.852675
1.844176,19,118.410987
-6.530606,23,118.449491
-1.564785,18,118.486355
8.630985,22,118.522141
-0.750732,16,118.547206
23.710874,64,119.816006
17.7787,34,119.857651
1.334246,14,121.039617
9.856062,24,121.063919
1.293363,26,121.090142
-1.921944,14,121.106576
-8.474929,28,122.297031
11.619714,26,122.324467
3.661212,28,122.353168
6.217713,24,122.378417
4.164285,31,124.061456
5.833454,36,124.132361
-0.055531,13,124.165668
7.105612,37,124.253984
3.474832,16,125.776431
0.554652,13,125.791277
-9.697975,24,125.813833
11.409384,27,125.840402
2.817154,30,127.053457
-1.446089,12,127.070058
2.99464,16,127.086577
-6.867322,18,127.106798
7.828926,42,127.148587
15.244155,33,128.380934
0.453439,24,128.410712
0.237213,9,128.427476
-3.709186,29,128.480281
1.636903,15,130.12386
5.363613,18,130.140214
-1.200555,16,130.15526
-1.648568,14,130.170207
4.464169,22,130.188963
-4.620552,39,131.439674
8.784386,27,131.468443
9.21356,24,131.494428
2.462989,15,131.510947
-2.857307,23,132.737685
1.563816,13,132.752267
2.224815,13,132.767332
-2.498385,14,132.782135
-2.389894,17,132.798969
0.445101,33,132.828864
3.791453,19,134.146764
0.98171,14,134.168504
-5.251794,16,134.191174
-1.473219,9,134.207206
0.063375,11,134.225508
-0.401825,12,134.249171
0.759553,39,135.834351
-3.365914,14,135.854155
-2.832346,25,135.880174
-3.183603,8,135.892191
0.656897,18,135.90855
4.133552,28,137.154317
13.943553,29,137.186622
1.087117,12,137.201283
4.879807,29,137.22844
13.953344,57,138.518134
-3.077269,17,138.545575
-1.367879,12,138.560776
10.250144,26,138.585127
16.452151,46,140.069434
2.974168,18,140.103538
-1.650184,17,140.129512
2.522746,13,140.148784
9.7154,34,141.65554
-1.267731,13,141.674079
-0.772249,21,141.694195
-2.902659,10,141.706905
11.137118,32,141.736193
-1.827613,11,143.021379
8.61817,20,143.040861
7.814736,20,143.063709
0.973528,15,143.080245
0.130239,12,143.095736
-1.593314,9,143.105604
5.144308,19,143.123288
-1.676812,16,144.402187
8.133349,36,144.437286
-2.428574,13,144.455451
8.675225,19,144.474044
7.673941,23,146.121558
-1.730879,15,146.14718
-1.457167,28,146.191067
2.852519,22,146.223873
4.353653,15,146.24818
-0.242116,14,146.271759
4.104678,23,147.629942
-0.462035,43,147.66979
5.934118,25,147.697427
2.219063,14,149.022327
-1.476482,12,149.036368
-1.335399,13,149.050729
17.373896,32,149.080144
-6.256858,13,149.09905
-11.350331,18,149.117569
-3.837541,25,150.558013
-1.067069,27,150.596277
-8.337865,20,150.625122
1.098999,16,150.65033
5.914154,21,152.311114
-4.072092,20,152.33261
-4.384433,26,152.36064
2.531497,11,152.374333
-1.996041,17,152.390321
3.784638,15,152.406471
33.233548,58,153.77063
-1.241427,10,153.787867
-4.288604,19,153.806858
10.042754,27,155.170751
-5.048843,8,155.184546
5.563013,17,155.204406
-1.43522,12,155.217467
21.661393,44,155.256778
13.810774,31,156.96689
3.738196,21,156.998506
0.588772,16,157.032654
3.991935,15,157.060434
1.673358,16,157.085952
3.620845,17,158.52229
4.35176,17,158.540432
2.179724,12,158.555133
4.95502,20,158.575867
4.127693,13,158.593626
0.276259,24,158.618314
1.110407,23,159.993967
-3.25758,24,160.019609
-0.99623,9,160.03122
-5.035873,19,160.049592
2.785419,18,160.068041
1.414535,17,160.086776
5.23851,23,161.609074
-1.515413,13,161.629711
-4.150545,21,161.658544
-6.523722,17,161.684526
2.653916,18,161.71166
-3.589878,12,163.353669
-5.360504,18,163.372111
6.737916,19,163.393788
0.510778,20,163.41458
-0.096888,12,163.427885
19.864635,32,164.820707
-2.45909,9,164.836967
4.642472,24,164.858773
0.063376,11,164.871496
-1.876109,17,164.888258
4.083371,28,164.915534
8.754502,23,166.325699
0.624217,32,166.356074
2.567296,19,166.378033
-0.239432,11,166.391284
-1.938141,17,166.407954
10.278423,31,168.227124
4.829804,40,168.263885
0.17284,11,168.279529
4.323241,15,168.29354
-8.49154,39,169.725638
7.286422,27,169.756109
6.487663,19,169.779704
9.226804,19,169.800143
12.67434,28,171.407501
2.905513,18,171.42716
-5.866675,19,171.447952
8.164289,22,171.470822
-5.301517,18,171.491005
-1.254756,15,173.294578
-0.0694,22,173.330048
3.881869,20,173.371076
2.59379,32,173.425877
6.437491,18,175.037043
-9.537923,20,175.058846
8.39223,26,175.084019
9.252708,28,175.112034
5.238068,23,176.606366
-3.171601,21,176.629089
1.493043,26,176.654725
2.357348,19,176.677479
5.89997,28,176.705945
4.276905,29,178.379348
9.374431,19,178.409515
0.155339,22,178.441406
-4.132631,18,178.466852
-3.509082,7,178.482307
1.909611,24,180.309835
5.896841,23,180.338422
-0.923481,11,180.361128
9.087219,21,180.391262
2.014182,14,180.41498
3.023928,22,182.20899
1.062043,17,182.24379
21.557326,48,182.325745
6.832069,20,182.36829
2.361038,16,184.154044
-6.497967,28,184.199059
4.315591,14,184.226213
29.907437,51,186.261664
1.841517,17,186.286349
4.605789,20,186.307173
-8.245969,19,186.329177
-2.123085,15,186.345872
10.626981,21,186.366695
-4.315505,20,187.861575
-0.232481,16,187.880653
-6.850626,15,187.896851
-5.763743,25,187.920927
-5.802557,17,187.943441
-4.558122,31,189.529007
6.730723,22,189.564753
6.687941,21,189.600456
15.101003,27,189.636896
-3.649839,22,191.575108
-12.620425,26,191.602179
-8.473945,16,191.625129
-0.999524,21,191.650556
-0.695033,13,191.669145
7.394835,41,193.211232
-1.711961,11,193.227109
4.067498,23,193.248859
5.120843,19,193.271781
7.35413,22,194.896412
1.444448,40,194.960107
1.349569,18,194.994759
1.913433,32,195.052938
3.519377,28,197.212292
5.633767,25,197.239055
9.244093,22,197.263128
3.525825,22,197.291006
9.395927,22,198.885779
2.370963,16,198.904938
1.634715,14,198.919729
3.425353,14,198.936472
-2.759705,24,198.959783
-1.538326,23,200.516341
2.592642,21,200.540324
-3.655499,7,200.552182
5.257442,18,200.57098
1.128611,14,200.587318
0.524701,17,200.607034
-6.305228,23,202.837863
-3.367547,15,202.857157
2.837909,17,202.875114
8.672439,30,202.904443
-1.060225,11,202.921529
0.344265,16,202.936971
1.147037,25,204.532696
-2.835515,15,204.550689
-2.424444,14,204.569489
3.663948,19,204.592708
5.518367,30,204.627647
2.4253,13,206.2269
-8.021784,16,206.244805
-7.010228,38,206.279381
9.572148,25,206.308837
-0.415002,11,206.322565
-2.241823,9,208.381306
2.131354,23,208.402561
17.1706,40,208.441422
-5.70435,31,208.493558
6.235683,26,210.692435
1.982172,11,210.706816
6.940504,29,210.732907
4.129951,25,210.758599
-4.132188,15,212.599412
-2.873524,15,212.623681
3.690573,27,212.663215
2.72991,14,212.685637
7.708366,46,214.62645
2.193497,12,214.643757
-1.380474,15,214.66024
11.189813,39,214.698628
-6.286438,15,214.719971
-2.494146,25,216.328258
3.674006,22,216.351282
-3.173518,8,216.362724
2.393022,26,216.386261
-0.830531,19,216.407339
2.329296,17,218.221637
-2.484273,18,218.261358
1.329919,18,218.305825
-3.743682,16,218.343741
7.047461,26,218.401525
6.307892,26,220.548238
-2.051622,17,220.569095
-3.539808,17,220.58627
3.879235,15,220.602736
8.236273,31,220.631562
0.813063,14,222.364746
-6.047063,17,222.38257
-1.627773,9,222.395194
4.41775,23,222.418241
0.817933,17,222.439393
3.67799,25,222.463264
-3.600321,13,224.37343
-3.063319,16,224.399941
9.751551,21,224.436101
2.088128,14,224.458989
5.847797,27,224.499842
11.978171,34,226.504475
-3.570955,12,226.522823
-6.941423,26,226.547577
-4.432374,19,226.569697
5.545286,27,228.201761
-2.673094,19,228.225619
4.847664,19,228.244709
-0.457601,9,228.256111
-3.906326,13,228.269109
1.549802,18,228.288023
15.973875,35,230.583923
2.210036,12,230.616299
7.194737,18,230.652595
-0.759754,11,230.676874
3.466236,14,230.705458
-4.93785,19,230.732254
6.200887,22,232.530704
-2.469681,26,232.559198
4.394257,21,232.582996
-1.95225,35,232.615865
-0.335243,15,234.307551
7.341174,16,234.326624
23.498164,38,234.362634
10.286947,25,234.391778
6.173711,28,236.536835
1.521615,17,236.556294
3.453271,18,236.574057
8.743479,20,236.594594
0.181586,14,236.609284
-2.024058,12,236.623816
1.389418,12,238.273751
-1.773318,19,238.293242
3.925368,19,238.314076
5.654914,16,238.335189
11.204325,24,238.359034
5.113084,22,240.124425
-1.101465,22,240.151788
-1.37588,19,240.182297
2.793666,14,240.203255
-1.812838,14,240.225135
1.731657,13,240.243246
-6.18362,17,242.451515
11.157882,25,242.476875
18.299382,30,242.506672
-0.767111,13,242.522158
0.035406,14,242.53904
4.927193,24,244.270045
0.923742,12,244.285323
-1.769616,21,244.307862
10.24202,26,244.336036
3.602922,21,244.357799
12.850648,28,246.265657
0.777141,13,246.29345
6.219959,23,246.327291
-2.448351,13,246.350448
1.367753,32,248.385586
2.569771,16,248.40566
0.480659,14,248.423414
-2.75831,12,248.436698
4.410238,20,248.456345
0.321531,13,248.471152
-2.463883,17,248.489407
-0.263292,19,250.255248
-0.169933,16,250.272254
-1.722065,13,250.287807
1.245749,10,250.300767
-3.581555,14,250.316048
-0.617786,9,250.327064
8.01669,33,252.422192
9.705811,23,252.459567
2.111457,14,252.483247
-0.096582,13,252.501628
4.350811,18,252.527483
6.068485,29,254.471102
-4.224374,20,254.494999
0.133172,16,254.515035
3.190492,31,254.547604
8.167268,18,254.572126
-0.000116,13,256.447625
6.957509,33,256.477874
2.522567,16,256.497583
5.171081,35,256.536343
-6.645653,29,259.047752
-2.375426,25,259.083818
0.180861,16,259.107873
-0.584788,14,259.136393
9.087388,53,261.060011
-0.626939,17,261.08368
-0.853529,28,261.11082
1.490783,26,261.138581
5.238316,27,263.167921
-1.368679,14,263.195493
-0.901577,32,263.244388
4.068687,26,263.296403
-0.34513,29,265.572347
4.107398,18,265.592759
-3.247336,14,265.607735
-2.02355,11,265.62131
-4.305135,10,265.63193
-3.189253,28,267.428349
0.812385,12,267.443162
-4.575916,22,267.465228
3.753294,15,267.483139
0.845011,29,267.510952
-7.08566,18,270.018398
0.776886,25,270.06301
-8.12907,17,270.092096
8.627911,20,270.12963
-5.212338,20,270.159731
-6.978097,27,271.991973
11.994621,24,272.018104
-0.368148,10,272.030755
-0.45773,10,272.041614
-1.011131,12,272.055158
11.027571,37,273.899905
8.796811,25,273.93095
3.00761,14,273.948772
-1.890236,15,273.974502
0.776319,15,274.00099
8.453754,23,274.046848
1.60503,13,276.530462
-1.998976,32,276.562679
4.15746,16,276.581414
3.750349,14,276.598683
-3.644768,23,276.61988
-2.945875,14,278.435084
4.202099,20,278.454162
1.486007,34,278.487124
7.922857,21,278.510045
16.334737,27,280.568736
3.122548,12,280.590725
-0.225863,29,280.629751
1.891856,17,280.659743
5.547781,17,280.687707
-0.303291,14,280.711199
2.213739,17,282.742825
15.089117,31,282.771928
-1.105117,12,282.788119
5.672867,15,282.8053
-0.160681,12,282.818646
2.895321,17,284.68621
-1.970617,15,284.704549
4.50894,16,284.721439
5.980039,27,284.748547
-13.221537,19,284.770508
-0.834978,13,284.787835
4.361581,15,287.257313
-1.747046,12,287.269856
-6.725073,19,287.291309
1.582014,13,287.306913
-7.775869,13,287.319856
-4.479931,20,287.339033
-0.730437,13,287.355055
-0.344568,26,289.231237
-4.85511,19,289.252655
3.453589,23,289.275508
-1.249929,13,289.290226
-8.740626,21,289.311836
-6.051439,24,291.498238
-0.323395,12,291.524319
-3.030395,14,291.548095
-0.140697,18,291.576665
4.189917,25,291.613224
9.443819,24,293.732329
-5.959221,10,293.746513
-0.274205,28,293.774284
2.225171,14,293.793617
-4.924246,24,293.816879
-3.170466,16,295.736148
3.004137,33,295.768991
-7.00676,26,295.795867
-2.845707,23,295.819802
10.618387,23,298.167612
6.24333,22,298.192602
-4.17656,19,298.212331
-4.222067,16,298.231168
3.768685,14,298.245781
1.00497,14,298.262076
10.843924,21,300.214905
-3.546065,20,300.235642
1.109584,25,300.260174
8.386561,24,300.287896
0.237198,15,302.422448
2.187309,21,302.451953
0.12094,10,302.470773
-0.916709,15,302.493386
1.688424,18,302.51792
1.602138,18,302.544622
-1.48289,28,304.632317
0.473367,23,304.658246
-0.074002,15,304.677175
2.727982,25,304.700761
9.71731,32,306.6268
-2.216991,17,306.649403
2.932645,14,306.663742
-8.355005,18,306.681605
-5.823211,21,306.702211
13.890148,38,309.401234
1.246106,27,309.43708
3.321782,18,309.458781
0.16253,13,309.475349
9.621621,44,311.59414
2.842421,23,311.620051
4.263994,27,311.647598
5.939315,21,311.669978
1.680826,26,313.895004
2.862636,15,313.918581
2.227854,16,313.940902
3.667294,13,313.961428
1.185597,19,313.988139
7.191073,18,314.014449
41.113892,154,324.6894
92.230683,206,333.680018
346.752423,226,342.169662
63.938727,176,350.993821
79.035097,179,359.466479
131.859515,218,368.165822
97.282913,211,377.192183
89.695919,217,386.475347
124.698561,243,399.668799
303.991864,185,408.616504
249.386416,136,413.107333
262.955415,148,417.424074
226.351453,117,426.933701
232.926607,114,431.571018
347.21691,207,440.690985
254.821515,122,445.557507
223.581616,105,449.914418
228.494107,107,454.415091
301.001899,142,464.17841
289.33487,131,468.411308
329.588899,161,477.344168
30.175903,109,481.832639
68.931059,153,486.093185
47.92337,124,490.614485
62.501557,131,499.383226
275.534737,140,503.747908
328.391969,186,513.161528
304.423683,144,517.597238
357.268474,186,526.387931
314.984466,145,535.020769
333.267105,159,539.562206
336.052687,156,550.893651
348.886819,158,555.836197
391.319385,185,565.082506
441.386989,224,579.660005
414.340029,182,584.300494
371.372912,171,593.788242
383.428395,179,602.898347
444.377353,239,612.523567
455.543226,240,626.208686
390.84475,190,635.743873
330.788823,162,640.191762
343.16704,171,649.585275
351.823018,172,658.626446
389.861883,190,663.549833
621.102428,421,687.16857
385.584273,203,696.822047
292.603054,146,701.475979
245.344567,120,706.48146
348.655551,176,715.463287
323.212031,165,724.934717
370.164659,170,729.686243
490.668477,311,748.269956
331.761935,159,752.808906
373.542993,216,762.222214
361.019862,182,771.367788
406.108625,253,785.305398
425.564369,245,794.62384
385.773848,183,804.259877
451.355299,238,813.894383
346.685,193,823.628768
475.321801,340,842.748424
10.678205,118,848.155094
450.954472,281,862.556875
331.601747,187,872.167179
394.308189,219,881.686675
324.676989,161,886.365494
311.306941,144,896.146097
293.449382,145,901.174581
295.215768,151,910.690888
465.190277,207,920.556761
363.686805,181,930.459002
577.715822,388,944.803992
415.570859,191,954.479529
413.529949,183,964.392447
476.060476,256,979.766066
64.484158,175,989.268156
29.957063,140,994.434539
11.613998,120,999.592794
441.514588,219,1009.376788
360.69755,160,1018.907204
365.85086,171,1030.589218
469.669701,231,1040.49655
435.961633,181,1050.188297
341.008682,169,1055.014763
334.821865,169,1064.914412
439.037744,192,1074.948726
467.322219,195,1084.818201
369.525909,152,1095.074774
357.948635,159,1100.275331
338.652642,147,1110.146697
428.506506,194,1120.093698
452.517308,214,1130.202296
65.51895,153,1135.296869
331.822105,163,1144.898623
404.754498,223,1155.016955
-6.468186,131,1160.101557
582.610561,371,1179.850169
50.815383,90,1184.936276
396.838894,218,1194.987347
344.525058,214,1204.966706
306.638845,154,1215.054499
68.395857,158,1220.24893
521.083627,360,1240.803972
291.067944,133,1246.10427
336.681456,173,1256.792654
443.788407,216,1266.902874
333.482895,148,1276.616777
336.011889,161,1281.814926
271.284445,121,1291.946711
421.859725,249,1302.132956
66.228697,189,1312.008877
352.676614,191,1321.425017
47.983707,98,1326.504237
364.499965,323,1341.677107
49.632433,112,1346.965821
354.434295,180,1357.555417
369.441777,182,1368.642283
401.190686,198,1379.108023
349.382209,186,1390.696829
43.785352,159,1396.444951
21.427508,156,1406.916136
335.075022,181,1418.577464
38.091972,60,1418.677821
399.205685,205,1429.546172
362.202008,169,1440.223148
152.71924,268,1456.386451
340.540452,181,1461.657618
123.064644,197,1472.366471
324.269571,174,1483.003198
308.570931,151,1493.72387
315.576286,157,1499.160762
333.752098,158,1510.043527
367.652881,196,1520.76009
414.921275,191,1531.975494
376.668074,207,1545.486526
335.342004,185,1556.607352
483.682683,265,1568.438861
377.323986,188,1579.8151
374.587612,194,1591.269486
286.734457,140,1597.046698
370.676898,193,1607.563132
366.407997,201,1618.708329
351.077014,197,1629.777777
356.727994,180,1641.220026
337.848076,165,1652.892849
545.247505,251,1664.750359
351.112215,179,1675.548533
291.470127,138,1681.374063
119.424156,124,1692.657261
93.175056,92,1697.937899
71.24842,162,1703.517405
179.218746,114,1708.945304
39.171956,80,1714.2974
182.178581,167,1725.165642
860.986147,519,1752.24523
476.798774,238,1763.800719
146.492987,154,1775.016125
238.316595,166,1785.732267
127.213893,114,1791.17465
68.463582,84,1796.591141
13.113685,198,1807.374298
410.418469,214,1818.107562
328.507995,238,1829.015886
81.352453,205,1839.640057
243.306179,250,1855.713672
296.384785,179,1861.274127
-37.263769,271,1877.40895
357.544628,263,1893.624577
22.879149,35,1893.732071
23.653687,53,1898.980303
482.570967,211,1909.650244
12.341,26,1909.730575
60.528434,54,1915.098527
104.352745,132,1920.599197
23.604738,37,1920.661686
604.980607,305,1935.499522
364.551095,188,1945.047282
199.194952,265,1959.566529
63.773318,110,1964.490214
565.034406,343,1979.147327
125.304746,198,1988.939129
518.719705,479,2013.41316
46.575852,73,2018.343976
175.765227,114,2023.299135
53.741472,85,2028.184434
576.369574,258,2038.07437
618.015148,259,2052.849291
1122.530621,444,2072.74065
564.256603,260,2090.182386
569.172903,243,2105.0407
588.73348,244,2115.067999
499.685275,194,2125.064244
430.921644,187,2135.056474
73.174324,73,2140.101557
7.246678,182,2145.214103
439.5563,222,2160.166697
460.539184,199,2170.206586
512.422649,209,2180.273879
1000.445904,409,2200.411932
110.985998,501,2226.685791
-99.693469,345,2244.138996
21.10357,38,2249.613968
598.777999,237,2261.194042
23.62421,37,2261.269211
20.362515,35,2266.794066
20.736531,35,2266.865122
22.058097,35,2266.928818
23.585949,139,2278.463235
340.530356,155,2284.499544
81.228894,127,2295.72888
303.148276,170,2301.790038
180.387779,180,2313.306533
14.041465,40,2313.406787
115.442541,103,2319.023447
40.00776,155,2330.667313
257.480895,251,2347.814936
335.600388,166,2353.558839
312.784709,161,2365.157672
826.104804,445,2388.706634
789.059461,566,2423.528671
279.921545,155,2429.263326
1004.060607,344,2452.23358
1043.874701,346,2469.930572
564.382395,217,2488.243981
48.680142,81,2488.415309
821.478818,329,2511.609442
672.2544,245,2523.740694
130.42856,104,2529.46963
542.791638,202,2541.428926
694.149187,250,2559.012838
496.137355,259,2570.664662
510.444882,205,2582.486582
607.798281,217,2594.531774
774.880556,288,2612.265258
451.617075,174,2623.89517
632.2835,242,2641.621783
997.995723,341,2662.459966
864.476002,304,2680.395
1317.132945,399,2704.152149
49.753072,80,2710.412777
19.896486,82,2716.34164
295.349278,160,2722.214109
404.225562,238,2740.120769
361.042528,255,2752.362756
23.707681,55,2758.185357
252.974746,137,2764.613113
985.365377,302,2782.643348
656.476401,249,2800.628187
549.283382,211,2812.68703
629.508869,223,2825.06187
167.924104,159,2831.038016
439.518144,197,2843.379901
679.377593,247,2861.59511
345.059306,150,2867.585803
405.164811,167,2879.581727
654.39448,240,2892.08185
570.564925,218,2910.358061
615.591075,235,2922.625125
392.714519,166,2934.809263
433.692411,304,2953.265649
255.984494,132,2959.384297
848.33583,271,2977.785573
1266.34928,410,3002.539638
3.326588,267,3014.933619
114.083183,421,3045.822587
-6.535194,170,3052.193972
336.09019,251,3070.814194
220.673033,137,3076.909165
323.115589,179,3089.500054
270.515247,149,3101.72284
161.185162,136,3108.064022
404.573624,166,3120.493156
30.20751,41,3120.562051
30.329602,41,3120.617708
29.774985,39,3126.669056
19.292271,35,3126.714829
18.478441,35,3126.759571
24.445826,36,3133.22039
18.054763,34,3133.284955
21.543513,35,3139.35276
397.710342,177,3145.493948
115.376946,112,3151.935592
22.161648,34,3158.27303
10.917475,30,3158.31466
10.799831,29,3158.354174
24.538847,39,3164.370727
16.823807,35,3164.417423
20.328013,37,3164.465474
220.680295,118,3176.962438
30.308038,41,3177.05241
28.695606,40,3177.126632
560.653011,419,3208.281783
419.682421,211,3220.896145
56.272385,76,3227.318793
33.847749,54,3227.395376
348.346053,195,3239.724857
291.716602,127,3246.438563
407.166848,168,3260.06925
-14.416769,108,3266.624448
-19.550326,137,3272.838374
463.59535,255,3291.851522
415.115587,216,3304.312307
38.745051,70,3310.891874
255.830893,210,3323.761246
45.089038,54,3323.854604
469.173518,181,3336.902355
326.734483,136,3349.240882
330.532658,201,3362.246805
-34.680142,128,3368.244118
260.368199,160,3381.03166
322.770076,158,3387.348972
-25.19781,131,3393.970041
350.490189,165,3406.70116
1165.019504,379,3432.296895
-21.431819,172,3445.244838
811.238106,306,3464.358988
994.664749,325,3483.796235
73.335596,68,3490.148956
71.656159,57,3490.22459
274.749501,190,3503.352782
211.295321,125,3509.695371
263.926756,129,3522.706722
207.622293,151,3529.215761
245.69555,137,3535.577432
170.160588,97,3541.953888
541.445813,195,3555.277458
112.199946,78,3561.600681
313.258676,161,3574.787969
143.838516,248,3587.655677
86.142819,69,3594.048856
1168.286864,363,3620.011714
415.804293,191,3626.898672
118.785498,91,3633.549144
407.34457,168,3646.284323
291.926359,130,3653.096016
315.922056,138,3666.180267
319.04082,126,3672.640898
612.887888,202,3686.074647
554.792895,195,3698.918645
580.49791,286,3718.853384
576.300347,245,3732.02637
1246.550121,478,3765.48076
919.79588,335,3785.19307
321.040726,157,3798.817691
844.02101,338,3818.333767
1220.906584,381,3844.818021
394.728485,167,3858.45985
315.711118,135,3865.022409
471.427504,174,3878.184458
1073.709933,394,3904.816669
396.280323,141,3913.664424
1555.754257,483,3947.08832
342.272783,138,3953.902236
312.284925,123,3966.964913
22.775466,99,3973.718913
389.449891,149,3980.758322
366.566717,148,3993.896891
353.897972,149,4000.600465
410.434958,150,4014.368264
385.325237,135,4021.011325
342.818761,140,4027.694063
257.510524,135,4042.636602
304.640854,174,4057.398233
310.780817,131,4064.482152
314.972332,127,4071.889753
375.789893,136,4079.572072
1446.017604,452,4115.497809
418.303409,155,4129.937037
320.228589,119,4137.030128
323.106131,137,4144.310074
601.148546,295,4164.972663
432.059558,148,4179.474275
435.522087,163,4187.139554
298.188967,186,4201.55941
56.262752,51,4208.407131
320.114914,120,4215.590595
337.436542,125,4222.947467
340.585682,124,4230.177734
310.741435,121,4237.506015
357.409159,133,4252.862596
943.939951,331,4274.377563
300.66337,123,4281.7406
1766.458122,548,4327.196921
555.587808,186,4342.245556
364.505864,169,4349.856538
326.589843,124,4365.019821
527.674098,230,4380.664487
136.530328,87,4388.202532
367.809643,139,4395.804409
845.846206,297,4419.064294
597.01249,181,4433.935922
343.617908,125,4441.661261
361.836966,154,4457.397051
108.133308,94,4464.752371
270.610911,203,4480.147015
407.835533,159,4488.278537
325.730773,135,4502.956764
724.259045,242,4518.314445
102.338744,71,4525.572618
122.054846,78,4533.279894
484.6807,159,4541.231386
382.629841,143,4556.652126
392.592942,143,4564.556828
293.266819,114,4572.28984
449.570651,208,4587.876856
1711.9854,583,4635.941325
589.772469,231,4653.969485
585.227283,201,4670.603276
469.746518,169,4686.14377
334.796417,126,4693.23565
610.01235,220,4707.574985
342.255393,140,4722.178493
406.131583,168,4736.202931
384.408589,157,4743.595322
261.911228,225,4759.213061
325.850239,132,4772.852367
227.794364,375,4793.503656
1395.193642,398,4821.570477
399.854782,147,4835.355364
395.886498,153,4842.286108
759.51387,235,4863.329216
475.042706,168,4870.266184
449.503351,166,4883.814646
1543.999543,496,4918.501988
387.685392,194,4932.205362
594.301551,199,4945.815187
305.69829,131,4952.631852
292.892317,123,4966.25452
448.798545,166,4973.429163
370.700647,138,4987.248788
1259.701986,378,5007.642493
306.914536,151,5021.492278
1113.230162,365,5048.871243
370.52149,135,5055.98256
2039.951768,661,5096.449878
1073.503616,337,5123.819335
292.61807,126,5130.849673
1158.343087,502,5164.333333
378.776761,144,5178.125224
743.264316,263,5191.630587
571.615747,214,5205.028288
1750.59057,568,5244.879259
273.642203,111,5251.586102
1028.594235,307,5271.440319
394.202461,152,5284.728758
267.545438,111,5291.488681
305.250463,108,5298.299674
662.506227,256,5311.895237
410.377556,154,5325.404933
347.184559,132,5332.133807
666.14359,214,5347.668764
980.657606,299,5367.558196
287.130294,117,5380.626666
201.305339,143,5387.27301
1265.649839,385,5413.609726
1065.03905,315,5433.484682
542.688864,228,5446.871815
1244.04423,369,5473.543445
317.788002,118,5480.275624
1596.158655,596,5519.927923
326.704059,112,5526.671154
438.255475,179,5540.314558
2385.962654,821,5592.759918
1061.993822,385,5618.946463
307.045722,165,5631.979051
100.922823,181,5644.921958
1310.174766,370,5664.496869
242.154438,93,5670.949944
313.600626,114,5677.432518
496.020784,164,5690.298207
473.537278,163,5703.098994
271.858417,99,5709.515144
1230.902295,345,5728.727525
325.907007,114,5735.173593
359.446818,141,5747.872577
599.14119,196,5760.636837
262.225982,99,5767.049181
337.978556,119,5773.538978
346.610126,118,5780.033374
275.685933,106,5786.456507
1362.473881,405,5811.576543
282.944212,106,5817.998203
503.801193,186,5830.747716
1084.048509,349,5850.085122
2496.32445,699,5894.193151
1050.218039,312,5919.496652
1976.139482,594,5957.315798
502.070844,160,5963.750721
1087.839469,327,5982.708403
1203.909591,325,6010.170419
3611.391468,1000,6072.619446
1628.162368,444,6097.718233
739.191094,212,6110.096351
1798.969168,499,6140.874178
407.572028,127,6147.181686
971.283968,269,6165.478168
2102.822013,592,6202.431811
1075.144302,339,6220.668408
734.559691,211,6238.909121
1095.639555,301,6257.182302
1489.702909,408,6281.591888
1409.052469,425,6305.823322
888.436367,237,6318.089707
499.431091,152,6330.30951
387.808924,161,6336.536682
378.806976,129,6348.401994
663.231461,274,6360.693911
424.678512,149,6373.065106
875.259957,254,6385.043626
1125.106124,324,6409.382956
835.730185,224,6421.55161
1223.1042,334,6440.237279
453.597215,146,6452.513901
1233.442486,347,6470.591302
968.821047,301,6488.911232
1056.147333,289,6506.770427
1209.437313,342,6531.017619
1243.187851,329,6549.148112
1056.142114,311,6567.579421
601.700958,172,6579.424807
852.114434,254,6591.655206
828.153896,245,6613.025649
635.498274,195,6625.195319
467.502518,144,6631.444485
652.057876,198,6643.399189
1110.171601,307,6661.626534
989.435345,275,6679.907933
821.37747,248,6691.959454
2271.849168,608,6728.466936
951.907181,256,6746.553334
-2.277275,8,6746.601216
-2.542424,8,6746.613656
-2.227138,8,6746.625284
-2.511457,8,6746.638124
-2.262804,8,6746.649483
-2.146409,8,6746.660552
-2.483313,9,6752.623252
631.423837,173,6758.854349
673.32176,194,6771.060714
995.839894,283,6789.116977
820.236355,218,6801.370163
766.730196,216,6813.756636
804.513012,246,6831.642287
979.325355,274,6849.838611
698.223132,201,6862.10919
781.908086,219,6874.070596
1028.766178,285,6892.25748
1269.353162,329,6910.663701
628.433998,178,6922.897469
575.835313,171,6929.060687
607.427421,194,6941.2242
531.611282,160,6953.437799
636.347078,191,6965.510391
800.364048,217,6977.586681
35.490411,34,6977.655417
569.295176,168,6989.777315
417.883741,129,6995.899412
661.971245,184,7008.228202
638.501768,194,7020.253151
575.121957,179,7032.368204
783.032126,217,7044.54258
779.06452,217,7056.785099
1023.289667,268,7074.822487
261.241679,98,7080.935207
469.938326,151,7087.080734
1351.113016,364,7111.440144
1119.30584,358,7135.850937
-3.033409,9,7135.918457
14.293884,27,7135.950792
18.528846,28,7135.990156
35.267819,35,7142.061953
1137.270061,306,7160.475715
712.553248,216,7173.006058
758.710551,220,7185.107369
651.686217,191,7197.112313
1092.360892,282,7215.521976
759.374956,211,7232.386415
1094.060924,296,7250.726757
592.918015,172,7263.124714
723.461261,197,7275.136692
244.836721,100,7281.193994
297.104497,115,7287.28288
2824.519981,739,7330.285788
762.610277,202,7342.904363
1154.958554,289,7361.106143
785.8281,215,7373.332597
954.934786,259,7391.65909
291.095934,109,7397.829213
319.987337,113,7403.849728
1578.114463,409,7428.142178
244.089373,96,7434.298561
2532.762346,686,7476.901626
468.364673,151,7483.112925
627.601195,179,7495.202861
525.979197,156,7507.358036
2055.945219,559,7537.963164
1009.366123,269,7556.143377
573.535228,163,7568.240672
1516.829918,459,7592.605358
809.899295,210,7604.896742
1104.279294,294,7623.323323
1331.011324,354,7647.476186
503.332074,151,7653.646799
220.309231,107,7659.754948
998.70438,262,7677.960266
446.568269,140,7684.106102
-3.51859,10,7684.1401
603.813851,165,7696.367679
1328.279669,353,7720.674023
1378.083476,385,7744.939395
1114.768621,299,7763.252326
1126.639343,324,7781.517287
401.019246,118,7787.721339
424.100641,128,7793.952541
1613.638517,414,7818.550149
294.423051,98,7824.66412
366.211236,117,7836.701975
626.519027,180,7845.607353
272.18558,125,7857.360931
1710.73092,444,7881.832074
1078.211707,280,7900.323914
521.122687,152,7906.510908
743.29443,191,7918.74433
387.555352,111,7924.913859
598.974183,168,7937.271355
443.026634,130,7943.458812
395.630573,112,7949.615185
335.855275,108,7961.61154
1448.605238,380,7979.962517
804.401134,212,7992.211347
280.945544,99,7998.329285
557.652891,147,8010.478426
1286.845125,339,8028.716053
776.0438,212,8040.994951
2177.622684,555,8077.925624
1649.931434,418,8102.68094
3120.007392,757,8151.386836
1241.02862,310,8170.03011
839.391931,229,8182.323007
1417.537864,355,8206.742134
1723.352059,422,8231.541473
1504.941028,379,8256.682864
757.703255,205,8269.049865
1583.281807,404,8293.647064
494.328256,155,8299.882936
1233.232519,310,8318.192457
1012.269925,271,8336.529103
25.723908,28,8336.602237
1470.199208,348,8360.967264
1329.399794,338,8379.434083
1261.060295,309,8397.782382
1841.222638,469,8428.65555
1010.47423,251,8447.284998
1030.425459,277,8463.684092
943.626014,242,8481.939096
870.149585,225,8494.008817
1251.782648,303,8512.081822
1014.415052,256,8530.299562
992.435516,248,8542.540204
581.71774,159,8554.922182
739.543138,196,8567.176964
1232.827521,306,8585.51691
355.710083,107,8591.656587
1286.947689,320,8609.972768
2000.088994,494,8640.962871
1008.066244,252,8653.38321
704.087641,188,8665.76179
774.942877,204,8678.025995
800.678596,208,8690.261408
820.905986,221,8708.469446
775.137414,207,8720.867808
551.098673,151,8727.066014
755.836915,197,8739.231625
1453.003049,380,8763.536709
826.071546,215,8775.772997
803.489279,210,8788.004984
1446.559437,361,8812.328437
26.490051,28,8812.421008
21.417121,27,8812.457683
869.411887,225,8830.679786
21.887658,26,8830.741736
873.337504,234,8842.936661
731.970637,211,8855.172287
1304.80178,338,8879.490296
1728.379947,434,8904.226404
1244.524702,310,8922.789605
589.544853,161,8935.111902
502.565332,144,8941.368614
980.821219,251,8959.682792
360.420898,108,8965.836991
898.393573,227,8978.14598
800.620324,218,8990.368969
406.606829,121,8996.536809
437.020661,123,9008.665158
352.885799,102,9014.81484
874.41672,234,9027.055194
524.047953,144,9033.295671
449.113071,128,9045.356378
420.871702,136,9051.522149
470.217015,132,9057.667328
811.426513,199,9071.795346
419.176309,124,9084.016112
450.77366,124,9090.243465
755.450047,201,9102.57475
368.311068,105,9108.827965
-5.085732,12,9108.872656
502.043638,144,9121.047113
365.954088,114,9126.695561
1468.545501,353,9144.319245
453.320621,126,9150.594488
582.023278,156,9162.878076
13.747223,24,9162.94783
9.678018,23,9162.993459
6.502783,21,9169.007169
1064.155568,273,9181.343999
905.746833,247,9199.71982
426.834746,124,9205.940375
677.516527,181,9218.234426
1509.335247,364,9242.823223
-5.333071,11,9242.9123
652.506378,187,9255.254359
504.842292,144,9261.545151
792.501401,207,9273.993814
637.121629,189,9286.352829
329.077278,98,9292.473804
656.304664,184,9304.796971
672.002317,180,9317.160307
918.775008,234,9329.551055
1372.026842,334,9348.231022
1993.993192,493,9379.103283
798.982322,202,9391.505185
4.764129,20,9391.576186
836.119146,215,9410.004795
840.99642,207,9422.439471
455.521119,127,9428.707394
279.90984,93,9434.90954
918.687029,233,9447.410779
621.628415,162,9459.733697
526.368202,135,9466.005963
321.796368,96,9472.194976
1141.138158,287,9490.765351
12.383618,26,9490.836933
1468.97648,366,9515.523826
1464.675275,385,9540.277035
1314.220165,319,9558.880901
1087.421733,274,9577.556023
453.12368,131,9583.822424
11.624419,23,9583.867702
12.578661,24,9583.898442
1080.0546,271,9602.462618
899.109546,231,9614.879909
962.699605,258,9633.359457
477.987778,145,9639.590942
619.352639,173,9651.884937
-5.797666,10,9651.922413
-5.181456,11,9651.936867
1442.160883,390,9676.56262
754.138639,191,9692.775313
3314.363691,787,9742.152946
1161.485238,286,9760.268304
1119.397937,300,9778.576595
393.923806,113,9784.743583
1333.82235,349,9809.044429
797.754942,209,9821.240264
452.02859,131,9827.385994
1399.558645,344,9845.793435
1260.069708,319,9870.074699
412.404922,114,9876.241433
1378.406445,363,9894.736094
1055.52626,300,9913.216363
1698.924237,420,9943.655113
856.435295,222,9955.892848
1299.439646,318,9974.366086
2566.379552,638,10011.025175
1036.480843,256,10029.291104
1040.198819,259,10048.6947
846.265554,220,10062.093985
1190.176598,307,10084.263165
1694.483383,410,10113.097752
1020.593295,270,10134.763103
666.559777,177,10142.128071
606.221565,162,10156.486412
785.177963,210,10170.946893
551.314288,151,10185.320125
451.973196,136,10192.584509
1291.744728,327,10214.13233
573.787384,158,10228.624798
1114.073092,273,10250.158596
723.4429,182,10257.672822
909.910457,238,10279.311732
-3.659077,11,10279.387172
-4.94205,10,10279.413871
-4.404844,10,10279.439373
447.837353,131,10286.829796
2132.890553,516,10330.441689
1336.638178,324,10357.363223
1470.134432,368,10379.047395
318.516779,93,10386.194093
387.336178,113,10393.47827
313.666124,101,10400.607361
2984.579702,739,10457.618684
1566.768836,400,10486.598386
1962.466613,459,10515.938745
992.974811,251,10537.490945
686.346146,177,10551.680406
2271.430925,559,10587.627053
2531.806256,602,10630.665037
344.96089,102,10637.929657
512.045576,141,10652.42373
1125.603514,276,10674.722651
371.691196,108,10682.241517
2461.164871,588,10726.983759
873.585324,240,10741.323825
1196.054348,288,10763.132092
334.10022,95,10770.345828
1259.607545,309,10792.006415
521.349975,155,10799.233411
493.707182,141,10813.546419
686.059352,191,10827.887743
1352.694502,341,10849.369905
271.174439,83,10856.503821
313.071082,90,10863.839755
770.907512,208,10878.372793
1555.595198,366,10907.625173
614.853788,158,10915.292054
