eval_qs_difference,eval_eplenmean,eval_ep_rewmean,total timesteps,eval mean 100 episode reward,eval_abs_qs_difference,eval_qs,eval_discount_q,eval_time_elapsed,time_elapsed,qs_mean,discount_q,fps,qs_abs_difference,mean 100 episode reward,episodes,n_updates,env_time,qs_difference,current_lr,update_time,train_time,eplenmean,act_time,ep_rewmean,qfs_loss,q_grad_norm
-1.1685492693394517,23.545454545454547,3.8380606363636365,1,3.8,2.4192817,-0.7634764,3.8341776903913556,0,,,,,,,,,,,,,,,,,,
,,,137,,,,,,1,0.09867182,0.47510287187364375,107,0.4866990573522539,3.7,4,0,0,-0.005429487306461811,0.0003,0,0,34.25,0,3.70864775,,
,,,211,,,,,,1,0.18999091,-0.10500646065259367,151,1.7089491652261297,0.7,8,0,0,1.6968108844322773,0.0003,0,0,26.375,0,0.7094126249999999,,
,,,299,,,,,,1,0.10474811,-0.004001411843444966,200,1.21125136427847,2.5,12,0,0,1.1326134831276948,0.0003,0,0,24.916666666666668,0,2.4719644166666663,,
,,,372,,,,,,1,0.09339724,-1.0707897518786609,233,2.8746642019302464,2.1,16,0,0,2.8746642019302464,0.0003,0,0,23.25,0,2.0808871874999997,,
,,,508,,,,,,1,0.15881784,-1.0042761396006492,278,3.9853949213803315,2.4,20,0,0,3.97576149973628,0.0003,0,0,25.4,0,2.43985555,,
,,,620,,,,,,1,0.14846058,-1.1240651111854008,311,3.3530453891465295,2.0,24,0,0,3.3530453891465295,0.0003,0,0,25.833333333333332,0,2.0021360416666663,,
,,,709,,,,,,2,0.11432758,1.9734619661360724,320,1.6517637088496184,2.0,28,0,0,0.667450481680887,0.0003,0,0,25.321428571428573,0,2.0080884642857137,,
,,,781,,,,,,2,0.05048,1.088452996920873,336,2.2897706814983176,1.7,32,0,0,2.0594605899280056,0.0003,0,0,24.40625,0,1.7296106875,,
,,,862,,,,,,2,0.03021081,-0.582923057822449,340,5.06614308558815,1.4,36,0,1,5.06614308558815,0.0003,0,0,23.944444444444443,0,1.4377287777777776,,
,,,929,,,,,,2,0.20426011,-2.037956975462308,340,1.7154688719804454,1.5,40,0,1,1.6672682605469542,0.0003,0,0,23.225,0,1.5199543249999998,,
,,,1002,,,,,,2,0.035382904,4.656236671856986,337,2.592713540398992,1.6,44,0,1,-1.546052091099766,0.0003,0,0,22.772727272727273,0,1.5966850227272724,,
,,,1097,,,,,,3,0.13536203,2.038608033266775,348,1.603913869183032,1.6,48,0,1,-1.603913869183032,0.0003,0,0,22.854166666666668,0,1.5915315416666662,,
,,,1151,,,,,,3,0.31660634,-0.5179877016061987,338,1.1231171209063915,1.3,52,0,1,1.0546952601322224,0.0003,0,0,22.134615384615383,0,1.346836057692307,,
,,,1238,,,,,,3,-0.0099211745,-0.5842930759384956,333,2.3460099298607413,1.4,56,0,1,2.339749695690407,0.0003,1,0,22.107142857142858,0,1.4224475535714283,,
,,,1301,,,,,,3,0.08271508,-1.348235925571268,331,2.3539221897060387,1.4,60,0,1,2.3226478882877912,0.0003,1,0,21.683333333333334,0,1.4201638833333332,,
,,,1372,,,,,,3,0.085617684,1.3116262432708128,343,2.8960375872730886,1.4,64,0,1,2.216385554053873,0.0003,1,0,21.4375,0,1.3751944687499997,,
,,,1437,,,,,,4,0.19294578,-1.249226938423052,344,2.7413034593603793,1.3,68,0,1,2.7413034593603793,0.0003,1,0,21.13235294117647,0,1.331565294117647,,
,,,1540,,,,,,4,0.06028957,-0.556086022434539,350,2.2593005030461395,1.4,72,0,1,2.2593005030461395,0.0003,1,0,21.38888888888889,0,1.410474236111111,,
,,,1612,,,,,,4,0.08824894,7.623679200758965,348,4.169057143799382,1.3,76,0,1,-4.166768736270858,0.0003,1,0,21.210526315789473,0,1.320776381578947,,
,,,1670,,,,,,4,0.097073935,-2.240225229296017,354,4.469180110619866,1.2,80,0,1,4.469180110619866,0.0003,1,0,20.875,0,1.1682779625,,
,,,1767,,,,,,5,-0.0026947374,-0.15974266826324676,352,2.374082154552033,1.3,84,0,1,2.344930842150008,0.0003,1,0,21.035714285714285,0,1.304916476190476,,
,,,1850,,,,,,5,0.07488302,5.318655101137244,350,6.760371924080716,1.3,88,0,2,-6.760371924080716,0.0003,1,0,21.022727272727273,0,1.3000742045454543,,
,,,1934,,,,,,5,0.22416168,-2.4181239733951396,349,5.011988446310541,1.2,92,0,2,5.011988446310541,0.0003,2,0,21.02173913043478,0,1.1714902499999997,,
,,,2005,,,,,,5,0.19096063,-4.183219106561092,346,7.721176217437194,1.1,96,0,2,7.721176217437194,0.0003,2,0,20.885416666666668,0,1.0866523854166665,,
,,,2056,,,,,,5,0.042251654,0.15401639693337532,352,2.2308313680570735,1.0,100,0,2,2.200654967903275,0.0003,2,0,20.56,0,1.00170068,,
,,,2133,,,,,,6,0.08678166,0.6831524090884344,350,2.009047247194369,0.9,104,0,2,1.7940941360720244,0.0003,2,0,19.96,0,0.90454476,,
,,,2202,,,,,,6,0.004283858,2.427234811132242,346,1.010323637153202,1.0,108,0,2,-0.23453618537867346,0.0003,2,0,19.91,0,1.0118844900000001,,
,,,2311,,,,,,6,0.08872108,0.14030895074218042,346,0.38624147484891364,1.3,112,0,2,-0.14126510973731954,0.0003,2,0,20.12,0,1.3230299100000003,,
,,,2371,,,,,,6,0.1044074,-1.1220048892037988,351,2.4474509794212422,1.2,116,0,2,2.4474509794212422,0.0003,2,0,19.99,0,1.1627754499999998,,
,,,2428,,,,,,7,0.18112545,-2.407544445327487,346,3.4491219284154284,0.9,120,0,2,3.4349956005072473,0.0003,3,0,19.2,0,0.89304402,,
,,,2494,,,,,,7,0.18876204,-4.496380649985497,350,5.957090716803524,0.9,124,0,2,5.957090716803524,0.0003,3,0,18.74,0,0.8610834500000002,,
,,,2564,,,,,,7,0.11311707,-0.8950423652140367,341,4.497192812607588,0.8,128,0,2,4.497192812607588,0.0003,3,0,18.55,0,0.8276092900000002,,
,,,2650,,,,,,8,0.1731931,0.5309545792037963,329,0.7059690402761423,1.0,132,0,2,0.3164919946383854,0.0003,3,0,18.69,0,1.02271897,,
,,,2737,,,,,,8,0.07385871,0.31689438387385865,323,0.6376707337395223,1.0,136,0,2,0.3452199491818474,0.0003,3,0,18.75,0,0.99517354,,
,,,2817,,,,,,8,-0.07579547,4.960971647144926,315,2.7467277854254495,1.1,140,0,3,-0.7907360970653672,0.0003,4,0,18.88,0,1.08437688,,
,,,2894,,,,,,9,0.011528015,-0.506497794382658,318,1.3689230961171968,0.9,144,0,3,1.0298340783001805,0.0003,4,0,18.92,0,0.9142731199999998,,
,,,2978,,,,,,9,0.17315985,0.815110803939981,312,0.5797345418646648,0.9,148,0,3,-0.5467580901124688,0.0003,4,0,18.81,0,0.85748281,,
,,,3025,,,,,,9,0.24574828,-1.7744500336935582,308,3.1505084708939513,0.9,152,0,3,3.1505084708939513,0.0003,4,0,18.74,0,0.8709970400000002,,
,,,3098,,,,,,9,0.10499874,0.2730537342475483,312,1.7906632345848976,0.9,156,0,3,1.7071741600005272,0.0003,4,0,18.6,0,0.8664363500000001,,
,,,3166,,,,,,10,-0.02075809,0.01671421194687217,308,0.9699047968657898,0.7,160,0,3,0.8815143920140865,0.0003,5,0,18.65,0,0.71872966,,
,,,3236,,,,,,10,-0.0347876,2.950597579745126,305,1.2849389752731286,0.7,164,0,3,-1.2618692567781515,0.0003,5,0,18.64,0,0.7413481300000002,,
,,,3314,,,,,,10,0.1437433,0.3467285095691369,303,0.5861518619152113,0.8,168,0,3,-0.23480812135711351,0.0003,5,0,18.77,0,0.77536467,,
,,,3402,,,,,,11,0.028399896,5.005936117553132,300,3.697293980290801,0.8,172,0,3,-1.11985845918909,0.0003,5,0,18.62,0,0.7925025699999999,,
,,,3463,,,,,,11,0.24341182,-0.7016256549248081,304,1.494845547244846,0.8,176,0,3,1.494845547244846,0.0003,5,0,18.51,0,0.7882766199999999,,
,,,3518,,,,,,11,0.06869403,0.38548851170780435,299,3.312133444349189,0.8,180,0,3,3.2500047056117576,0.0003,6,0,18.48,0,0.8490370499999998,,
,,,3602,,,,,,12,0.14344662,-1.5933675168536294,296,4.527350155300543,0.7,184,0,3,4.527350155300543,0.0003,6,0,18.35,0,0.7225516699999999,,
,,,3664,,,,,,12,0.22821203,1.1334936406166476,299,1.8580269490740433,0.7,188,0,3,1.430034508726339,0.0003,6,0,18.14,0,0.68472431,,
,,,3732,,,,,,12,-0.01230716,-0.6082312780411085,293,2.6428020255993854,0.7,192,0,3,2.6257125579138205,0.0003,6,0,17.98,0,0.67429456,,
,,,3797,,,,,,12,0.17662938,0.27866299189002547,297,0.49740397548745086,0.7,196,0,3,0.07648750003870672,0.0003,6,0,17.92,0,0.6708916700000002,,
,,,3856,,,,,,13,0.1812715,0.8890353385050191,293,2.1427584355402107,0.7,200,0,3,1.985379351251969,0.0003,7,0,18.0,0,0.7460544200000002,,
,,,3939,,,,,,13,-0.032187693,1.912576098809235,288,1.7897228212231118,0.7,204,0,4,-0.7313758464747089,0.0003,7,0,18.06,0,0.6798398900000002,,
,,,4035,,,,,,14,-0.015774433,-1.071492029958317,282,3.558035618889373,0.7,208,0,4,3.537669980844115,0.0003,8,0,18.33,0,0.7325740199999999,,
,,,4109,,,,,,14,0.04152047,0.4370226925286392,275,2.5393605078151897,0.2,212,0,4,2.408357179172651,0.0003,8,0,17.98,0,0.17614417999999987,,
,,,4178,,,,,,15,0.16910586,1.9563165701176168,277,1.2720872114044421,0.3,216,0,4,0.06142027849264319,0.0003,8,0,18.07,0,0.27408187999999983,,
,,,4290,,,,,,15,0.046751294,1.4901426234653221,276,1.2910401330591401,0.5,220,0,4,-0.20405504243354067,0.0003,8,0,18.62,0,0.5311629099999999,,
,,,4367,,,,,,15,0.008734494,-0.8461725927127868,273,1.9165507305694953,0.5,224,0,4,1.9165507305694953,0.0003,9,0,18.73,0,0.49290602,,
,,,4431,,,,,,16,0.06986235,2.1182613469818072,269,1.0469756159613954,0.4,228,0,4,-0.8059324599981385,0.0003,9,0,18.67,0,0.40125642,,
,,,4539,,,,,,16,0.034326598,0.7667532339366042,268,1.1084922815956817,0.3,232,0,4,0.9086563738054964,0.0003,10,0,18.89,0,0.2863472199999999,,
,,,4607,,,,,,17,0.35963717,-0.16944643253949393,265,0.7560277549389064,0.4,236,0,4,0.43695449578525547,0.0003,10,0,18.7,0,0.42329223,,
,,,4666,,,,,,17,0.050367817,0.34573637095206866,267,2.306451395067688,0.2,240,0,4,2.16301615874574,0.0003,10,0,18.49,0,0.20923638,,
,,,4755,,,,,,17,0.021808151,4.934855222342709,264,2.6214861714581583,0.4,244,0,4,-2.611216012808202,0.0003,10,0,18.61,0,0.39912089000000006,,
,,,4831,,,,,,18,0.05101947,-1.3163686389384075,261,2.9694914382317243,0.5,248,0,4,2.9694914382317243,0.0003,11,0,18.53,0,0.45527402,,
,,,4931,,,,,,18,0.016014276,0.4176129242262829,259,2.498553861092195,0.7,252,0,4,2.3495443571405645,0.0003,11,0,19.06,0,0.6844985100000001,,
,,,5019,,,,,,19,-0.033810545,-2.002954890817483,255,5.482740754233682,0.5,256,0,5,5.482740754233682,0.0003,12,0,19.21,0,0.47069421000000006,,
,,,5123,,,,,,20,0.16299239,5.65478919550974,250,4.1271482935103245,0.8,260,0,5,-4.1271482935103245,0.0003,12,0,19.57,0,0.7885022299999999,,
,,,5197,,,,,,20,0.13770969,3.6201510883872787,252,3.8416266305323434,1.0,264,0,5,-3.8416266305323434,0.0003,12,0,19.61,0,0.9772160099999999,,
,,,5295,,,,,,21,0.09322749,-1.0933220066547868,249,1.8918859921717859,1.1,268,0,5,1.8918859921717859,0.0003,13,0,19.81,0,1.1493681199999999,,
,,,5386,,,,,,21,0.076772735,2.4623678646215,247,1.5557264010797072,1.1,272,0,5,-0.9389128485098759,0.0003,13,0,19.84,0,1.1330180399999998,,
,,,5485,,,,,,22,0.23780136,-1.2391737820583004,245,3.352132157989886,1.2,276,0,5,3.352132157989886,0.0003,14,0,20.22,0,1.17504859,,
,,,5550,,,,,,22,0.20981272,-0.6730659891419813,243,2.333949520151878,1.2,280,0,5,2.333949520151878,0.0003,14,0,20.32,0,1.22066068,,
,,,5625,,,,,,23,0.16077745,-4.64873417093479,240,5.452447258863259,1.0,284,0,5,5.452447258863259,0.0003,15,0,20.23,0,1.02804882,,
,,,5695,,,,,,23,0.048107035,-0.013157967673171025,242,2.0360158618311996,1.1,288,0,5,2.030973608974876,0.0003,15,0,20.31,0,1.1275020599999999,,
,,,5753,,,,,,23,0.12476535,-1.408116151194664,239,3.0284752137990614,1.1,292,0,5,3.0284752137990614,0.0003,15,0,20.21,0,1.1214969399999999,,
,,,5868,,,,,,24,0.09675262,3.8231406128531322,238,3.5602438026734173,1.4,296,0,5,-3.5602438026734173,0.0003,16,0,20.71,0,1.41218191,,
,,,5939,,,,,,25,0.19331461,-3.5377188171138543,233,5.340131467912933,1.3,300,0,5,5.340131467912933,0.0003,16,0,20.83,0,1.34454938,,
,,,6027,,,,,,26,0.24218307,-0.2715807700349991,229,1.8114120690040434,1.5,304,0,6,1.8114120690040434,0.0003,17,0,20.88,0,1.49603766,,
,,,6118,,,,,,26,0.1340875,4.18809624733547,228,2.9031363568783757,1.6,308,0,6,-2.6290085863738133,0.0003,17,0,20.83,0,1.55791955,,
,,,6187,,,,,,26,0.1680246,-1.391574066713919,230,3.586897763047356,1.4,312,0,6,3.586897763047356,0.0003,17,0,20.78,0,1.4360895200000001,,
,,,6271,,,,,,27,0.118084595,1.2389317635728165,228,2.0970655314710274,1.6,316,0,6,1.5752645777513816,0.0003,18,0,20.93,0,1.6067209,,
,,,6363,,,,,,28,0.090203054,-0.5922684631305585,226,2.197822778307953,1.8,320,0,6,2.197822778307953,0.0003,18,0,20.73,0,1.8007474499999998,,
,,,6431,,,,,,28,0.13235177,2.6734301813079098,224,1.005066370294344,1.9,324,0,6,-0.8414857252461986,0.0003,19,0,20.64,0,1.8599629899999999,,
,,,6517,,,,,,29,0.12375205,-0.07571187770366927,222,2.6419307939115617,2.0,328,0,6,2.6419307939115617,0.0003,19,0,20.86,0,1.9602540499999999,,
,,,6584,,,,,,29,0.16390064,-3.247364598100325,224,4.623748976296043,1.8,332,0,6,4.623748976296043,0.0003,19,0,20.45,0,1.78118486,,
,,,6652,,,,,,30,-0.005911159,0.942271810701426,221,2.1132347656321473,1.7,336,0,6,1.7381161139428865,0.0003,20,0,20.45,0,1.6532180099999996,,
,,,6740,,,,,,30,0.034146793,2.0526830680980113,217,1.3019136416993224,1.7,340,0,6,-0.3194275278994458,0.0003,21,0,20.74,0,1.7143727000000002,,
,,,6833,,,,,,31,0.12114768,3.3789888982565537,214,1.9993629166411722,1.9,344,0,6,-1.4123775993215206,0.0003,22,0,20.78,0,1.8574579199999999,,
,,,6921,,,,,,32,0.16855527,1.597609570337948,213,1.438705580313507,1.9,348,0,6,0.0010500113718702503,0.0003,22,0,20.9,0,1.87965723,,
,,,7007,,,,,,33,0.052431595,4.556398255923344,211,4.190377040756735,1.8,352,0,6,-4.170184471025264,0.0003,23,0,20.76,0,1.8264871399999998,,
,,,7083,,,,,,33,0.13192235,6.127715882230024,212,3.951428599957805,2.1,356,0,6,-3.888682954395679,0.0003,23,0,20.64,0,2.14131789,,
,,,7181,,,,,,33,0.09986704,3.0211916604338094,211,1.8584825800463847,2.0,360,0,7,-1.023559210978346,0.0003,23,0,20.58,0,2.04261432,,
,,,7255,,,,,,34,0.19044565,-2.2716239763393293,209,4.666578606351995,1.7,364,0,7,4.666578606351995,0.0003,24,0,20.58,0,1.73738561,,
,,,7375,,,,,,35,0.034954507,0.37342455220648185,209,1.0790252803840683,1.8,368,0,7,0.9877025756789695,0.0003,24,0,20.8,0,1.8161623199999999,,
,,,7436,,,,,,36,0.15801458,2.0696190294735275,206,1.1895155811710723,1.8,372,0,7,-0.8466521502097007,0.0003,25,0,20.5,0,1.8211874999999997,,
,,,7491,,,,,,36,0.02910164,0.2929951208050406,207,0.7324402930804718,1.8,376,0,7,0.5383498810266618,0.0003,25,0,20.06,0,1.7615121100000004,,
,,,7578,,,,,,37,0.10617572,-0.4806709823427024,203,2.4102651616594155,1.8,380,0,7,2.4102651616594155,0.0003,26,0,20.28,0,1.7509633699999998,,
,,,7679,,,,,,38,0.0147849955,0.8709836586207905,201,2.0466349859878328,2.1,384,0,7,1.7733077543583253,0.0003,27,0,20.54,0,2.0797152,,
,,,7810,,,,,,39,0.22400412,-2.3687267662670286,197,5.3940281074595795,2.4,388,0,7,5.3940281074595795,0.0003,28,0,21.15,0,2.3826427500000005,,
,,,7887,,,,,,39,0.1215306,-1.7103144009122326,199,3.21723699161981,2.6,392,0,7,3.21723699161981,0.0003,28,0,21.34,0,2.61940936,,
,,,7953,,,,,,40,0.2571442,3.598777979783866,197,2.7795168174777465,2.5,396,0,7,-2.7795168174777465,0.0003,29,0,20.85,0,2.4995869099999997,,
,,,8018,,,,,,40,0.07137361,0.6271268254008648,195,0.5738176515127658,2.6,400,0,7,0.2509535522761402,0.0003,29,0,20.79,0,2.64516712,,
,,,8075,,,,,,41,0.12159999,-6.356791928688738,196,6.981039324988603,2.4,404,0,7,6.981039324988603,0.0003,29,0,20.48,0,2.43406032,,
,,,8133,,,,,,42,0.15245575,1.7642058522565278,193,0.8855327952711523,2.3,408,0,7,0.24599681271292492,0.0003,30,0,20.15,0,2.2831496700000002,,
,,,8211,,,,,,42,0.13148259,4.789605045079061,191,2.395438118469719,2.6,412,0,8,0.26944548237766447,0.0003,31,0,20.24,0,2.60944326,,
,,,8284,,,,,,43,0.078232445,1.7917639882879817,192,1.2313670116630286,2.5,416,0,8,0.5969996830123163,0.0003,31,0,20.13,0,2.4655446,,
,,,8380,,,,,,43,0.1263083,-1.6875657093771759,191,2.2390696407793373,2.1,420,0,8,1.884260584613164,0.0003,32,0,20.17,0,2.11137002,,
,,,8497,,,,,,44,0.18739352,1.3770126837252195,190,3.5696375071283017,2.3,424,0,8,1.643589336801517,0.0003,32,0,20.66,0,2.26365031,,
,,,8592,,,,,,45,0.040512554,-2.7520348892621325,189,5.984022303903583,2.4,428,0,8,5.984022303903583,0.0003,33,0,20.75,0,2.38043793,,
,,,8683,,,,,,46,0.047066335,2.2317980363722807,187,1.2827135708808197,2.5,432,0,8,-0.4958962861751602,0.0003,34,0,20.99,0,2.48132647,,
,,,8790,,,,,,47,-0.0034745536,9.577682177504192,185,4.398307422897985,2.6,436,0,8,-3.745134362395588,0.0003,35,0,21.38,0,2.61254191,,
,,,8844,,,,,,48,0.018786097,0.15136211428020363,183,2.325284733978551,2.5,440,0,8,2.2690019174807987,0.0003,36,0,21.04,0,2.53370893,,
,,,8915,,,,,,49,0.14968191,-0.6245716745829424,180,3.2263624078905835,2.4,444,0,8,3.2263624078905835,0.0003,37,0,20.82,0,2.41541833,,
,,,8972,,,,,,49,0.18028942,1.245196272448492,181,2.1341382173851953,2.4,448,0,8,1.8243001139589665,0.0003,37,0,20.51,0,2.3895643900000003,,
,,,9055,,,,,,50,0.034417402,-0.3834183453255099,180,2.955236577102516,2.4,452,0,8,2.955236577102516,0.0003,37,0,20.48,0,2.43594084,,
,,,9143,,,,,,51,-0.07971584,1.8370098992886337,178,1.5399995638536612,2.3,456,0,8,-1.377854720624469,0.0003,38,0,20.6,0,2.28153688,,
,,,9211,,,,,,52,0.21173173,0.9432850108030634,176,1.0401808680153637,2.2,460,0,8,0.629550317179255,0.0003,39,0,20.3,0,2.1763192900000004,,
,,,9271,,,,,,52,0.24059604,0.42813659165037565,177,1.5885623543556637,2.3,464,0,8,1.5441181072554289,0.0003,39,0,20.16,0,2.2671680899999997,,
,,,9366,,,,,,53,0.08408979,-2.4979948036761876,175,5.466232065874138,2.0,468,0,9,5.466232065874138,0.0003,40,0,19.91,0,1.95675766,,
,,,9457,,,,,,54,-0.033644352,-1.1047520844854206,174,3.049881164893636,2.0,472,0,9,3.049881164893636,0.0003,41,0,20.21,0,1.97032141,,
,,,9531,,,,,,55,0.1465675,4.858938717123835,172,2.7308651278879608,2.1,476,0,9,-2.5878783080307675,0.0003,42,0,20.4,0,2.09367008,,
,,,9575,,,,,,55,0.23165663,-1.9626403158497956,173,2.022693945290624,2.0,480,0,9,2.022693945290624,0.0003,42,0,19.97,0,2.01941423,,
,,,9653,,,,,,56,0.03410735,0.6834718959360891,171,3.9802759843466444,2.0,484,0,9,3.8784687499850885,0.0003,43,0,19.74,0,1.95756338,,
,,,9750,,,,,,57,0.0956126,0.5567224106189562,170,0.4036147876232254,1.7,488,0,9,0.061477648859846336,0.0003,43,0,19.4,0,1.69596775,,
,,,9845,,,,,,58,0.08466003,1.396964957170307,169,3.421759955967397,1.6,492,0,9,3.033819945692512,0.0003,44,0,19.58,0,1.57407677,,
,,,9901,,,,,,59,0.083503366,-0.6518302932705377,167,1.843358277021123,1.4,496,0,9,1.843358277021123,0.0003,45,0,19.48,0,1.38942814,,
,,,9995,,,,,,59,-0.0452541,1.1669093416225977,168,2.419078219152746,1.4,500,0,9,1.6705032753316953,0.0003,45,0,19.77,0,1.39515222,,
-1.148752539158187,24.272727272727273,3.9068607272727274,10001,3.8,2.9516013,-0.77510583,3.911064982401317,0,,,,,,,,,,,,,,,,,,
,,,10065,,,,,,60,0.10514795,-0.22627742274647386,166,1.6896050289429732,1.5,504,0,9,1.6896050289429732,0.0003,46,0,19.9,0,1.4560860299999998,,
,,,10128,,,,,,61,0.10217925,-0.16641874747191612,164,1.3241042997301304,1.5,508,0,9,1.3241042997301304,0.0003,47,0,19.95,0,1.5046511100000002,,
,,,10256,,,,,,62,0.045724615,1.704986127731974,164,1.902334354537835,1.5,512,0,9,0.10758060561670751,0.0003,48,0,20.45,0,1.4631170199999997,,
,,,10333,,,,,,63,0.25066864,-0.1329651272546578,163,1.2037072151042616,1.6,516,0,9,1.2037072151042616,0.0003,49,0,20.49,0,1.5813604500000003,,
,,,10417,,,,,,64,0.1794708,0.6804005821154543,161,0.9524665305293535,1.7,520,0,9,0.6291399898754741,0.0003,50,0,20.37,0,1.69766508,,
,,,10492,,,,,,64,0.19201522,-0.4522701047349287,162,1.6003187319002068,1.7,524,0,10,1.6003187319002068,0.0003,50,0,19.95,0,1.71430278,,
,,,10598,,,,,,65,0.21398874,3.8288743857024246,161,2.740206482593121,1.7,528,0,10,-2.740206482593121,0.0003,51,0,20.06,0,1.6564209500000002,,
,,,10665,,,,,,66,0.10221803,4.446195900835724,160,4.065900164312173,1.8,532,0,10,-4.065900164312173,0.0003,51,0,19.82,0,1.7742951200000001,,
,,,10752,,,,,,67,0.015847329,4.070494785259266,159,3.373590675113971,1.8,536,0,10,0.3424188830836908,0.0003,52,0,19.62,0,1.81003648,,
,,,10838,,,,,,68,0.048224647,6.136014762979315,158,5.127733126287384,2.0,540,0,10,-5.127733126287384,0.0003,53,0,19.94,0,1.9565920200000002,,
,,,10924,,,,,,69,0.1399224,-1.8267553993433976,156,6.563717796047208,1.7,544,0,10,6.563717796047208,0.0003,54,0,20.09,0,1.7413896800000002,,
,,,11003,,,,,,70,-0.016082538,-0.03816024501296315,155,0.9066585163643154,1.6,548,0,10,0.8965527515284527,0.0003,55,0,20.31,0,1.6049885700000004,,
,,,11089,,,,,,71,0.12285934,-0.6627695505808361,156,4.505977462606787,1.5,552,0,10,4.505977462606787,0.0003,55,0,20.34,0,1.50046528,,
,,,11185,,,,,,72,0.041186433,-3.6404426522167728,155,8.134986993495081,1.6,556,0,10,8.134986993495081,0.0003,56,0,20.42,0,1.58808255,,
,,,11275,,,,,,73,0.15857394,1.9035795203917252,154,1.648761783055958,1.7,560,0,10,0.12478951957470762,0.0003,57,0,20.64,0,1.6918185900000002,,
,,,11361,,,,,,74,0.09590472,0.10036755252105041,153,1.1529860624364545,1.8,564,0,10,1.1184221376686065,0.0003,58,0,20.9,0,1.7956145199999998,,
,,,11430,,,,,,75,0.17239337,-0.595675337850962,151,1.5329493062539934,1.8,568,0,10,1.5329493062539934,0.0003,59,0,20.64,0,1.8023541799999998,,
,,,11524,,,,,,76,0.069755785,-1.4124314175207888,150,4.6685694170013345,1.9,572,0,10,4.6685694170013345,0.0003,60,0,20.67,0,1.86404744,,
,,,11612,,,,,,77,0.001547633,-0.49588577687996327,149,2.618442054722776,1.8,576,0,11,2.5641686228822884,0.0003,61,0,20.81,0,1.8472077299999998,,
,,,11691,,,,,,77,0.12819597,1.4341003229311808,150,0.9484569749342631,1.9,580,0,11,-0.12577785683115417,0.0003,61,0,21.16,0,1.9296696,,
,,,11810,,,,,,79,0.13500586,8.67201385681656,148,9.697916786376645,2.1,584,0,11,-9.697916786376645,0.0003,63,0,21.57,0,2.0730418200000003,,
,,,11909,,,,,,81,0.22205116,1.9186187298729254,146,1.5220878950136922,2.0,588,0,11,-0.6451996339581703,0.0003,64,0,21.59,0,1.9873257600000003,,
,,,11975,,,,,,81,0.08305261,5.503685461338689,147,5.358570846937455,2.1,592,0,11,-5.358570846937455,0.0003,64,0,21.3,0,2.0679337799999997,,
,,,12056,,,,,,82,0.052690428,5.544950584114502,146,2.4988169472023896,2.3,596,0,11,-2.238439040066292,0.0003,65,0,21.55,0,2.26887498,,
,,,12127,,,,,,83,0.049350414,-1.9516422832008549,145,4.168224547088651,2.2,600,0,11,4.168224547088651,0.0003,66,0,21.32,0,2.16040337,,
,,,12212,,,,,,84,0.19915444,4.577783815350237,144,4.343169749880112,2.2,604,0,11,-4.343169749880112,0.0003,67,0,21.47,0,2.23162613,,
,,,12299,,,,,,84,0.051183086,2.3077421099261817,145,1.431501549085314,2.2,608,0,11,-0.861601408279481,0.0003,67,0,21.71,0,2.20660019,,
,,,12399,,,,,,85,0.039101966,-0.036517627981688845,144,0.7233183836952359,2.2,612,0,11,0.4494135281708432,0.0003,68,0,21.43,0,2.17891929,,
,,,12468,,,,,,87,0.19727315,-5.4227600740246755,142,6.936607278658586,1.9,616,0,11,6.936607278658586,0.0003,70,0,21.35,0,1.8845501000000002,,
,,,12547,,,,,,88,0.15827303,1.5944069152270373,141,1.287297605551554,1.8,620,0,11,0.6840583012530648,0.0003,71,0,21.3,0,1.80885849,,
,,,12598,,,,,,88,0.04151894,-0.8454168211057245,142,4.476994784537418,1.6,624,0,11,4.476994784537418,0.0003,71,0,21.06,0,1.5799200000000002,,
,,,12672,,,,,,89,0.02342221,-2.312570632790736,141,3.3248263282178168,1.5,628,0,11,3.288409041034572,0.0003,72,0,20.74,0,1.53623124,,
,,,12744,,,,,,90,0.025529556,0.40591363622417365,140,2.0917361761751314,1.4,632,0,12,2.003003318479563,0.0003,73,0,20.79,0,1.4372242800000001,,
,,,12837,,,,,,92,0.16015108,0.24632859001538646,139,1.1759871373545085,1.6,636,0,12,0.7224805634365177,0.0003,74,0,20.85,0,1.5560857899999996,,
,,,12950,,,,,,93,-0.0033274537,4.563199696250143,138,5.385097767901913,1.7,640,0,12,-5.385097767901913,0.0003,75,0,21.12,0,1.6773978100000002,,
,,,13031,,,,,,94,-0.050115682,-1.724900199400504,137,6.058920911030139,1.7,644,0,12,6.058920911030139,0.0003,77,0,21.07,0,1.70438026,,
,,,13138,,,,,,96,-0.010327539,7.543259007721664,136,6.594299209107884,2.0,648,0,12,-5.829588606137889,0.0003,78,0,21.35,1,2.03987124,,
,,,13237,,,,,,97,0.019712513,4.904942786870884,136,3.574302873973985,2.2,652,0,12,-1.9506817131566654,0.0003,79,0,21.48,1,2.2171397700000006,,
,,,13312,,,,,,98,0.043212757,0.6854160881031744,134,0.9491506912435339,2.0,656,0,12,-0.020677170816908997,0.0003,80,0,21.27,1,2.03355224,,
,,,13370,,,,,,98,0.0979666,0.621383693716964,135,1.3643065299793038,1.9,660,0,12,1.1116027006641735,0.0003,80,0,20.95,1,1.92376536,,
,,,13487,,,,,,99,0.029283512,4.4576968739550376,134,3.6960441824791515,2.1,664,0,12,-3.6960441824791515,0.0003,81,0,21.26,1,2.05968909,,
,,,13588,,,,,,101,0.17849325,2.733260639606174,134,2.201884397036714,2.2,668,0,12,0.5969056710488304,0.0003,82,0,21.58,1,2.23562177,,
,,,13674,,,,,,102,0.15857852,-0.2617792287499597,133,2.617065085346682,2.0,672,0,12,2.617065085346682,0.0003,83,0,21.5,1,2.0402918,,
,,,13750,,,,,,103,0.014070735,0.44350276047486703,132,0.36648380866493874,2.1,676,0,12,-0.1112375310495324,0.0003,85,0,21.38,1,2.06685347,,
,,,13838,,,,,,105,0.039242942,-0.12913539359937504,131,3.7177955261517366,2.1,680,0,13,3.7177955261517366,0.0003,86,0,21.47,1,2.1439236000000004,,
,,,13890,,,,,,105,0.13172753,-1.531725655699147,132,3.2908148406529194,1.9,684,0,13,3.2908148406529194,0.0003,86,0,20.8,1,1.9175967699999998,,
,,,13962,,,,,,106,0.15889679,-1.8903922103378012,131,4.487842153190888,1.8,688,0,13,4.487842153190888,0.0003,87,0,20.53,1,1.8168540500000003,,
,,,14063,,,,,,107,-0.025973717,-1.6397644323034684,130,5.635344400814658,1.8,692,0,13,5.635344400814658,0.0003,88,0,20.88,1,1.8120596599999998,,
,,,14133,,,,,,108,0.18497941,10.316362433005269,130,6.44659925159635,1.8,696,0,13,-6.431842132739511,0.0003,89,0,20.77,1,1.7519805099999999,,
,,,14217,,,,,,109,0.098365374,0.002712312632391925,129,0.6742951058431939,1.9,700,0,13,0.661516643786184,0.0003,90,0,20.9,1,1.8566899099999998,,
,,,14285,,,,,,109,0.08346005,0.44692558316956277,129,2.822592221983752,1.8,704,0,13,2.693306374746312,0.0003,90,0,20.73,1,1.83010738,,
,,,14384,,,,,,111,0.17890543,2.7200022999133555,129,2.4330757019812155,2.0,708,0,13,-0.21957111832841847,0.0003,91,0,20.85,1,2.01773491,,
,,,14460,,,,,,112,0.12099382,-0.7301135645941351,128,1.7181843669048986,1.8,712,0,13,1.6212173806839019,0.0003,93,0,20.61,1,1.8443677299999999,,
,,,14596,,,,,,114,0.110044494,5.5707160326117515,127,6.965780530453022,2.5,716,0,13,-6.965780530453022,0.0003,94,0,21.28,1,2.5134695799999998,,
,,,14674,,,,,,115,0.1765605,-0.8547360026045421,127,2.4050282079892944,2.6,720,0,13,2.4050282079892944,0.0003,95,0,21.27,1,2.5962431000000006,,
,,,14780,,,,,,116,0.05495927,2.760010150027664,126,2.155242716335545,2.8,724,0,13,0.1044754118919724,0.0003,97,0,21.82,1,2.80496108,,
,,,14897,,,,,,118,0.14715894,2.7234323994417964,125,2.7741943360006007,2.9,728,0,14,-2.7741943360006007,0.0003,98,0,22.25,1,2.903302830000001,,
,,,14977,,,,,,120,0.17364353,5.886167791268858,124,5.317980087201061,2.9,732,0,14,-5.317980087201061,0.0003,100,0,22.33,1,2.948614069999999,,
,,,15053,,,,,,121,0.17647475,-3.4652125770664752,123,4.189224536781017,2.7,736,0,14,4.189224536781017,0.0003,101,0,22.16,1,2.6922399200000005,,
,,,15161,,,,,,122,0.14364159,0.11536209220399624,123,1.1357926179162667,2.7,740,0,14,0.9401354989820176,0.0003,102,0,22.11,1,2.71414112,,
,,,15239,,,,,,124,0.009611298,-0.46350368285083654,122,2.165143385732189,2.8,744,0,14,2.165143385732189,0.0003,104,0,22.08,1,2.78413371,,
,,,15341,,,,,,125,0.20944312,3.904430869257607,121,3.4898950372862436,2.6,748,0,14,-1.9031924695814888,0.0003,105,0,22.03,1,2.59773627,,
,,,15416,,,,,,127,0.11639484,0.8617046459589253,121,0.7214570467413264,2.5,752,0,14,0.32385349938285474,0.0003,106,0,21.79,1,2.45645692,,
,,,15493,,,,,,127,0.21607102,0.3582785954138127,121,0.6498740138556389,2.5,756,0,14,0.5398847762111212,0.0003,106,0,21.81,1,2.4919658699999996,,
,,,15551,,,,,,128,0.1903532,-0.8357114609803544,120,1.5167971771734625,2.5,760,0,14,1.5167971771734625,0.0003,107,0,21.81,1,2.4567903399999995,,
,,,15627,,,,,,130,0.028303942,-1.6007550230627736,119,2.962404091798423,2.2,764,0,14,2.962404091798423,0.0003,109,0,21.4,1,2.1626441,,
,,,15706,,,,,,131,-0.0029720908,2.242910978406306,119,1.5419728769801353,2.0,768,0,14,-1.5254650058480232,0.0003,110,0,21.18,1,1.9678418900000003,,
,,,15833,,,,,,132,-0.026783003,6.396917830139738,119,6.9956947363056745,2.3,772,0,14,-2.0536898117276774,0.0003,111,0,21.59,1,2.3106630100000003,,
,,,15934,,,,,,134,0.044241868,8.661206789791121,118,5.0203265689755145,2.4,776,0,14,-3.3231636107584155,0.0003,113,0,21.84,1,2.4337860399999998,,
,,,16016,,,,,,136,0.05840974,5.103351505933567,117,4.443727016006553,2.5,780,0,14,-4.443727016006553,0.0003,114,0,21.78,1,2.45747509,,
,,,16092,,,,,,136,0.024802988,6.954106597464023,118,3.392674145996824,2.5,784,0,15,-1.2992659184077853,0.0003,114,0,22.02,1,2.49306328,,
,,,16158,,,,,,137,0.027416892,0.6837341851744688,117,1.3726206160401018,2.7,788,0,15,1.0714156714279277,0.0003,116,0,21.96,1,2.684417009999999,,
,,,16214,,,,,,138,0.12843873,-0.8923949573686565,116,2.388713544443007,2.6,792,0,15,2.3545112015596046,0.0003,117,0,21.51,1,2.5965011000000002,,
,,,16305,,,,,,140,0.059569027,3.4341208124842386,116,4.039269183858761,2.7,796,0,15,-4.028180108434939,0.0003,118,0,21.72,1,2.7279522,,
,,,16385,,,,,,140,0.17910488,2.1733568410910054,116,1.5537326132413594,2.7,800,0,15,-1.2783882422762551,0.0003,118,0,21.68,1,2.6545467699999996,,
,,,16490,,,,,,142,0.07641128,2.4226192299151066,116,2.8126985172490775,2.7,804,0,15,-2.2230220150767432,0.0003,120,0,22.05,1,2.7169622399999995,,
,,,16561,,,,,,143,0.005672495,10.552807280370489,115,6.304690488052575,2.7,808,0,15,-5.972902879401529,0.0003,121,0,21.77,1,2.69415415,,
,,,16644,,,,,,144,0.06543699,0.11773321855269878,114,4.781344296648497,2.5,812,0,15,4.775422253434262,0.0003,122,0,21.84,1,2.5125564699999994,,
,,,16721,,,,,,146,0.1739963,-2.003329295996969,113,2.9490873448687758,2.0,816,0,15,2.9490873448687758,0.0003,124,0,21.25,1,1.96489016,,
,,,16790,,,,,,146,0.13075131,2.1010180962771057,114,1.3966405738004213,1.9,820,0,15,-1.2400162816867686,0.0003,124,0,21.16,1,1.8586295000000004,,
,,,16904,,,,,,149,-0.040417142,4.041546486374125,113,2.312660755485239,2.1,824,0,15,-1.7089202504826646,0.0003,127,0,21.24,1,2.1058551100000003,,
,,,16985,,,,,,149,-0.036240555,13.251037123538058,113,6.8193993979147445,2.1,828,0,15,-6.022246912611505,0.0003,127,0,20.88,1,2.1427803400000003,,
,,,17068,,,,,,151,-0.0004379516,1.9110390506149584,112,1.6317355785943237,2.3,832,0,15,-1.6317355785943237,0.0003,128,0,20.91,1,2.3066681800000004,,
,,,17130,,,,,,152,0.34586605,1.286926180918062,112,0.4717855468672861,2.4,836,0,15,-0.2696857068361938,0.0003,130,0,20.77,1,2.44994122,,
,,,17210,,,,,,154,0.0948444,0.9659502827847596,111,2.826859551702839,2.3,840,0,16,2.6401894558840286,0.0003,131,0,20.49,1,2.31699768,,
,,,17280,,,,,,154,-0.016162055,1.7051662957691487,111,1.4259286622068827,2.2,844,0,16,0.32538622119601335,0.0003,131,0,20.41,1,2.23104729,,
,,,17354,,,,,,156,0.002218995,-2.0575271964654123,111,3.2434411349676355,2.2,848,0,16,3.2434411349676355,0.0003,133,0,20.13,1,2.17112381,,
,,,17419,,,,,,157,0.023702739,-2.7091053517371346,110,5.907770219610926,1.9,852,0,16,5.907770219610926,0.0003,134,0,20.03,1,1.9390913500000004,,
,,,17502,,,,,,159,0.19906443,10.09633887948503,109,9.72793250462772,2.2,856,0,16,-9.72793250462772,0.0003,136,0,20.09,1,2.23143939,,
,,,17563,,,,,,159,-0.057482857,-0.9556944079433634,110,2.3527000962101123,2.3,860,0,16,2.3176762297591695,0.0003,136,0,20.12,1,2.25466438,,
,,,17665,,,,,,160,0.113973506,1.0692758052536075,109,1.3248710817816522,2.4,864,0,16,-0.56741566753409,0.0003,137,0,20.38,1,2.44440635,,
,,,17764,,,,,,162,0.07388711,2.7781244193079417,109,2.278252723264835,2.6,868,0,16,0.44023618976731205,0.0003,139,0,20.58,1,2.58596789,,
,,,17856,,,,,,164,0.07005249,3.745501333988701,108,2.4639253873039104,2.3,872,0,16,-0.5233946406819023,0.0003,140,0,20.23,1,2.28023931,,
,,,17940,,,,,,165,0.11406893,1.6263648892981135,108,2.2727288203132563,2.4,876,0,16,1.3366502002818217,0.0003,142,0,20.06,1,2.3706110400000004,,
,,,18014,,,,,,167,0.079789735,-0.5548156739338753,107,1.8193659794706154,2.2,880,0,16,1.8193659794706154,0.0003,144,0,19.98,1,2.1924031500000005,,
,,,18106,,,,,,169,0.16417362,2.8888101547592466,106,2.174212936149776,2.3,884,0,16,-2.174212936149776,0.0003,145,0,20.14,1,2.25889586,,
,,,18203,,,,,,170,0.026576048,2.319525675058916,106,1.7473435197624299,2.2,888,0,16,-1.7436283876366618,0.0003,147,0,20.45,1,2.2365584800000002,,
,,,18297,,,,,,171,0.046450168,2.7760786137573006,106,2.3933230709352658,2.3,892,0,16,-1.970875943952764,0.0003,147,0,20.83,1,2.28230187,,
,,,18385,,,,,,172,0.11657253,-1.757173754642311,106,3.595757654228253,2.2,896,0,17,3.5451153053576636,0.0003,148,0,20.8,1,2.1585029000000002,,
,,,18450,,,,,,174,0.11907348,-0.42837212184880086,105,1.8805400127719074,2.2,900,0,17,1.8805400127719074,0.0003,150,0,20.65,1,2.15206053,,
,,,18524,,,,,,176,0.15439813,0.6848642770384702,104,1.1618114230445205,2.2,904,0,17,0.9797757245913786,0.0003,152,0,20.34,1,2.2105878,,
,,,18636,,,,,,178,0.041764047,-2.2205211454351503,104,4.985637187393083,2.3,908,0,17,4.985637187393083,0.0003,154,0,20.75,1,2.28530168,,
,,,18738,,,,,,180,0.026680911,2.122534423217167,103,2.5959503792253913,2.9,912,0,17,0.9515115764747757,0.0003,156,0,20.94,1,2.91712301,,
,,,18813,,,,,,182,0.102319166,-2.1415632862804355,103,3.25514703076157,2.9,916,0,17,3.25514703076157,0.0003,157,0,20.92,1,2.9305152699999995,,
,,,18886,,,,,,182,0.09092943,-2.6711098423567994,103,6.914533454865288,2.7,920,0,17,6.914533454865288,0.0003,157,0,20.96,1,2.7446645900000006,,
,,,18987,,,,,,184,0.068610094,6.4181955998212175,103,6.447962405531068,2.6,924,0,17,-6.352506638876473,0.0003,159,0,20.83,1,2.60681733,,
,,,19072,,,,,,186,0.22312048,-0.3408089838543833,102,2.0434923574461052,2.1,928,0,17,1.9259047642862681,0.0003,160,0,20.87,1,2.1419765699999993,,
,,,19160,,,,,,187,-0.05653591,2.1458283749583944,102,1.4884328044024593,2.0,932,0,17,0.009357546201056067,0.0003,162,0,20.92,1,2.01123319,,
,,,19259,,,,,,189,0.025860978,0.7483824023197687,101,2.098557071157168,2.0,936,0,17,1.8186796338262592,0.0003,164,0,21.29,1,2.0456662199999998,,
,,,19366,,,,,,191,-0.003089252,3.774461983701529,101,3.243512542085672,2.1,940,0,18,-2.1122159110827172,0.0003,166,0,21.56,1,2.1440791299999997,,
,,,19440,,,,,,193,0.079965815,0.9342780599368916,100,1.0387686245516892,2.4,944,0,18,0.47799765594686644,0.0003,167,0,21.6,1,2.3783960699999995,,
,,,19522,,,,,,194,0.13781822,1.5390670885267834,100,1.7790958267147483,2.4,948,0,18,1.1864069009952727,0.0003,169,0,21.68,1,2.38572484,,
,,,19578,,,,,,194,0.0857282,0.4443877013187678,100,0.9221428209753931,2.5,952,0,18,0.8290460520976496,0.0003,169,0,21.59,1,2.54647927,,
,,,19663,,,,,,197,-0.038262844,4.883556824268501,99,3.110555586193529,2.3,956,0,18,-0.9363031989392955,0.0003,171,0,21.61,1,2.29469059,,
,,,19730,,,,,,198,0.08206872,-1.4535480628313744,99,2.8068163549881953,2.3,960,0,18,2.8068163549881953,0.0003,173,0,21.67,1,2.2669397200000003,,
,,,19806,,,,,,200,0.14897822,1.318314184040522,98,1.1093654261553236,2.2,964,0,18,0.40290673257650705,0.0003,174,0,21.41,1,2.19847757,,
,,,19896,,,,,,200,0.12701878,-0.14378356532848074,99,1.0370893876289944,2.0,968,0,18,1.0370893876289944,0.0003,174,0,21.32,1,2.01042237,,
,,,19999,,,,,,202,0.03516769,-1.9312495111438324,98,5.7194949392730985,2.1,972,0,18,5.7194949392730985,0.0003,176,0,21.43,1,2.09107055,,
-1.0382935424246387,33.72727272727273,3.4506348181818183,20001,3.5,2.2932386,-0.9986103,3.425856126496328,0,,,,,,,,,,,,,,,,,,
,,,20090,,,,,,205,-0.061525125,2.4525501258510074,97,3.2511802766408398,2.0,976,0,18,2.272093243127485,0.0003,178,0,21.5,1,1.9710104500000003,,
,,,20161,,,,,,207,0.14207354,1.4885840538297503,97,0.7263401808117224,2.0,980,0,18,-0.6902884769313758,0.0003,180,0,21.47,1,2.00774475,,
,,,20273,,,,,,209,0.019841338,4.664564052957875,96,4.987364204231066,2.1,984,0,18,-4.010887258138227,0.0003,182,0,21.67,1,2.07641927,,
,,,20343,,,,,,210,-0.0152076185,-1.587040309831762,96,3.0310059183490337,1.9,988,0,18,3.0310059183490337,0.0003,183,0,21.4,1,1.86016748,,
,,,20423,,,,,,212,0.07780797,-1.1935696796860895,96,1.6615045001889377,1.8,992,0,18,1.6379986499896806,0.0003,185,0,21.26,1,1.80845502,,
,,,20509,,,,,,214,0.01981024,3.307079483809203,95,1.700025152916234,1.8,996,0,19,-1.2271687588908868,0.0003,187,0,21.24,1,1.82113048,,
,,,20589,,,,,,215,0.086151816,4.896257397017021,95,2.237716297533031,1.9,1000,0,19,-0.8958344496821573,0.0003,187,0,21.39,1,1.8526323699999998,,
,,,20652,,,,,,216,0.16072336,2.9677609885904075,95,1.5085115825382498,1.7,1004,0,19,0.04850476874275304,0.0003,189,0,21.28,1,1.6763184199999999,,
,,,20723,,,,,,218,0.08193279,-1.3871907583151895,94,4.309499864598658,1.4,1008,0,19,4.309499864598658,0.0003,191,0,20.87,1,1.4121165899999997,,
,,,20819,,,,,,220,0.13882613,5.546088051324123,94,4.977606019959839,1.3,1012,0,19,-4.977606019959839,0.0003,193,0,20.81,1,1.30206972,,
,,,20903,,,,,,222,0.044254087,3.0862305086433985,93,2.4238942489248863,1.2,1016,0,19,-0.426320685457734,0.0003,194,0,20.9,1,1.24865084,,
,,,20963,,,,,,222,0.0419929,-2.2062780257674333,94,3.1444289336459548,1.4,1020,0,19,3.1444289336459548,0.0003,194,0,20.77,1,1.41325134,,
,,,21046,,,,,,225,0.13279912,3.4386654271202532,93,3.491261328468402,1.4,1024,0,19,-3.491261328468402,0.0003,197,0,20.59,1,1.4429203900000003,,
,,,21112,,,,,,226,0.03470483,3.779906430030046,93,2.0481654355494765,1.7,1028,0,19,-1.6816879543810346,0.0003,198,0,20.4,1,1.7400529100000002,,
,,,21209,,,,,,228,0.13952217,-0.03785397238297912,92,1.840282613014495,1.6,1032,0,19,1.8048749553322723,0.0003,200,0,20.49,1,1.64587035,,
,,,21316,,,,,,230,0.021355083,2.888474491465956,92,2.3283653191472773,2.0,1036,0,19,0.5649425194810412,0.0003,202,0,20.57,1,1.9661804099999998,,
,,,21385,,,,,,230,0.22425358,0.18227372340864006,92,1.2260333130877068,1.9,1040,0,19,1.167452943797916,0.0003,202,0,20.19,1,1.9020732200000001,,
,,,21447,,,,,,232,0.08479757,2.4779118393913353,92,1.2220758823851101,1.7,1044,0,19,-0.6841523006478033,0.0003,204,0,20.07,1,1.7479730200000003,,
,,,21531,,,,,,234,0.16738755,-0.49118498203875627,91,1.545578255871929,1.9,1048,0,20,1.0523539972999152,0.0003,205,0,20.09,1,1.93948196,,
,,,21591,,,,,,234,0.15440951,1.1601048384413322,92,1.3661930039770103,1.9,1052,0,20,1.0028300936121985,0.0003,205,0,20.13,1,1.9202954600000004,,
,,,21676,,,,,,236,0.18302573,-0.29212303861901034,91,1.4969334639277025,2.1,1056,0,20,1.4969334639277025,0.0003,208,0,20.13,1,2.12698506,,
,,,21747,,,,,,238,0.06959391,-0.7785553161540306,91,2.444092639462077,2.2,1060,0,20,2.4297319485346622,0.0003,209,0,20.17,1,2.1921966899999994,,
,,,21835,,,,,,240,0.07894567,0.4473079359609569,90,1.459543446637011,2.4,1064,0,20,1.3396118487238189,0.0003,211,0,20.29,1,2.37509229,,
,,,21919,,,,,,242,0.052860662,1.2196760180344266,90,1.0713519689232083,2.5,1068,0,20,-1.0607776937493527,0.0003,213,0,20.23,1,2.5109322699999996,,
,,,21978,,,,,,242,0.10978046,0.21684009085259714,90,0.7798876586813593,2.4,1072,0,20,0.2583408754283884,0.0003,213,0,19.79,1,2.42191564,,
,,,22043,,,,,,244,0.1717808,-0.9144808017184708,90,1.6738846933995826,2.2,1076,0,20,1.6738846933995826,0.0003,215,0,19.53,1,2.18284081,,
,,,22109,,,,,,246,0.06269498,5.544054331265174,89,2.550284671419402,2.2,1080,0,20,-1.057034149966737,0.0003,217,0,19.48,1,2.2393240800000003,,
,,,22177,,,,,,246,0.11710654,2.5249895519609757,89,1.0998449334991436,2.2,1084,0,20,-1.0998449334991436,0.0003,217,0,19.04,1,2.2029270299999997,,
,,,22273,,,,,,248,0.022117008,1.6584265044833464,89,0.7049199758103766,2.3,1088,0,20,-0.0913312447532887,0.0003,219,0,19.3,1,2.33740574,,
,,,22353,,,,,,250,0.20232596,1.3213428101350757,89,0.6777794859145668,2.5,1092,0,20,-0.00842405922728462,0.0003,221,0,19.3,1,2.49980288,,
,,,22458,,,,,,253,0.0493676,0.14525342002955852,88,1.1598853200636765,2.4,1096,0,20,1.117397792452171,0.0003,223,0,19.49,1,2.35369561,,
,,,22570,,,,,,255,0.05677108,-0.17076535106494453,88,1.7509308602462348,2.4,1100,0,20,1.7005935276122854,0.0003,225,0,19.81,1,2.35867615,,
,,,22669,,,,,,257,0.082621515,0.2432625862990158,87,4.436400752164637,2.4,1104,0,21,4.375765264387626,0.0003,227,0,20.17,1,2.42770481,,
,,,22756,,,,,,259,0.12500452,-1.362440086173119,87,3.2545097450380642,2.5,1108,0,21,3.2545097450380642,0.0003,229,0,20.33,1,2.49521817,,
,,,22817,,,,,,261,-0.009967114,0.49631513425475554,87,0.37868094429894655,2.1,1112,0,21,-0.07965649735361256,0.0003,231,0,19.98,1,2.11150617,,
,,,22901,,,,,,264,0.13973804,-3.184755383014999,86,5.50161808214628,2.1,1116,0,21,5.50161808214628,0.0003,234,0,19.98,1,2.13486812,,
,,,22983,,,,,,264,0.11860488,-2.238987368692387,86,5.5134210765011975,2.1,1120,0,21,5.5134210765011975,0.0003,234,0,20.2,1,2.1173955799999997,,
,,,23054,,,,,,266,0.21655479,-0.21414057628900546,86,0.8801611447681795,1.9,1124,0,21,0.8801611447681795,0.0003,235,0,20.08,1,1.89001754,,
,,,23142,,,,,,268,0.07126651,1.389154333094054,86,0.7458151839769768,2.1,1128,0,21,-0.7458151839769768,0.0003,237,0,20.3,1,2.06853096,,
,,,23208,,,,,,270,0.03468656,1.1115407763025624,85,2.5816824398698026,2.2,1132,0,21,2.107855565990122,0.0003,240,0,19.99,1,2.1616088,,
,,,23293,,,,,,270,0.14411612,-1.6290757846029746,85,2.9151860872825863,1.7,1136,0,21,2.9151860872825863,0.0003,240,0,19.77,1,1.71124949,,
,,,23382,,,,,,272,0.08593859,3.777835125811153,85,3.063397576595002,1.7,1140,0,21,-2.367060095080783,0.0003,241,0,19.97,1,1.6789008600000002,,
,,,23467,,,,,,275,0.19985467,0.8579589206721421,85,1.0327143359236006,1.9,1144,0,21,-1.0327143359236006,0.0003,243,0,20.2,1,1.8749595399999999,,
,,,23546,,,,,,277,0.113720864,8.534311140644862,84,4.695501929331526,1.9,1148,0,21,-4.408622327636297,0.0003,245,0,20.15,1,1.8917244199999999,,
,,,23602,,,,,,279,-0.20354854,2.144118917145142,84,2.3216791768202234,2.0,1152,0,21,1.2434748987407187,0.0003,247,0,20.11,1,1.9513822699999996,,
,,,23679,,,,,,279,-0.037659362,-6.469362478809041,84,9.168167755536695,1.7,1156,0,22,9.168167755536695,0.0003,247,0,20.03,1,1.6792851899999997,,
,,,23738,,,,,,281,0.091903426,-3.869334605535675,84,5.349325999817157,1.6,1160,0,22,5.349325999817157,0.0003,250,0,19.91,1,1.58866278,,
,,,23797,,,,,,281,0.050087485,-0.3762173995107768,84,1.2217086856733768,1.2,1164,0,22,1.1198748951001016,0.0003,250,0,19.62,1,1.1998932400000002,,
,,,23878,,,,,,283,0.13760474,-0.6219339038517392,84,1.1673441237888245,1.1,1168,0,22,0.3715825588463012,0.0003,252,0,19.59,1,1.0928417400000001,,
,,,23949,,,,,,285,0.06889411,-1.3685188188125776,83,4.5532043853198285,0.9,1172,0,22,4.5532043853198285,0.0003,254,0,19.71,1,0.8868420099999998,,
,,,24026,,,,,,288,0.14422715,-2.865306751088349,83,4.117096055862314,1.0,1176,0,22,4.114219732072231,0.0003,256,0,19.83,1,1.00837192,,
,,,24108,,,,,,290,-0.020636052,-1.4000702535813843,83,2.978021419816692,0.9,1180,0,22,2.978021419816692,0.0003,258,0,19.99,1,0.8963034800000003,,
,,,24213,,,,,,292,0.17275898,4.246460979686496,82,4.340964198774079,0.8,1184,0,22,-4.321737359454103,0.0003,260,0,20.36,1,0.77328908,,
,,,24284,,,,,,292,0.2432189,2.0606917475303193,82,1.0721121444640718,0.7,1188,0,22,-0.8346760871547156,0.0003,260,0,20.11,1,0.73774521,,
,,,24364,,,,,,294,0.04215331,0.956420133614913,82,2.3339727166711968,0.7,1192,0,22,2.1865818659388183,0.0003,262,0,20.11,1,0.65539706,,
,,,24434,,,,,,296,0.19249508,0.12440142079836139,82,1.3866701084236546,0.8,1196,0,22,1.2339585101209467,0.0003,264,0,19.76,1,0.80140851,,
,,,24513,,,,,,299,0.018355165,-0.47473056332623914,81,2.5119940466509836,0.7,1200,0,22,2.5119940466509836,0.0003,266,0,19.43,1,0.7400968199999999,,
,,,24608,,,,,,301,0.13597237,4.6610747853983705,81,3.4316349333052782,0.8,1204,0,22,-3.069103919878633,0.0003,268,0,19.39,1,0.8239549599999999,,
,,,24678,,,,,,301,0.21944258,-3.0271400663686,81,4.59703010401397,0.6,1208,0,22,4.59703010401397,0.0003,268,0,19.22,1,0.6434931499999998,,
,,,24774,,,,,,303,0.20844088,0.14260996769499668,81,1.5123657474099157,0.9,1212,0,22,1.459249643349807,0.0003,271,0,19.57,1,0.91675434,,
,,,24889,,,,,,306,0.11121652,2.074978578008135,81,3.0106244653363876,1.2,1216,0,23,-3.0106244653363876,0.0003,273,0,19.88,1,1.2140605599999998,,
,,,24959,,,,,,308,0.13702253,1.9166867775234562,80,2.1886030830392644,1.4,1220,0,23,-2.1886030830392644,0.0003,275,0,19.76,1,1.3578127699999998,,
,,,25356,,,,,,328,4.683405,9.349569238164197,77,25.273052433527937,2.7,1224,800,23,-9.45239397537351,0.0003,284,10,23.02,2,2.73311876,6.339873,11.417334
,,,26155,,,,,,362,33.28211,0.20830454825686243,72,10.149014547275963,8.7,1228,2400,24,5.292057405803611,0.0003,301,26,30.13,2,8.730767769999998,41.33051,171.20824
,,,27011,,,,,,403,119.48113,0.13492228868514142,67,21.944917691473027,14.8,1232,4200,24,16.443021795869573,0.0003,322,44,38.03,2,14.79801167,37.690376,635.0416
,,,27526,,,,,,425,141.20575,2.198701684021627,64,44.908032766647075,24.5,1236,5200,25,44.32853385330518,0.0003,333,55,42.33,3,24.49156993,38.819023,801.6437
,,,28067,,,,,,448,162.69994,1.6104406889723657,62,65.97524061472281,34.9,1240,6200,25,65.97524061472281,0.0003,345,65,46.85,3,34.92606053,60.168003,1075.8977
,,,28610,,,,,,476,130.23402,0.3642052281177713,60,128.4843592809291,44.2,1244,7400,26,128.4843592809291,0.0003,359,78,51.43,3,44.215843459999995,60.5072,1583.116
,,,29158,,,,,,498,186.39041,2.1213347952185186,58,80.14417672094712,48.5,1248,8400,26,80.14417672094712,0.0003,370,87,56.12,3,48.53927723000001,72.364136,2017.2878
,,,29819,,,,,,529,193.0825,0.7937501833168308,56,72.72213255337361,61.5,1252,9800,27,72.72213255337361,0.0003,387,101,62.17,4,61.51693925000001,64.48328,1972.9918
56.783140540887295,193.27272727272728,383.3222272727273,30001,92.6,56.78314,186.2067,134.4350107847639,2,,,,,,,,,,,,,,,,,,
,,,30477,,,,,,559,197.85646,1.2443381211897642,54,63.592497808898536,75.7,1256,11000,28,63.592497808898536,0.0003,402,113,67.98,4,75.65923096,50.907005,1783.2043
,,,31233,,,,,,597,206.76135,0.4479223921825566,52,74.30363059565326,91.8,1260,12600,28,74.30363059565326,0.0003,422,130,74.95,4,91.81396937000001,64.61596,2126.7495
,,,32064,,,,,,634,208.5463,0.17606431301197573,50,94.12702479514294,108.1,1264,14200,29,93.86043941875396,0.0003,441,146,82.67,5,108.14355312000002,64.769455,1985.7657
,,,33018,,,,,,681,197.55823,0.4953434858421761,48,76.83896463069499,125.2,1268,16200,30,74.7281816688634,0.0003,467,166,91.4,5,125.23305699000001,70.39801,2263.3162
,,,33663,,,,,,709,217.17813,1.2288581266284697,47,96.17831767626852,138.1,1272,17400,30,96.11868794160804,0.0003,482,178,97.14,5,138.13638999,68.32492,2314.0093
,,,34468,,,,,,747,224.0884,0.21010258540586607,46,101.79730369072342,153.2,1276,19000,31,101.79730369072342,0.0003,503,194,104.42,6,153.21912282999998,66.692924,2583.1313
,,,35364,,,,,,789,213.74313,0.17515829452290785,44,89.17805790575434,168.9,1280,20800,32,89.17805790575434,0.0003,526,211,112.56,6,168.94291877999996,68.03658,2325.2952
,,,36318,,,,,,837,217.41556,0.2173782942622278,43,107.90947113037754,185.5,1284,22800,33,107.90947113037754,0.0003,552,231,121.05,7,185.49657769,51.64998,1950.4895
,,,37123,,,,,,876,200.48909,0.3568729604631413,42,82.22353141439623,197.4,1288,24400,33,78.71446085861878,0.0003,574,247,128.39,7,197.35586994000002,65.31441,2319.174
,,,37724,,,,,,905,200.21072,1.484914020057868,41,94.41038487897812,209.5,1292,25600,34,94.34775407148028,0.0003,590,259,133.6,7,209.50823660999995,74.32325,2856.4277
,,,38691,,,,,,948,204.6754,0.06284867173561935,40,67.34528762657646,227.6,1296,27400,35,66.52945127107841,0.0003,614,277,142.57,8,227.62055415999998,61.202526,2429.9546
,,,39445,,,,,,988,167.71344,0.07791278914664451,39,173.05492387111175,237.5,1300,29000,35,172.68530314910666,0.0003,637,293,149.32,8,237.45196098999998,50.830997,2130.084
80.91632102221612,166.8181818181818,356.2983535454545,40001,146.4,80.92507,205.84264,149.37452924512291,1,,,,,,,,,,,,,,,,,,
,,,40115,,,,,,1024,208.94339,0.9932400113558537,39,81.63806760664953,249.1,1304,30400,36,81.63806760664953,0.0003,657,307,155.07,9,249.12028438,65.5782,2453.0288
,,,40865,,,,,,1059,213.48322,0.39760471187519475,38,95.3751889015584,265.1,1308,31800,37,95.3751889015584,0.0003,676,320,161.87,9,265.06952881,59.67162,2254.6812
,,,41563,,,,,,1094,192.00992,0.6959981100221724,37,67.16326811234936,281.2,1312,33200,37,64.49095485123593,0.0003,697,334,167.89,9,281.22166822,66.280716,2545.1917
,,,42271,,,,,,1129,180.15237,0.17712931891485387,37,168.95316529640576,293.8,1316,34600,38,167.64757498226172,0.0003,717,348,173.82,9,293.84694877000004,60.56524,2286.6738
,,,43159,,,,,,1174,216.707,0.5258703027350516,36,85.00548024113124,306.9,1320,36400,39,85.00548024113124,0.0003,743,366,182.0,10,306.86975245,69.39526,2622.3457
,,,43835,,,,,,1209,240.95355,0.6814555490561901,36,125.01006712177917,316.4,1324,37800,39,125.01006712177917,0.0003,763,379,184.79,10,316.4407218,65.6453,2469.4548
,,,44659,,,,,,1251,240.99214,0.18604293064753397,35,120.28642151713417,322.4,1328,39400,40,120.28642151713417,0.0003,788,395,185.04,11,322.39715301999996,75.30802,2794.49
,,,45305,,,,,,1286,216.49559,0.7431381786255751,35,111.2648832565267,330.1,1332,40800,40,111.2648832565267,0.0003,809,408,182.94,11,330.08613681,57.94052,1991.7319
,,,46032,,,,,,1320,204.96928,0.05968366040589872,34,189.55896886187824,329.3,1336,42200,41,189.55896886187824,0.0003,829,422,185.06,11,329.25742533,66.29342,2325.0237
,,,46829,,,,,,1363,216.67604,0.294489909480564,34,91.16277910347408,330.1,1340,43800,42,91.13035909721637,0.0003,853,438,187.62,12,330.09636854999997,63.992764,2294.805
,,,47528,,,,,,1401,144.46878,0.12355290989503849,33,149.52615463405195,328.8,1344,45200,42,149.11773962385493,0.0003,875,453,189.18,12,328.75321039000005,62.70544,2387.4333
,,,48143,,,,,,1434,219.99274,1.7102245314261733,33,94.28652735261473,335.6,1348,46400,43,94.28652735261473,0.0003,895,466,189.85,12,335.55005002999997,75.6323,2556.6167
,,,48963,,,,,,1477,222.8971,0.20062814788100605,33,111.895459916535,331.9,1352,48000,44,111.895459916535,0.0003,921,482,191.44,13,331.90530318,57.425255,2109.2322
,,,49625,,,,,,1515,214.91052,1.2425385775732996,32,95.20417859024924,331.1,1356,49400,44,95.20417859024924,0.0003,944,495,191.48,13,331.06556517999996,73.884026,2558.4656
106.80422326704429,187.72727272727272,343.78421199999997,50001,179.7,106.80422,221.68333,129.01852964072035,2,,,,,,,,,,,,,,,,,,
,,,50473,,,,,,1562,218.22836,0.37486619462252985,32,84.81783634663303,331.1,1360,51000,45,84.79141658847786,0.0003,969,513,192.4,13,331.06642229,63.125824,2193.6877
,,,51188,,,,,,1601,218.81888,0.719052212392349,31,96.78550241704313,328.9,1364,52400,46,96.78550241704313,0.0003,994,527,191.24,14,328.9441103,56.940556,2013.3442
,,,51931,,,,,,1647,217.443,0.4400184641309781,31,100.68599614444014,326.0,1368,54000,46,100.68599614444014,0.0003,1021,543,189.13,14,326.00517741999994,53.165947,1829.4962
,,,52623,,,,,,1687,232.58641,0.21197666114884844,31,187.2931632764902,326.4,1372,55400,47,187.2931632764902,0.0003,1046,558,189.6,14,326.35584300000005,59.975266,2124.762
,,,53071,,,,,,1708,220.5018,0.6647507333273345,31,204.7608957675942,315.0,1376,56200,47,204.7608957675942,0.0003,1059,566,186.03,15,315.02591376,67.35629,2245.964
,,,54149,,,,,,1769,226.16812,0.006402494692616354,30,175.45924553967123,316.0,1380,58400,48,175.45924553967123,0.0003,1096,588,187.85,15,316.02812016,65.76182,2076.815
,,,54711,,,,,,1801,196.08687,0.6852814138327847,30,202.75694318348658,303.9,1384,59600,49,202.75694318348658,0.0003,1117,598,183.93,15,303.90783823000004,63.023605,1931.0396
,,,55618,,,,,,1850,201.86697,0.10285997045151354,30,134.57888540039508,302.7,1388,61400,49,134.57888540039508,0.0003,1146,615,184.95,16,302.66826306,58.96988,2036.8824
,,,56366,,,,,,1888,232.82274,0.014500527262134116,29,220.5491812093529,296.8,1392,62800,50,220.5491812093529,0.0003,1170,629,186.42,16,296.81722018999994,70.764275,2742.6748
,,,56710,,,,,,1909,234.03366,2.379852285782626,29,202.40489117653382,284.4,1396,63600,50,202.40489117653382,0.0003,1184,636,180.19,16,284.38652343999996,63.18251,2067.017
,,,57372,,,,,,1939,209.36568,1.1858782845189015,29,88.7735538802117,285.5,1400,64800,51,88.64272580887011,0.0003,1203,646,179.27,16,285.52109883,53.80626,1897.5702
,,,58288,,,,,,1983,207.33397,0.0446955211233795,29,174.46908261977796,283.3,1404,66600,51,174.46908261977796,0.0003,1231,661,181.73,17,283.25740309,61.39253,1941.985
,,,59039,,,,,,2022,209.6733,0.04820512560030341,29,191.76591781806192,275.4,1408,68200,52,191.76591781806192,0.0003,1255,674,181.74,17,275.39080684000004,56.20065,1716.6891
43.36397527477215,237.72727272727272,547.7364925454547,60001,229.9,44.111088,206.89893,158.02424369329916,2,,,,,,,,,,,,,,,,,,
,,,60260,,,,,,2084,213.62538,0.009508296076002343,28,53.9338007228337,287.9,1412,70600,53,53.272217206965195,0.0003,1293,695,186.97,18,287.86418123000004,55.099194,1652.6698
,,,61128,,,,,,2129,216.61353,0.17159011752151998,28,71.42885769330434,295.9,1416,72400,53,71.42885769330434,0.0003,1322,710,188.57,18,295.89736019,63.31693,1782.5192
,,,61804,,,,,,2164,214.77351,1.265637604115141,28,59.39754765674394,292.6,1420,73800,54,59.39754765674394,0.0003,1344,721,186.45,18,292.57533527,63.553604,1877.7819
,,,63268,,,,,,2238,175.76707,0.0005539184471498527,28,216.93278890279217,296.8,1424,76600,55,216.83901974749853,0.0003,1392,746,194.33,19,296.82876429,63.78686,1721.9907
,,,63615,,,,,,2261,234.7069,0.7140623790316354,28,222.9929172847074,291.3,1428,77400,55,222.9929172847074,0.0003,1407,753,189.56,19,291.29515839000004,65.26779,1720.7434
,,,63979,,,,,,2278,216.85378,17.838713460173047,28,91.01424588984126,281.5,1432,78000,56,90.24858082031187,0.0003,1418,759,186.74,19,281.51859136,75.761795,2185.7654
,,,64496,,,,,,2307,217.34854,0.10377645187921967,27,213.26804454299722,278.4,1436,79000,56,213.26804454299722,0.0003,1437,768,184.64,19,278.41916806999996,85.33751,2415.4724
,,,65171,,,,,,2347,178.26,0.824731678298683,27,61.81247540269004,274.5,1440,80400,57,58.03669608066144,0.0003,1463,781,183.42,20,274.52439921,74.10358,2049.3706
,,,66498,,,,,,2423,212.42818,0.0009435249924510218,27,110.46735713267938,288.4,1444,83000,58,110.46735713267938,0.0003,1513,805,189.7,20,288.44524685,67.85909,1824.9008
,,,67486,,,,,,2482,215.99265,0.004119505270099902,27,201.69459123082783,303.7,1448,85000,59,201.69459123082783,0.0003,1552,824,193.43,21,303.70947843,67.41761,1824.448
,,,68366,,,,,,2535,231.70604,0.20276762625705083,26,60.88600371017329,316.0,1452,86800,59,53.49146085680978,0.0003,1587,840,194.03,21,315.97307352,71.58621,2070.978
,,,69297,,,,,,2588,253.67741,0.14421241673122903,26,60.30184686776725,325.8,1456,88600,60,59.61591283475196,0.0003,1622,857,196.72,21,325.80284860999996,75.16591,2126.3271
85.60857866451738,226.63636363636363,454.8425907272727,70001,259.3,88.144196,217.5789,123.76657791023536,2,,,,,,,,,,,,,,,,,,
,,,70342,,,,,,2656,296.6184,0.18031553852062776,26,65.89509420270876,338.3,1460,90800,61,65.85765614742078,0.0003,1666,877,198.69,22,338.26447678999995,73.91491,2228.7258
,,,71207,,,,,,2710,208.40146,0.006870194364336008,26,205.8361080830791,346.7,1464,92600,62,205.8361080830791,0.0003,1702,894,200.19,22,346.68383231,74.36771,2111.6213
,,,71915,,,,,,2752,223.34451,0.02718600396368786,26,214.9002154822146,343.4,1468,94000,62,214.9002154822146,0.0003,1730,906,199.84,23,343.40647199000006,69.878845,2021.1053
,,,72814,,,,,,2807,235.83128,0.17524997406836385,25,58.75086223421016,354.8,1472,95800,63,58.30101112883427,0.0003,1766,923,201.91,23,354.77493102000005,72.222885,2106.9941
,,,73640,,,,,,2855,288.9208,0.6028310426887394,25,95.23719705520425,370.1,1476,97400,64,95.21890283435529,0.0003,1799,938,205.69,23,370.1100763399999,77.747894,2238.1255
,,,74415,,,,,,2904,249.70732,0.6874602596608338,25,72.26288328731077,373.2,1480,99000,64,72.24055465515856,0.0003,1832,953,202.66,24,373.19734667000006,74.74549,2123.8994
,,,75252,,,,,,2953,221.27823,0.10960730595578973,25,125.54539255848293,385.7,1484,100600,65,125.54539255848293,0.0003,1865,967,205.41,24,385.7060941099999,77.76332,2300.0215
,,,76621,,,,,,3040,212.6199,0.001602351496052549,25,190.69718186057372,397.4,1488,103400,66,190.69718186057372,0.0003,1924,993,210.03,25,397.39119196000007,87.25321,2387.2156
,,,77358,,,,,,3083,259.45172,0.4028636554871228,25,140.6212882486408,399.7,1492,104800,67,139.68400189506082,0.0003,1953,1006,209.92,25,399.72918021000004,81.04363,2241.8333
,,,77850,,,,,,3114,273.66812,0.24652932581561043,24,255.35779708507818,402.6,1496,105800,67,255.35779708507818,0.0003,1974,1015,211.4,25,402.60305476,75.278366,1992.3595
,,,78000,,,,,,3127,263.00797,4.534388083535184,24,250.9540672785142,392.6,1500,106200,67,250.9540672785142,0.0003,1983,1019,206.28,25,392.60691589999993,90.32702,2533.0774
,,,78282,,,,,,3139,285.3651,55.48525607187291,24,149.82465112953972,387.7,1504,106600,67,149.82465112953972,0.0003,1992,1023,199.94,25,387.69138612,94.18843,2621.9375
,,,78487,,,,,,3152,259.1966,1.5024014437865754,24,252.03239351236797,381.3,1508,107000,68,252.03239351236797,0.0003,2000,1026,194.48,26,381.33592256,89.986786,2191.623
,,,78716,,,,,,3171,246.35231,37.06567881324312,24,154.31232188814985,355.3,1512,107600,68,154.22471120125468,0.0003,2013,1032,184.56,26,355.34791272,88.82564,2377.6836
,,,79427,,,,,,3215,251.7292,0.7855436054818428,24,109.4480583310099,344.9,1516,109000,68,108.92279877884025,0.0003,2043,1045,182.99,26,344.85617046000004,84.04796,2355.357
,,,79879,,,,,,3240,249.51944,5.431144170440309,24,130.81150282801124,342.4,1520,109800,69,130.81150282801124,0.0003,2061,1052,180.75,26,342.35283348999997,84.70789,2249.4568
204.88301102770566,106.63636363636364,31.806719545454545,80001,238.7,205.23737,214.16425,24.547475154389687,1,,,,,,,,,,,,,,,,,,
,,,80547,,,,,,3286,244.69061,1.858858248718504,24,108.70332583307045,335.5,1524,111200,69,108.70332583307045,0.0003,2091,1065,172.79,26,335.47917370000005,77.97041,2275.2644
,,,81097,,,,,,3318,256.6671,0.22434719394283817,24,233.30086093916933,336.4,1528,112200,70,233.30086093916933,0.0003,2113,1074,174.82,27,336.3882964499999,109.006,2835.9312
,,,81743,,,,,,3362,177.8027,-0.01925910846568743,24,202.84836248388714,343.2,1532,113600,70,202.17994080128616,0.0003,2144,1087,177.64,27,343.23679229000004,79.51256,2075.7805
,,,82357,,,,,,3401,262.7931,1.5821050705149977,24,136.90829997698944,346.5,1536,114800,71,136.90829997698944,0.0003,2170,1098,178.61,27,346.53303468999997,91.66759,2504.568
,,,83539,,,,,,3478,277.4528,0.0382401132317142,24,51.36446069125189,368.5,1540,117200,72,35.50964054623546,0.0003,2224,1120,183.68,28,368.54262425,80.12513,2227.3518
,,,83979,,,,,,3504,244.90616,4.597677788171841,23,162.20301454199964,352.8,1544,118000,72,162.20301454199964,0.0003,2242,1127,174.81,28,352.77428482999983,109.824005,2693.46
,,,84493,,,,,,3536,300.25583,1.5142636929997515,23,226.9708710137845,335.0,1548,119000,72,226.9708710137845,0.0003,2264,1136,170.07,28,335.03835824999993,92.79757,2424.274
,,,85175,,,,,,3582,229.10503,1.1972303169604197,23,208.9023783200211,324.5,1552,120400,73,208.5758860072647,0.0003,2296,1149,168.09,28,324.4762536,96.42969,2337.6929
,,,85889,,,,,,3627,287.1951,0.14049606673683204,23,236.7429812147366,319.3,1556,121800,74,236.7429812147366,0.0003,2328,1162,165.92,29,319.28115129,98.39676,2399.7993
,,,86451,,,,,,3667,273.14618,1.9066437209865321,23,139.84348489307789,304.1,1560,123000,74,139.77571218399308,0.0003,2356,1172,161.09,29,304.05572079999996,80.68981,2260.3325
,,,87379,,,,,,3726,252.18217,0.16796728997392898,23,82.35530973821764,304.8,1564,124800,75,81.9489606931993,0.0003,2397,1189,161.72,29,304.78792615000003,94.3466,2537.532
,,,88687,,,,,,3812,315.05997,0.010740304218061878,23,119.51184651049715,327.3,1568,127400,76,119.25055646699795,0.0003,2458,1213,167.72,30,327.25875303,94.64975,2568.983
,,,89544,,,,,,3872,263.38022,0.1935125743510743,23,97.87319697961595,326.8,1572,129200,77,97.87319697961595,0.0003,2500,1229,167.3,30,326.84549088,87.106094,2374.313
62.94697722973263,183.9090909090909,510.8154723636364,90001,278.6,92.26933,223.86002,187.60161050656097,2,,,,,,,,,,,,,,,,,,
,,,90700,,,,,,3954,256.798,0.005585454953636511,22,120.03484127082241,341.4,1576,131600,77,119.99519783974253,0.0003,2556,1251,170.6,31,341.36237674000006,90.37998,2676.6584
,,,91219,,,,,,3988,231.04756,3.9525608485403563,22,94.12318956968947,332.5,1580,132600,78,93.4185484348782,0.0003,2580,1260,168.04,31,332.52131151000003,85.17199,2191.0308
,,,91793,,,,,,4022,276.9283,1.957494738841883,22,140.58366212330355,330.5,1584,133600,78,140.58366212330355,0.0003,2604,1269,165.41,31,330.46625580000006,92.57051,2500.9346
,,,92360,,,,,,4066,253.38089,1.8174729953572055,22,125.14714361894814,320.0,1588,134800,79,123.35266111925034,0.0003,2636,1281,157.39,32,320.02435226000006,94.93812,2401.046
,,,93222,,,,,,4131,273.24152,0.09188017968300084,22,138.87111168218303,336.9,1592,136600,80,137.91241361145927,0.0003,2682,1299,158.64,32,336.89431103000004,85.29213,2386.8262
,,,93965,,,,,,4181,281.9433,0.5159397315124786,22,121.32150407535853,346.1,1596,138000,80,121.32150407535853,0.0003,2717,1312,161.15,32,346.14785881999995,92.23016,2475.777
,,,94447,,,,,,4217,261.6445,4.469027423963833,22,120.046770903328,355.3,1600,139000,81,119.68460103702766,0.0003,2743,1322,164.47,33,355.2891375800001,82.469925,2272.8813
,,,95156,,,,,,4268,290.56122,4.469037913873109,22,66.81588890846398,370.2,1604,140400,81,65.07523118530636,0.0003,2780,1335,168.74,33,370.1983554100001,93.27194,2562.7087
,,,96182,,,,,,4344,265.30853,0.029031542702435426,22,143.22050026512028,398.5,1608,142400,82,143.22050026512028,0.0003,2833,1356,176.95,33,398.47794805000007,97.84704,2432.23
,,,96762,,,,,,4390,275.49774,2.012618157994699,22,133.71865151252848,409.2,1612,143600,83,131.46249218572103,0.0003,2866,1368,180.46,34,409.2402775500001,81.86087,2140.9377
,,,97519,,,,,,4451,276.19232,0.3831448170922846,21,146.81342202298205,420.3,1616,145200,83,146.7824713958719,0.0003,2910,1385,180.92,34,420.33002249000003,94.64949,2467.0671
,,,98110,,,,,,4497,263.0772,1.530016172743202,21,131.70176471056328,424.2,1620,146400,84,131.5310586161531,0.0003,2942,1397,182.31,34,424.15129985,95.90174,2522.345
,,,98660,,,,,,4535,263.31888,3.9144775519064074,21,82.5507375149442,430.1,1624,147400,84,82.52515152419197,0.0003,2969,1407,181.13,35,430.11668217,90.87326,2283.9548
,,,99268,,,,,,4582,231.42567,3.0349939204417686,21,100.93090355799282,437.7,1628,148600,85,95.75925372365603,0.0003,3002,1419,181.71,35,437.7494790100001,87.18097,2188.0132
97.06296467838007,182.27272727272728,497.60854336363633,100001,340.3,99.81692,264.6496,182.7140654740602,2,,,,,,,,,,,,,,,,,,
,,,100452,,,,,,4680,212.08527,0.007213996272406102,21,89.79119659926943,460.4,1632,151000,86,47.94437908322628,0.0003,3070,1445,187.09,36,460.39919054,85.68606,2131.864
,,,101106,,,,,,4730,279.5638,1.244137141919524,21,134.87904660477813,468.2,1636,152400,87,134.75581656383324,0.0003,3106,1458,187.49,36,468.24684142999996,82.23563,2048.9111
,,,101995,,,,,,4787,232.7018,0.6699398833612035,21,203.17406988763915,450.8,1640,154000,87,202.9414817041204,0.0003,3147,1474,184.56,36,450.75158022999995,85.98148,2214.6946
,,,102928,,,,,,4857,262.37738,0.20349876883734114,21,43.71160434044343,473.9,1644,156000,88,34.62719922673816,0.0003,3197,1492,189.49,37,473.94570238000006,105.07067,2395.7104
,,,103952,,,,,,4926,268.19604,0.03676586132170532,21,147.4131599784429,493.6,1648,158000,89,147.07488593628258,0.0003,3246,1510,194.59,37,493.63396043,102.30849,2313.0852
,,,104571,,,,,,4967,299.70728,1.9814017215555486,21,141.5066846854466,498.9,1652,159200,89,141.4856562916434,0.0003,3276,1521,193.96,37,498.9434379499999,102.89359,2412.4607
,,,105603,,,,,,5043,325.92706,0.2624188125444778,20,78.96383496435524,511.6,1656,161400,90,78.96383496435524,0.0003,3330,1541,197.14,38,511.55871652,105.16067,2605.1147
,,,106862,,,,,,5125,257.04922,0.0016194406673304314,20,137.01093971847217,536.0,1660,163800,91,137.00266102945506,0.0003,3389,1562,204.11,38,535.98232791,106.427704,2343.3494
,,,107985,,,,,,5199,244.97975,0.02048737956416878,20,84.21234678075167,541.3,1664,166000,92,65.83582095180756,0.0003,3441,1583,206.06,39,541.25753662,108.51829,2666.9836
,,,109123,,,,,,5279,290.8331,0.008633792285651603,20,144.74065593189962,542.4,1668,168400,93,144.64893470870516,0.0003,3498,1604,204.36,39,542.41375394,101.3483,2426.0852
,,,109752,,,,,,5319,283.54395,1.4892217049763277,20,130.39799659578227,534.8,1672,169600,94,130.39799659578227,0.0003,3526,1615,202.08,40,534.84281387,99.10499,2188.6204
92.64299708683289,193.63636363636363,628.3568882727274,110001,407.7,96.712524,279.86093,211.45143419413645,2,,,,,,,,,,,,,,,,,,
,,,110514,,,,,,5375,270.0039,0.22563177686799193,20,149.4321014224862,524.0,1676,171200,94,149.3745932178331,0.0003,3563,1630,198.14,40,523.9738014000001,103.70814,2675.5537
,,,111585,,,,,,5441,295.26343,0.03579249944955806,20,131.6227638327692,543.8,1680,173200,95,131.5478988574178,0.0003,3611,1648,203.66,40,543.80986233,106.57869,2378.8
,,,112780,,,,,,5521,292.1575,0.0031180104967413074,20,147.51499401077712,563.7,1684,175600,96,147.47831532307458,0.0003,3664,1671,209.87,41,563.73204251,105.34186,2268.1997
,,,114330,,,,,,5626,260.30417,0.00011333755280157249,20,149.68693915982956,593.8,1688,178800,98,149.68693915982956,0.0003,3735,1704,219.7,42,593.78557397,93.00273,1983.4476
,,,115088,,,,,,5671,267.5297,0.2545171747754158,20,135.4565980293236,587.9,1692,180200,99,135.4565980293236,0.0003,3766,1716,218.66,42,587.8507055499999,96.104095,2215.2197
,,,115859,,,,,,5723,350.10275,3.9637680803584106,20,76.9570585352587,594.7,1696,181800,99,75.6065159971629,0.0003,3803,1730,218.94,43,594.65553007,96.03265,2116.4211
,,,116409,,,,,,5761,271.77786,1.6062166879922446,20,156.29652222299845,600.0,1700,183000,99,156.29652222299845,0.0003,3830,1740,219.62,43,600.00270829,100.096146,2211.782
,,,117157,,,,,,5806,324.80627,8.587903878680171,20,57.880180233619384,603.7,1704,184400,100,54.34005535441919,0.0003,3860,1754,220.01,43,603.70343098,102.68268,2241.4365
,,,118497,,,,,,5888,357.89154,0.447493503444622,20,45.59360189050789,617.5,1708,187000,101,40.554614652459904,0.0003,3917,1777,223.15,44,617.50246298,85.63309,1833.9181
,,,119890,,,,,,5977,316.57138,0.006062964603773734,20,67.95246270430685,650.1,1712,189800,102,66.43697745640446,0.0003,3978,1802,231.28,44,650.0791022,96.3996,2015.9614
82.67668184951889,232.36363636363637,787.1336515454545,120001,462.0,86.65146,289.83496,224.1740065948047,2,,,,,,,,,,,,,,,,,,
,,,121871,,,,,,6104,304.73105,4.761436980862519e-06,19,77.80162269695963,700.4,1716,193800,104,73.10781301166406,0.0003,4065,1838,243.52,45,700.42251171,92.991905,2062.9856
,,,123358,,,,,,6196,375.96628,0.03604794493665649,19,69.71969880373864,742.1,1720,196800,105,69.36639791870992,0.0003,4128,1865,252.48,46,742.1058782299999,92.54718,2078.9094
,,,124617,,,,,,6276,372.23718,0.05636095948449543,19,78.39152213489429,771.7,1724,199400,106,77.97418500998916,0.0003,4182,1889,259.57,46,771.7230094500001,93.07614,2090.9888
,,,125592,,,,,,6330,300.50476,0.046243927415259345,19,161.21136794806003,788.4,1728,201200,107,161.21136794806003,0.0003,4219,1905,263.24,47,788.38969543,98.4835,2168.5178
,,,126398,,,,,,6379,337.04373,1.0484521012349872,19,97.34042361989005,778.2,1732,202800,107,97.34042361989005,0.0003,4252,1920,259.46,47,778.2421477900002,97.227005,2270.2397
,,,127426,,,,,,6446,308.79617,0.02998752127333705,19,142.9044920149097,797.7,1736,205000,108,141.98681772021683,0.0003,4298,1939,263.2,48,797.6855675999999,83.32017,1918.774
,,,128705,,,,,,6525,372.16974,0.022860049232519615,19,100.8318046585634,830.4,1740,207600,109,99.91144357755373,0.0003,4352,1963,267.1,48,830.3644051900001,86.30369,1959.8583
,,,129771,,,,,,6586,324.15994,0.07206231106111984,19,87.0299571857857,838.4,1744,209600,110,87.02214189595733,0.0003,4393,1981,268.43,49,838.3913708399999,84.580734,2062.965
79.95244681764706,277.27272727272725,1012.5773296363636,130001,522.6,82.14359,332.31824,279.9662575843995,3,,,,,,,,,,,,,,,,,,
,,,130553,,,,,,6637,354.02945,0.6645764757313768,19,142.34897894783086,835.7,1748,211200,111,142.34897894783086,0.0003,4426,1995,266.01,49,835.6611865599999,77.79717,1812.7446
,,,131991,,,,,,6722,364.27472,0.07290225742055453,19,43.57211907408639,871.2,1752,214000,112,40.41895723569954,0.0003,4483,2021,274.2,50,871.1726153700001,81.83118,1975.7961
,,,132271,,,,,,6740,324.70615,-0.1378089231121773,19,326.3001856697072,850.1,1756,214600,112,326.3001856697072,0.0003,4496,2026,266.68,50,850.1157455,78.21873,1911.0736
,,,132304,,,,,,6746,323.28424,-1.862287934170809,19,324.80334333865807,812.3,1760,214800,112,324.80334333865807,0.0003,4500,2028,254.42,50,812.2557562300001,87.17926,2074.7927
,,,133172,,,,,,6795,325.77612,0.4144768902518254,19,79.01255620198032,814.9,1764,216400,113,78.88167112382668,0.0003,4533,2042,251.87,50,814.9439755799999,80.15,2065.817
,,,134109,,,,,,6856,319.03238,0.15213212682720573,19,94.72619445833682,813.0,1768,218400,113,93.8817673081745,0.0003,4574,2060,249.86,50,812.9615978399999,81.665245,2072.3389
,,,135120,,,,,,6917,288.27237,0.058638245780409555,19,76.3088122476863,833.6,1772,220400,114,76.23903368876685,0.0003,4615,2079,253.68,51,833.5894152399998,78.637985,1977.3989
,,,135836,,,,,,6959,319.05988,1.3162309392704348,19,119.85255113655009,834.3,1776,221800,115,119.38630786239518,0.0003,4644,2091,253.22,51,834.29046569,88.417786,2241.2788
,,,136384,,,,,,6990,303.17026,3.0814155396176814,19,138.68846725987825,821.8,1780,222800,115,138.68846725987825,0.0003,4665,2100,247.99,51,821.7739685300002,103.338615,2231.26
,,,137158,,,,,,7038,312.83072,1.0155761967075183,19,77.50178321108558,813.5,1784,224400,116,77.03664156345988,0.0003,4698,2115,243.78,52,813.51329003,81.67368,2077.9563
,,,137892,,,,,,7081,300.1868,0.5969012599764865,19,126.13403548209361,796.9,1788,225800,117,126.13403548209361,0.0003,4727,2127,235.62,52,796.9160552200001,81.509026,2045.5337
,,,138650,,,,,,7130,340.16452,0.007158587116172503,19,327.94082795900647,802.1,1792,227400,117,327.94082795900647,0.0003,4760,2142,235.62,52,802.0643220000001,88.121544,2125.8745
,,,139235,,,,,,7167,309.63855,5.646154597632191,19,88.318501915414,796.4,1796,228600,118,85.32446428288716,0.0003,4785,2153,233.76,53,796.377334,80.35728,1946.7823
75.99812128695108,403.54545454545456,1474.2651698181817,140001,649.0,77.20691,349.79547,288.48506513291045,4,,,,,,,,,,,,,,,,,,
,,,140139,,,,,,7226,291.36038,0.24151778281347724,19,53.95986680836634,813.5,1800,230400,118,51.44789730712454,0.0003,4822,2170,237.3,53,813.5314501899999,90.02122,2151.725
,,,140904,,,,,,7275,288.7524,0.17339517124590698,19,181.08840159761414,816.9,1804,232000,119,181.08840159761414,0.0003,4855,2185,237.47,53,816.8567344400002,87.57806,1959.8085
,,,142249,,,,,,7355,324.2395,0.007757624747253993,19,37.3924520011406,823.6,1808,234600,120,32.66874696576727,0.0003,4909,2208,237.52,54,823.5774838899998,83.67577,1843.8666
,,,142945,,,,,,7398,276.28583,0.484201187060498,19,143.00451492180127,800.9,1812,236000,121,141.79516954070843,0.0003,4938,2221,230.55,54,800.9332671200001,74.4103,1919.2773
,,,144287,,,,,,7477,287.0203,0.0013466467360093717,19,116.2875101627502,777.3,1816,238600,122,116.2875101627502,0.0003,4991,2245,224.16,55,777.3400304600001,72.24869,1804.8293
,,,145450,,,,,,7550,347.25308,0.03642441001689776,19,79.61385462732332,766.7,1820,241000,123,79.0308315350458,0.0003,5041,2267,220.92,55,766.7224760299998,95.04695,2273.735
,,,146576,,,,,,7617,350.51984,0.06805128068746771,19,74.28489471293247,762.8,1824,243200,123,73.008627126351,0.0003,5087,2287,219.59,56,762.8174488099999,89.79059,2162.744
,,,147450,,,,,,7672,315.3484,0.6169874795776502,19,44.92789784691586,761.5,1828,245000,124,43.52673224362919,0.0003,5124,2303,218.58,56,761.5037303900001,85.46787,2099.1055
,,,148118,,,,,,7715,347.76614,12.683344070690275,19,56.01766675283829,761.8,1832,246400,125,55.81797959104853,0.0003,5152,2316,217.2,57,761.8353933199999,78.162865,1948.5475
,,,149244,,,,,,7782,303.84192,0.008289573706608279,19,138.58103513848815,765.7,1836,248600,126,138.58103513848815,0.0003,5199,2335,218.18,57,765.6651229399998,81.31257,2092.3887
74.90135580868815,203.0,762.2725578181818,150001,682.4,77.49212,310.21344,276.28437798322443,2,,,,,,,,,,,,,,,,,,
,,,150001,,,,,,7833,284.47937,0.3158932518082672,19,137.61482309617188,748.0,1840,250200,126,137.61482309617188,0.0003,5231,2351,212.96,57,747.9703756000001,87.31243,2026.7515
,,,151030,,,,,,7894,338.25943,0.1649357015619894,19,62.30005561909984,747.3,1844,252200,127,61.58426847432727,0.0003,5273,2369,212.59,58,747.31539437,74.64537,1868.4917
,,,151652,,,,,,7931,277.1748,2.627398570204196,19,78.26761752843852,744.0,1848,253400,127,69.05609958225027,0.0003,5297,2380,210.99,58,743.9927352499998,77.04692,1926.6887
,,,152382,,,,,,7974,359.79654,8.893750494793693,19,57.15037939909413,718.3,1852,254800,128,56.67875650688134,0.0003,5326,2393,203.91,58,718.29557661,93.82708,2377.3777
,,,153179,,,,,,8023,356.25684,3.054417229633114,19,67.07248934912947,738.1,1856,256400,129,65.66768777374607,0.0003,5360,2407,209.08,59,738.1454201100001,74.90747,1833.7449
,,,155121,,,,,,8145,385.429,0.0022160216482983437,19,34.38697157014375,815.5,1860,260400,130,16.367854048783027,0.0003,5442,2445,228.17,60,815.4755130399999,67.96693,1667.9625
,,,156437,,,,,,8225,349.16107,0.041408673205828576,19,21.144311387617073,836.5,1864,263000,131,18.328144000458988,0.0003,5497,2468,232.65,60,836.4803993199998,76.050705,2041.1312
,,,157580,,,,,,8294,356.61075,0.010085436659500369,18,171.70066556743322,847.4,1868,265200,132,169.94850996437924,0.0003,5541,2490,234.71,61,847.3950258299999,79.47371,2002.34
,,,158537,,,,,,8355,331.55408,0.7395797194695735,18,16.0085923101178,847.7,1872,267200,133,4.848180350553517,0.0003,5584,2507,234.17,61,847.72466719,83.03912,2084.232
,,,159904,,,,,,8441,335.1923,0.00416331167974374,18,55.852455373388175,878.6,1876,270000,134,54.65883996948125,0.0003,5642,2534,240.68,62,878.6340258200001,70.109276,1880.7173
48.500566181806605,364.27272727272725,1471.7261428181819,160001,784.6,54.34054,352.25378,324.47311729538427,4,,,,,,,,,,,,,,,,,,
,,,160951,,,,,,8506,341.32565,0.1832821697561448,18,34.75611954557504,901.4,1880,272000,135,34.05511316017832,0.0003,5683,2552,245.67,62,901.3635291200001,95.35637,2372.6072
,,,161810,,,,,,8561,367.62183,0.3551911856725517,18,130.8139134121976,908.1,1884,273800,135,130.8139134121976,0.0003,5721,2568,246.52,62,908.0583726199998,86.03806,2235.2588
,,,163037,,,,,,8635,387.406,0.2035292902924971,18,47.27587800235066,931.5,1888,276200,136,47.08581348222971,0.0003,5772,2590,251.45,63,931.4787735699999,74.27641,2013.6631
,,,163889,,,,,,8684,336.62613,0.43745119027020685,18,90.32727001341514,939.5,1892,277800,137,86.40575999232068,0.0003,5803,2606,252.39,63,939.5397338399999,73.05062,2006.751
,,,164665,,,,,,8733,344.01285,0.8444216116396525,18,103.60242778938543,949.5,1896,279400,138,103.21240391250522,0.0003,5836,2620,254.3,64,949.53332398,87.23622,2504.1895
,,,165831,,,,,,8806,361.91946,0.10132292863986009,18,68.4220909427521,962.2,1900,281800,139,51.88892723321067,0.0003,5887,2641,256.92,64,962.2032309300002,60.55724,1656.0789
,,,166137,,,,,,8825,382.2569,1.0417725247343728,18,364.23129691608494,945.0,1904,282400,139,364.23129691608494,0.0003,5900,2646,252.33,64,945.0425288900001,73.25737,2001.1696
,,,167354,,,,,,8898,378.8992,0.12327707440849538,18,54.87825610076579,941.0,1908,284800,140,54.219807211073146,0.0003,5949,2669,251.05,65,941.0354944799999,77.96719,2058.381
,,,168220,,,,,,8954,349.78043,0.6435721159041026,18,81.95224392117909,950.7,1912,286600,141,81.73463149666885,0.0003,5985,2688,252.75,65,950.69159397,81.40817,2156.0881
,,,168894,,,,,,8990,301.05988,0.8090039032296882,18,138.3204079151599,927.1,1916,287800,141,136.62929512574726,0.0003,6009,2699,246.07,66,927.1187016599999,78.75837,2022.8419
,,,169497,,,,,,9027,327.31445,2.417452932721022,18,130.91603417882797,906.8,1920,289000,142,130.91603417882797,0.0003,6034,2709,240.47,66,906.8134956499999,75.36448,2011.4728
122.02465795862803,130.54545454545453,480.71739327272735,170001,835.2,125.70423,310.02982,235.12274892111566,1,,,,,,,,,,,,,,,,,,
,,,170092,,,,,,9066,321.73505,5.6365439541086,18,64.16695010433547,888.3,1924,290200,142,64.04060477416304,0.0003,6059,2720,235.16,66,888.2843413100001,80.1091,2059.235
,,,170646,,,,,,9103,326.74844,2.1966857254706036,18,164.88686889503768,877.7,1928,291400,143,164.7801132538604,0.0003,6083,2732,231.96,66,877.68788206,69.856995,1787.0038
,,,171269,,,,,,9138,360.78452,22.245694472948085,18,46.525485947424855,877.3,1932,292600,143,38.86905155206858,0.0003,6107,2743,231.51,67,877.2510250199999,77.394905,2004.5581
,,,171598,,,,,,9157,382.49957,0.3420803845215333,18,372.31209893742,847.6,1936,293200,144,372.31209893742,0.0003,6119,2749,223.54,67,847.6336095600001,76.85379,2001.2953
,,,172263,,,,,,9200,340.8796,0.9419600398410085,18,169.7783895005055,844.7,1940,294600,144,169.4826843910134,0.0003,6147,2762,222.62,67,844.68227441,99.34776,2286.8523
,,,173006,,,,,,9249,337.10825,0.9448812333474067,18,122.01137419832246,836.1,1944,296200,145,121.83470831080521,0.0003,6180,2778,219.76,68,836.14605288,106.132835,2464.1375
,,,173644,,,,,,9286,327.1176,0.8124804732349432,18,179.65147987952056,836.3,1948,297400,146,178.05569756936447,0.0003,6204,2790,219.92,68,836.27201236,111.30466,2230.1235
,,,174576,,,,,,9342,368.3461,0.7900078537065144,18,55.4333113783624,846.2,1952,299200,147,52.98716212047228,0.0003,6240,2807,221.94,69,846.2319234700001,119.13891,2525.9858
,,,175506,,,,,,9404,307.77994,0.223836955396907,18,57.24069314467856,853.3,1956,301200,148,55.020632682501194,0.0003,6280,2828,223.27,69,853.27206442,93.715965,2229.09
,,,176166,,,,,,9441,326.433,4.092541539412875,18,61.26905193989082,801.0,1960,302400,148,59.2170695395303,0.0003,6304,2840,210.45,69,800.9871553999998,89.27339,2197.722
,,,176846,,,,,,9485,306.54547,6.039203146072161,18,33.13794139776285,774.9,1964,303800,149,17.105014890650114,0.0003,6331,2855,204.09,70,774.88336209,98.43425,2414.876
,,,177942,,,,,,9553,327.2923,0.13200053702112705,18,24.749784641922798,774.1,1968,306000,150,16.2070672978378,0.0003,6375,2878,203.62,70,774.0833740100002,87.87733,2263.275
,,,178394,,,,,,9578,374.96512,0.13306549436556578,18,363.0700214482194,752.3,1972,306800,150,363.0700214482194,0.0003,6392,2886,198.57,70,752.3166033400001,95.70142,2397.1392
,,,179299,,,,,,9633,241.59874,0.11038988959371845,18,74.31087289182777,732.1,1976,308600,151,68.42831479342337,0.0003,6428,2904,193.95,71,732.0935490600002,81.48423,2277.8022
,,,179883,,,,,,9670,369.9315,41.20933324252268,18,73.68072609674037,711.6,1980,309800,151,73.65528536897952,0.0003,6452,2916,189.32,71,711.639056,101.83193,2389.0916
41.47382381481388,345.90909090909093,1407.3042007272727,180001,944.5,46.44739,349.75693,318.31872543912004,3,,,,,,,,,,,,,,,,,,
,,,181447,,,,,,9772,279.4016,0.0008961038259486882,18,42.41690239540611,741.9,1984,313000,152,3.5406405844915434,0.0003,6518,2946,196.37,72,741.85179659,77.82039,2168.101
,,,182249,,,,,,9821,318.7467,0.2595369324797374,18,140.1611089892695,722.9,1988,314600,153,140.1611089892695,0.0003,6551,2960,192.12,72,722.8713506000001,103.515205,2611.0576
,,,183389,,,,,,9889,379.4814,0.12399767381099396,18,83.87773437348066,734.5,1992,316800,154,83.04572965492511,0.0003,6598,2979,195.0,72,734.49799422,76.14715,2068.2375
,,,184649,,,,,,9968,359.10727,0.024717509157611558,18,53.8398571346326,754.6,1996,319400,155,49.98678596048069,0.0003,6654,3002,199.84,73,754.5714587199999,75.10185,1964.1659
,,,186022,,,,,,10056,303.45685,0.0026878238946981712,18,53.27441881039032,764.2,2000,322200,156,49.17760019332279,0.0003,6714,3027,201.91,73,764.1734732899998,77.455055,2098.3691
,,,187186,,,,,,10136,319.9385,0.013311691244379047,18,94.6925943702401,800.5,2004,324400,157,94.6925943702401,0.0003,6769,3051,210.49,74,800.49953665,83.88899,2028.6229
,,,187845,,,,,,10186,364.94778,1.1435066953417372,18,192.24957763251828,778.1,2008,325800,157,192.24957763251828,0.0003,6803,3066,204.91,74,778.0615080899998,88.72312,2389.6514
,,,188785,,,,,,10252,290.57382,0.1391383827248337,18,50.35770038513572,781.9,2012,327600,158,47.082199226541945,0.0003,6847,3086,205.65,75,781.9174280699999,78.370895,1935.5502
,,,189054,,,,,,10273,358.37042,-0.3085336205272383,18,361.1689986512255,766.2,2016,328200,159,361.1689986512255,0.0003,6861,3093,201.6,75,766.22605669,86.639336,2412.042
52.39938414358436,336.54545454545456,1296.7919343636363,190001,1023.9,65.48471,317.66855,270.1749847051337,4,,,,,,,,,,,,,,,,,,
,,,190393,,,,,,10373,327.43906,0.017380169349415463,18,22.913026298856717,798.2,2020,330800,160,8.868180034090546,0.0003,6923,3123,208.96,76,798.2173505200001,96.54376,2086.3079
,,,191439,,,,,,10452,366.6101,14.198168352652925,18,24.13824585874552,816.7,2024,333000,161,4.354722874360572,0.0003,6976,3147,213.47,76,816.74205534,93.013504,2427.989
,,,192726,,,,,,10546,314.81924,0.0040314519314674615,18,84.85972117030224,848.9,2028,335600,162,84.83505680891021,0.0003,7041,3175,220.8,77,848.8905085599998,106.68178,2343.9202
,,,194130,,,,,,10646,280.68533,0.0007592205674821547,18,93.98347286024128,882.2,2032,338400,163,91.1258802577678,0.0003,7109,3205,228.61,78,882.17837008,93.29695,2064.495
,,,195342,,,,,,10735,363.93158,0.01643792140493252,18,118.47680926791945,919.9,2036,340800,164,118.47680926791945,0.0003,7170,3231,237.44,78,919.91112773,101.51506,2403.7048
,,,196189,,,,,,10793,347.71588,0.22411976452581425,18,161.408649581588,929.0,2040,342400,165,161.408649581588,0.0003,7209,3249,239.26,79,928.9898493100002,89.17013,2370.4707
,,,196945,,,,,,10850,310.14398,0.19044460806695973,18,180.9750549067024,928.7,2044,344000,166,180.14385678288437,0.0003,7248,3266,239.39,79,928.6859532499999,97.938194,2559.6248
,,,197767,,,,,,10909,262.2744,0.3339083338733189,18,64.17296462539322,938.6,2048,345600,167,38.64097601885305,0.0003,7286,3285,241.23,80,938.5948030499999,99.79677,2304.7341
