eval_discount_q,eval_eplenmean,eval_abs_qs_difference,total timesteps,eval_qs_difference,eval_time_elapsed,eval mean 100 episode reward,eval_qs,eval_ep_rewmean,discount_q,qs_abs_difference,eplenmean,fps,time_elapsed,episodes,env_time,act_time,mean 100 episode reward,ep_rewmean,train_time,n_updates,update_time,qs_difference,qs_mean,current_lr,q_grad_norm,qfs_loss
0.8942855401247622,20.0,2.5985327,1,2.003051992565253,0,0.2,-1.6216812,0.1603959090909091,,,,,,,,,,,,,,,,,,
,,,115,,,,,,2.9018806133078248,4.435884129085074,28.75,89,1,4,0,0,18.6,18.561705500000002,0,0,0,-4.435884129085074,-0.15669936,0.0003,,
,,,186,,,,,,6.7185493484751415,5.222578411689058,23.25,134,1,8,0,0,16.3,16.326069375000003,0,0,0,-5.222578411689058,-0.4561832,0.0003,,
,,,236,,,,,,5.411075216144156,4.340554333088361,19.666666666666668,158,1,12,0,0,14.4,14.405722833333334,0,0,0,-4.340554333088361,-0.41183507,0.0003,,
,,,300,,,,,,5.574808028081866,3.610136348193188,18.75,185,1,16,0,0,13.5,13.513709625,0,0,0,-3.5015836984986404,-0.30852762,0.0003,,
,,,381,,,,,,6.2000096316977595,6.4694039211935745,19.05,219,1,20,0,0,13.6,13.5746146,0,0,0,-6.4694039211935745,-0.0875335,0.0003,,
,,,514,,,,,,1.9022371605822859,3.4494356914207693,21.416666666666668,260,1,24,0,0,16.6,16.603430083333333,0,0,0,-3.4494356914207693,-0.14254215,0.0003,,
,,,605,,,,,,10.851845115134708,12.102627914774036,21.607142857142858,285,2,28,0,0,17.5,17.491430178571427,0,0,0,-12.102627914774036,-0.21950965,0.0003,,
,,,691,,,,,,7.82106194597841,6.493209737011465,21.59375,313,2,32,0,0,18.1,18.07280409375,0,0,0,-6.493209737011465,-0.19180122,0.0003,,
,,,753,,,,,,4.455705562923759,4.058566843443634,20.916666666666668,324,2,36,0,0,17.1,17.120411861111112,0,0,0,-4.058566843443634,-0.3929129,0.0003,,
,,,836,,,,,,24.83156485142445,20.25651627094773,20.9,338,2,40,0,0,17.3,17.253935849999998,0,0,0,-20.25651627094773,-0.21768598,0.0003,,
,,,904,,,,,,5.879089934810443,5.306376868703156,20.545454545454547,347,2,44,0,0,16.6,16.582528045454545,0,0,0,-5.306376868703156,-0.13393731,0.0003,,
,,,986,,,,,,3.2853396681271714,3.6339119308930323,20.541666666666668,366,2,48,1,0,16.5,16.454733541666666,0,0,0,-3.6339119308930323,-0.4229905,0.0003,,
,,,1058,,,,,,5.602958440250582,2.97474166269987,20.346153846153847,372,2,52,1,0,16.2,16.167204557692305,0,0,0,-2.9454810461147978,-0.4432383,0.0003,,
,,,1141,,,,,,8.447298345465928,7.671908023030456,20.375,379,3,56,1,0,16.2,16.229934589285715,0,0,0,-7.671908023030456,-0.35988942,0.0003,,
,,,1224,,,,,,6.781879739618045,7.589535741461396,20.4,384,3,60,1,0,16.4,16.391627983333336,0,0,0,-7.589535741461396,-0.2079316,0.0003,,
,,,1304,,,,,,7.431022368508717,6.087782084242248,20.375,387,3,64,1,0,16.2,16.242972234375,0,0,1,-6.087782084242248,-0.17610201,0.0003,,
,,,1453,,,,,,1.443595838536508,3.180053439807972,21.36764705882353,402,3,68,1,0,19.0,18.989984558823526,0,0,1,-3.180053439807972,-0.16920535,0.0003,,
,,,1538,,,,,,6.123582269827368,5.646138903400618,21.36111111111111,403,3,72,1,0,18.8,18.79170636111111,0,0,1,-5.646138903400618,-0.36089152,0.0003,,
,,,1604,,,,,,7.910538099747835,7.676036417961283,21.105263157894736,400,4,76,1,0,18.5,18.50468340789474,0,0,1,-7.676036417961283,-0.080296814,0.0003,,
,,,1656,,,,,,6.917953559673812,5.973956396039301,20.7,407,4,80,1,0,18.1,18.0604537,0,0,1,-5.973956396039301,-0.40036336,0.0003,,
,,,1753,,,,,,4.329249402997661,4.309076110029439,20.86904761904762,408,4,84,1,0,18.1,18.127594380952377,0,0,1,-4.309076110029439,-0.4477919,0.0003,,
,,,1917,,,,,,15.728290914468213,35.66099757720207,21.78409090909091,404,4,88,1,0,19.9,19.940960034090907,0,0,1,-35.66099757720207,-0.07492495,0.0003,,
,,,1992,,,,,,6.160982348169898,6.06210692419254,21.652173913043477,413,4,92,1,0,19.7,19.686299608695652,0,0,1,-6.06210692419254,-0.14900622,0.0003,,
,,,2045,,,,,,5.0480484471022145,3.864955219084922,21.302083333333332,405,5,96,1,0,19.3,19.302588833333335,0,0,1,-3.864955219084922,-0.27214354,0.0003,,
,,,2135,,,,,,10.328879468526042,9.503082277364364,21.35,396,5,100,1,0,19.2,19.229497900000002,0,0,2,-9.503082277364364,-0.3394133,0.0003,,
,,,2210,,,,,,6.321558083904035,6.18777649292595,20.95,386,5,104,2,0,19.0,19.03332148,0,0,2,-6.18777649292595,-0.43603322,0.0003,,
,,,2279,,,,,,4.470037157408827,3.8183050148077364,20.93,391,5,108,2,0,18.9,18.931345320000002,0,0,2,-3.8183050148077364,-0.44888592,0.0003,,
,,,2368,,,,,,3.6985911061419956,2.8270762652840355,21.32,382,6,112,2,0,19.0,18.955999560000002,0,0,2,-2.8105560194300896,-0.4024281,0.0003,,
,,,2475,,,,,,19.815827153805078,18.047180342190416,21.75,375,6,116,2,0,19.3,19.30331728,0,0,2,-18.047180342190416,-0.2900163,0.0003,,
,,,2596,,,,,,4.775190562743028,6.183838894698154,22.15,375,6,120,2,0,19.7,19.663856560000003,0,0,3,-6.183838894698154,-0.31359366,0.0003,,
,,,2681,,,,,,3.900865372768212,3.5698199839879194,21.67,373,7,124,2,0,19.0,19.027752730000003,0,0,3,-3.5698199839879194,-0.2983925,0.0003,,
,,,2758,,,,,,3.9539040614861447,3.8850429592834144,21.53,369,7,128,2,0,18.7,18.71961502,0,0,3,-3.8850429592834144,-0.18100227,0.0003,,
,,,2832,,,,,,4.982446543636947,3.8028389949093016,21.41,366,7,132,2,0,18.2,18.21433516,0,0,3,-3.7435759280368717,-0.33108133,0.0003,,
,,,2914,,,,,,3.8019327714274933,4.189537011757751,21.61,363,8,136,2,0,18.3,18.31189803,0,0,3,-4.189537011757751,-0.16158363,0.0003,,
,,,3035,,,,,,15.453224269319694,18.746397647855098,21.99,362,8,140,2,0,18.7,18.672198650000002,0,0,4,-18.746397647855098,-0.17471075,0.0003,,
,,,3146,,,,,,27.531493867575097,29.07417448317203,22.42,360,8,144,2,0,19.3,19.29958264,0,0,4,-29.07417448317203,-0.18168329,0.0003,,
,,,3223,,,,,,18.44418118696471,18.132979471389625,22.37,356,9,148,2,0,19.3,19.30953865,0,0,4,-18.132979471389625,-0.011443657,0.0003,,
,,,3316,,,,,,6.612808153378859,7.276181007561598,22.58,353,9,152,2,0,19.6,19.632790619999998,0,0,4,-7.276181007561598,-0.16357757,0.0003,,
,,,3393,,,,,,12.254442866401334,10.855322186427358,22.52,358,9,156,3,0,19.6,19.578997339999997,0,0,4,-10.855322186427358,-0.2593257,0.0003,,
,,,3477,,,,,,4.162078828693607,4.912422200631715,22.53,354,9,160,3,0,19.5,19.47459589,0,0,5,-4.912422200631715,-0.20220275,0.0003,,
,,,3591,,,,,,3.1354580387997677,5.046670433314412,22.87,349,10,164,3,0,20.5,20.54221014,0,0,5,-5.046670433314412,-0.33406523,0.0003,,
,,,3692,,,,,,7.353547833435832,8.283274678239597,22.39,341,10,168,3,0,18.9,18.86234571,0,0,5,-8.283274678239597,-0.19342615,0.0003,,
,,,3766,,,,,,10.991959710565999,10.844967329846257,22.28,333,11,172,3,0,19.0,18.977078289999998,0,0,6,-10.844967329846257,-0.27830434,0.0003,,
,,,3846,,,,,,7.79881599083004,6.692315052856571,22.42,328,11,176,3,0,19.1,19.10409969,0,0,6,-6.692315052856571,-0.28489244,0.0003,,
,,,3903,,,,,,6.79597815952561,5.00603494279675,22.47,323,12,180,3,0,19.1,19.13367874,0,0,6,-5.00603494279675,-0.26788807,0.0003,,
,,,3978,,,,,,3.8525033253097556,3.8257357485411547,22.25,328,12,184,3,0,19.1,19.093505989999997,0,0,6,-3.8257357485411547,-0.14442798,0.0003,,
,,,4068,,,,,,12.28914775718634,10.322594059334705,21.51,325,12,188,3,0,17.6,17.55667264,0,0,6,-10.322594059334705,-0.2987551,0.0003,,
,,,4197,,,,,,9.255815732878464,12.180784421053735,22.05,324,12,192,3,0,18.4,18.41883343,0,0,7,-12.180784421053735,-0.3199015,0.0003,,
,,,4274,,,,,,6.590070690188318,6.057100387384329,22.29,321,13,196,3,0,18.5,18.488063450000006,0,0,7,-6.057100387384329,-0.39446023,0.0003,,
,,,4336,,,,,,12.405894040428503,10.805022768612613,22.01,316,13,200,3,0,18.3,18.34714658,0,0,7,-10.805022768612613,-0.094219804,0.0003,,
,,,4426,,,,,,11.003587417104558,11.502825950231317,22.16,313,14,204,3,0,18.4,18.44819429,0,0,8,-11.502825950231317,-0.13233952,0.0003,,
,,,4535,,,,,,20.300419683908558,22.064286294622985,22.56,311,14,208,3,0,18.8,18.82961762,0,0,8,-22.064286294622985,-0.22490978,0.0003,,
,,,4618,,,,,,4.595777479753088,3.8531008754273195,22.5,306,15,212,4,0,19.0,19.00922858,0,0,8,-3.8531008754273195,-0.23018312,0.0003,,
,,,4711,,,,,,7.670814383890901,9.248310543709179,22.36,300,15,216,4,0,18.9,18.941173459999998,0,0,9,-9.248310543709179,-0.110933244,0.0003,,
,,,4799,,,,,,3.376342473713334,2.7264890839340845,22.03,303,15,220,4,0,18.7,18.663085470000002,0,0,9,-2.7236715874709043,-0.42775044,0.0003,,
,,,4896,,,,,,3.905494495894695,3.542577652634667,22.15,298,16,224,4,0,19.0,18.99159102,0,0,9,-3.529110066815076,-0.31670275,0.0003,,
,,,4980,,,,,,5.063599093596197,5.369488348626347,22.22,295,16,228,4,0,19.0,18.96207282,0,0,10,-5.369488348626347,-0.31849697,0.0003,,
,,,5084,,,,,,7.719695962130351,8.188244254796217,22.52,293,17,232,4,0,19.3,19.31124261,0,0,10,-8.188244254796217,-0.3682093,0.0003,,
,,,5178,,,,,,2.354881108089018,2.889715116236549,22.64,291,17,236,4,0,19.8,19.76131739,0,0,10,-2.889715116236549,-0.25399956,0.0003,,
,,,5272,,,,,,10.328409004324735,12.713535712873183,22.37,289,18,240,4,0,19.2,19.179279779999998,0,0,11,-12.713535712873183,-0.23152003,0.0003,,
,,,5344,,,,,,9.367230403850117,7.895373468653381,21.98,285,18,244,4,0,18.8,18.75074102,0,0,11,-7.895373468653381,-0.28427055,0.0003,,
,,,5453,,,,,,10.139520360254808,14.202267220693132,22.3,284,19,248,4,0,19.1,19.119405760000003,0,0,12,-14.202267220693132,-0.04948512,0.0003,,
,,,5551,,,,,,4.875128221579493,4.457004738071008,22.35,280,19,252,4,0,19.2,19.15270119,0,0,12,-4.457004738071008,-0.33783436,0.0003,,
,,,5647,,,,,,3.1882408531905195,2.8233131273945316,22.54,276,20,256,4,0,19.5,19.516994,0,0,13,-2.8233131273945316,-0.284347,0.0003,,
,,,5735,,,,,,4.631487911283766,5.145630826642338,22.58,271,21,260,5,0,19.6,19.6224882,0,0,13,-5.145630826642338,-0.27734375,0.0003,,
,,,5828,,,,,,4.610967823016607,5.62126589526668,22.37,268,21,264,5,0,18.7,18.734132499999998,0,0,14,-5.62126589526668,-0.24056312,0.0003,,
,,,5905,,,,,,7.018587906774535,5.983182551568331,22.13,266,22,268,5,0,18.6,18.604009970000003,0,0,14,-5.983182551568331,-0.25342607,0.0003,,
,,,5969,,,,,,6.004134976477838,3.435755929259831,22.03,268,22,272,5,0,18.3,18.28649697,0,0,14,-3.4313702876254477,-0.34500805,0.0003,,
,,,6034,,,,,,5.173846423483965,5.110538152587951,21.88,265,22,276,5,0,18.2,18.17165878,0,0,14,-5.110538152587951,-0.30609986,0.0003,,
,,,6096,,,,,,4.16409665361879,3.627201285808486,21.93,267,22,280,5,0,18.2,18.17494731,0,0,14,-3.627201285808486,-0.22716735,0.0003,,
,,,6187,,,,,,2.834010529648522,3.020482773063498,22.09,265,23,284,5,0,18.1,18.12423014,0,0,15,-3.020482773063498,-0.20239587,0.0003,,
,,,6266,,,,,,9.413495231340997,7.947940660718479,21.98,262,23,288,5,0,18.0,18.008818690000002,0,0,15,-7.947940660718479,-0.32704863,0.0003,,
,,,6365,,,,,,2.7536157052402928,3.688077424414241,21.68,260,24,292,5,0,17.3,17.27252574,0,0,16,-3.688077424414241,-0.21469958,0.0003,,
,,,6440,,,,,,5.699333356400344,5.5670756010768425,21.66,255,25,296,5,0,17.2,17.23364513,0,0,16,-5.5670756010768425,-0.34948304,0.0003,,
,,,6561,,,,,,5.213202674440376,6.782068264153916,22.25,252,25,300,5,0,18.0,17.9808724,0,0,17,-6.782068264153916,-0.27778143,0.0003,,
,,,6633,,,,,,13.203092256336733,11.955383696064933,22.07,249,26,304,5,0,17.9,17.88304867,0,0,18,-11.955383696064933,-0.22070019,0.0003,,
,,,6703,,,,,,11.773432399637125,10.767545172416455,21.68,247,27,308,5,0,17.7,17.67408597,0,0,18,-10.767545172416455,-0.17976238,0.0003,,
,,,6789,,,,,,3.430617822070712,2.783972800696515,21.71,249,27,312,5,0,17.8,17.84394096,0,0,18,-2.7262909003009757,-0.4414535,0.0003,,
,,,6841,,,,,,3.991488144883898,3.3375134645988904,21.3,246,27,316,5,0,17.5,17.541608830000005,0,0,19,-3.3375134645988904,-0.3822998,0.0003,,
,,,6908,,,,,,9.959085632906007,8.482016033967202,21.09,243,28,320,6,0,17.5,17.455393259999997,0,0,19,-8.482016033967202,-0.14449292,0.0003,,
,,,6976,,,,,,7.2108848811706565,6.055401536767235,20.8,245,28,324,6,0,17.1,17.12508807,0,0,19,-6.055401536767235,-0.35283884,0.0003,,
,,,7085,,,,,,3.4615126879105653,3.1138888230658504,21.05,244,29,328,6,0,17.4,17.43871995,0,0,20,-2.9589836605273763,-0.46560016,0.0003,,
,,,7176,,,,,,6.240085926191113,4.8936094889765,20.92,241,29,332,6,0,17.2,17.23075315,0,0,20,-4.8936094889765,-0.42247206,0.0003,,
,,,7237,,,,,,7.567670939615761,6.217737721002614,20.59,236,30,336,6,0,16.8,16.79481387,0,0,21,-6.217737721002614,-0.2109162,0.0003,,
,,,7319,,,,,,4.2982084826669595,4.417187452483001,20.47,233,31,340,6,0,17.1,17.13056606,0,0,21,-4.417187452483001,-0.43896443,0.0003,,
,,,7410,,,,,,3.577221890739566,2.822149730425629,20.66,232,31,344,6,0,17.3,17.288725460000002,0,0,22,-2.822149730425629,-0.25341064,0.0003,,
,,,7516,,,,,,31.512156527027468,31.067745637296866,20.63,230,32,348,6,0,17.5,17.49526961,0,0,23,-31.067745637296866,-0.1793484,0.0003,,
,,,7606,,,,,,8.032141132904169,8.033098441140973,20.55,229,33,352,6,0,17.5,17.45905699,0,0,23,-8.033098441140973,-0.19300532,0.0003,,
,,,7719,,,,,,7.029595001240676,9.895669611915784,20.72,227,33,356,6,0,17.5,17.50842636,0,0,24,-9.895669611915784,-0.2692754,0.0003,,
,,,7806,,,,,,11.117354875826326,8.695279401542782,20.71,225,34,360,6,0,17.3,17.33402019,0,0,24,-8.695279401542782,-0.35067245,0.0003,,
,,,7962,,,,,,1.3395710703055543,1.8499817875381637,21.34,223,35,364,6,0,18.2,18.15306103,0,0,25,-1.4255109758401612,-0.38889372,0.0003,,
,,,8060,,,,,,7.8931277308420675,9.314074896938864,21.55,221,36,368,7,0,18.2,18.226983110000003,0,0,26,-9.314074896938864,-0.29318398,0.0003,,
,,,8157,,,,,,8.322310201487905,9.169001978431826,21.88,219,37,372,7,0,18.5,18.536491990000002,0,0,26,-9.169001978431826,-0.23816001,0.0003,,
,,,8285,,,,,,8.036688554079829,5.364881484416494,22.51,219,37,376,7,0,19.1,19.067717680000005,0,0,27,-5.032256628117456,-0.48155266,0.0003,,
,,,8444,,,,,,2.7302192387494015,4.752307710568832,23.48,215,39,380,7,0,20.7,20.653545270000006,0,0,28,-4.752307710568832,-0.38663143,0.0003,,
,,,8567,,,,,,5.983787326681176,9.405310057140927,23.8,212,40,384,7,0,21.1,21.11967585,0,0,29,-9.405310057140927,-0.1623223,0.0003,,
,,,8697,,,,,,5.062165716707971,6.204176079661607,24.31,211,41,388,7,0,21.7,21.741892430000004,0,0,30,-6.204176079661607,-0.34083778,0.0003,,
,,,8826,,,,,,5.16808136107408,8.690003537189972,24.61,207,42,392,7,0,22.4,22.350047710000002,0,0,31,-8.690003537189972,-0.35206327,0.0003,,
,,,8893,,,,,,6.15704008024638,2.9274470096034113,24.53,209,42,396,7,0,22.2,22.237068150000006,0,0,31,-1.4631138213830586,-0.49672353,0.0003,,
,,,8968,,,,,,20.524830656804895,15.503259183742811,24.07,207,43,400,7,0,21.5,21.487999130000002,0,0,32,-15.503259183742811,-0.23482004,0.0003,,
,,,9021,,,,,,5.190366977084466,4.736205570401328,23.88,205,43,404,7,0,21.3,21.324532129999998,0,0,32,-4.736205570401328,-0.4191104,0.0003,,
,,,9148,,,,,,18.91888997455438,31.42854465676254,24.45,203,45,408,7,0,22.0,22.03827554,0,0,33,-31.42854465676254,-0.10789944,0.0003,,
,,,9244,,,,,,5.353285091745863,6.156674366749915,24.55,201,45,412,8,0,22.0,21.972138839999992,0,0,34,-6.156674366749915,-0.25624484,0.0003,,
,,,9317,,,,,,11.795220996603026,10.5469102088407,24.76,199,46,416,8,0,22.2,22.23696222,0,0,35,-10.5469102088407,-0.38822553,0.0003,,
,,,9404,,,,,,3.8674413331683333,4.586823813912623,24.96,198,47,420,8,0,22.1,22.12122681,0,0,35,-4.586823813912623,-0.46671402,0.0003,,
,,,9492,,,,,,4.996791088588745,5.424896598231294,25.16,199,47,424,8,0,22.2,22.178785689999998,0,0,35,-5.424896598231294,-0.2872813,0.0003,,
,,,9547,,,,,,3.829998959956698,2.734388972638768,24.62,197,48,428,8,0,21.7,21.721985849999996,0,0,36,-2.734388972638768,-0.26225927,0.0003,,
,,,9635,,,,,,4.2964965091456735,5.044176219922885,24.59,196,49,432,8,0,22.1,22.051554880000005,0,0,37,-5.044176219922885,-0.36891016,0.0003,,
,,,9732,,,,,,10.619030400614074,8.350528466999261,24.95,193,50,436,8,0,22.1,22.098961950000003,0,0,38,-8.350528466999261,-0.45155698,0.0003,,
,,,9813,,,,,,16.892305534303688,14.144971311357361,24.94,192,51,440,8,0,21.8,21.823438369999998,0,0,38,-14.144971311357361,-0.27870238,0.0003,,
,,,9887,,,,,,10.254890321179522,9.31476101302769,24.77,193,51,444,8,0,21.7,21.665011170000007,0,0,38,-9.31476101302769,-0.26598683,0.0003,,
,,,9982,,,,,,6.161694977096787,4.522202985853872,24.66,192,51,448,8,0,21.1,21.1250293,0,0,39,-4.522202985853872,-0.3811684,0.0003,,
0.9119529126001528,19.90909090909091,2.598918,10001,2.0033836839395276,0,0.2,-1.617532,0.1817189090909091,,,,,,,,,,,,,,,,,,
,,,10060,,,,,,5.487359409769469,5.658654442832455,24.54,189,52,452,8,0,20.8,20.837483960000004,0,0,40,-5.658654442832455,-0.39050287,0.0003,,
,,,10145,,,,,,13.374701497606067,13.682481997503249,24.26,188,53,456,8,0,20.6,20.5723614,0,0,41,-13.682481997503249,-0.28153843,0.0003,,
,,,10234,,,,,,5.705523783204002,6.585493191365314,24.28,186,54,460,8,0,20.6,20.602879629999997,0,0,42,-6.585493191365314,-0.30603886,0.0003,,
,,,10299,,,,,,6.441422285842165,5.015852259316727,23.37,187,55,464,8,0,19.6,19.575997710000003,0,0,42,-5.015852259316727,-0.40208405,0.0003,,
,,,10386,,,,,,4.757768937979337,5.386335953747193,23.26,185,55,468,9,0,19.6,19.635278100000004,0,0,42,-5.386335953747193,-0.43151346,0.0003,,
,,,10449,,,,,,6.219865984288397,4.965289066194335,22.92,184,56,472,9,0,19.3,19.33653966,0,0,43,-4.965289066194335,-0.35175478,0.0003,,
,,,10556,,,,,,4.679299318183684,6.294213151802062,22.71,183,57,476,9,0,19.1,19.06386657,0,0,44,-6.294213151802062,-0.12003773,0.0003,,
,,,10631,,,,,,2.7044783347285604,2.5813583491158543,21.87,181,58,480,9,0,17.7,17.68019696,0,0,45,-2.5813583491158543,-0.24490982,0.0003,,
,,,10758,,,,,,2.5099853066405715,3.5198258566358795,21.91,180,59,484,9,0,17.7,17.7104286,0,0,46,-3.5198258566358795,-0.47836623,0.0003,,
,,,10829,,,,,,10.680506137514486,10.006708853028849,21.32,178,60,488,9,0,17.0,17.0027919,0,0,47,-10.006708853028849,-0.32041892,0.0003,,
,,,10913,,,,,,10.322162491824923,10.248785878188981,20.87,177,61,492,9,0,16.5,16.460348200000002,0,0,47,-10.248785878188981,-0.27576268,0.0003,,
,,,10983,,,,,,4.136371573907019,4.14943733247762,20.9,178,61,496,9,0,16.6,16.58801984,0,0,47,-4.14943733247762,-0.31833202,0.0003,,
,,,11080,,,,,,3.9109095950823844,4.255624744206653,21.12,177,62,500,9,0,16.6,16.64394289,0,0,48,-4.255624744206653,-0.32401073,0.0003,,
,,,11185,,,,,,4.432453834244588,5.911012591706602,21.64,176,63,504,9,0,17.0,16.95672032,0,0,49,-5.911012591706602,-0.16990188,0.0003,,
,,,11255,,,,,,15.929588790828854,13.8137769905149,21.07,174,64,508,9,0,16.3,16.283049069999997,0,0,50,-13.8137769905149,-0.24975863,0.0003,,
,,,11328,,,,,,10.025715956256704,8.929818723259464,20.84,172,65,512,9,0,16.1,16.05175328,0,0,51,-8.929818723259464,-0.22436903,0.0003,,
,,,11379,,,,,,5.8288783121331225,4.747052622301502,20.62,173,65,516,9,0,15.7,15.74421536,0,0,51,-4.747052622301502,-0.09853309,0.0003,,
,,,11430,,,,,,7.847943603523298,6.273188306649777,20.26,171,66,520,9,0,15.7,15.711894170000003,0,0,52,-6.273188306649777,-0.21286869,0.0003,,
,,,11528,,,,,,6.49697653174839,4.590099923068386,20.36,170,67,524,9,0,15.8,15.78659716,0,0,53,-4.590099923068386,-0.5082047,0.0003,,
,,,11609,,,,,,9.524939194454504,9.617376998864113,20.62,169,68,528,10,0,16.1,16.078964069999998,0,0,53,-9.617376998864113,-0.33737233,0.0003,,
,,,11675,,,,,,6.265650293730557,5.8243727922056525,20.4,170,68,532,10,0,15.7,15.720703100000001,0,0,53,-5.8243727922056525,-0.10402863,0.0003,,
,,,11751,,,,,,9.210136245041294,8.165605568283512,20.19,168,69,536,10,0,15.6,15.63284492,0,0,55,-8.165605568283512,-0.24315713,0.0003,,
,,,11874,,,,,,3.493626679944824,4.809586265889307,20.61,167,70,540,10,0,16.3,16.252585410000002,0,0,55,-4.809586265889307,-0.24967514,0.0003,,
,,,11996,,,,,,5.0647103344138955,4.368737525217561,21.09,167,71,544,10,0,16.7,16.68766959,0,0,56,-4.368737525217561,-0.42644122,0.0003,,
,,,12075,,,,,,7.550254220063998,7.909730069882565,20.93,165,72,548,10,0,16.7,16.72153084,0,0,57,-7.909730069882565,-0.059886757,0.0003,,
,,,12160,,,,,,8.494314382624639,9.69827436615605,21.0,164,73,552,10,0,16.9,16.912362260000002,0,0,58,-9.69827436615605,-0.047265813,0.0003,,
,,,12230,,,,,,7.675614569133137,6.964691822986898,20.85,162,75,556,10,0,16.8,16.806552410000002,0,0,59,-6.964691822986898,-0.31432134,0.0003,,
,,,12366,,,,,,12.341855103436025,20.65705807818385,21.32,162,76,560,10,0,17.5,17.463602589999997,0,0,60,-20.65705807818385,-0.19445655,0.0003,,
,,,12445,,,,,,5.08852291517617,4.3455054524074965,21.46,161,77,564,10,0,17.5,17.53163234,0,0,61,-4.3455054524074965,-0.22786027,0.0003,,
,,,12591,,,,,,3.603801767081484,5.468532081892393,22.05,160,78,568,10,0,18.7,18.667307939999997,0,0,62,-5.468532081892393,-0.3197326,0.0003,,
,,,12667,,,,,,3.7430457791066765,3.895157204148,22.18,159,79,572,10,0,18.9,18.858538770000003,0,0,63,-3.895157204148,-0.25505367,0.0003,,
,,,12770,,,,,,7.965873440571125,6.948881594343002,22.14,158,80,576,11,0,18.9,18.945724719999998,0,0,64,-6.948881594343002,-0.42494732,0.0003,,
,,,12837,,,,,,4.941718475503091,4.716580756228237,22.06,157,81,580,11,0,18.8,18.815779809999995,0,0,65,-4.716580756228237,-0.2927204,0.0003,,
,,,12904,,,,,,4.741949201710951,3.638570504074057,21.46,156,82,584,11,0,18.0,18.049518149999997,0,0,66,-3.638570504074057,-0.3232639,0.0003,,
,,,12976,,,,,,8.208552291158531,8.006899746985082,21.47,156,82,588,11,0,18.0,18.01703924,0,0,66,-8.006899746985082,-0.16312057,0.0003,,
,,,13047,,,,,,6.047239745392634,5.9185987865800955,21.34,155,83,592,11,0,17.8,17.794147539999997,0,0,67,-5.9185987865800955,-0.1055105,0.0003,,
,,,13157,,,,,,4.354248270399498,5.396115559852068,21.74,154,85,596,11,0,18.2,18.180051549999998,0,0,68,-5.396115559852068,-0.415847,0.0003,,
,,,13249,,,,,,22.22388385214326,23.270339304999712,21.69,153,86,600,11,0,18.3,18.311737559999997,0,0,69,-23.270339304999712,-0.31068766,0.0003,,
,,,13323,,,,,,3.361324513675114,2.662743250479981,21.38,152,87,604,11,0,18.2,18.2192484,0,0,70,-2.662743250479981,-0.4705365,0.0003,,
,,,13389,,,,,,5.660128045913802,3.126004006605172,21.34,153,87,608,11,0,18.1,18.055517019999996,0,0,70,-3.126004006605172,-0.41934547,0.0003,,
,,,13471,,,,,,10.446094859843287,9.542929433333988,21.43,152,88,612,11,0,18.2,18.189080899999997,0,0,71,-9.542929433333988,-0.34470394,0.0003,,
,,,13538,,,,,,5.888568725220339,5.644995415395916,21.59,150,89,616,11,0,18.3,18.2691151,0,0,73,-5.644995415395916,-0.3436167,0.0003,,
,,,13615,,,,,,6.669274936198041,6.763064832806206,21.85,149,90,620,11,0,18.4,18.36286381,0,0,74,-6.763064832806206,-0.12770967,0.0003,,
,,,13667,,,,,,5.443291315827289,4.238101441376464,21.39,150,90,624,11,0,18.0,18.029625579999998,0,0,74,-4.238101441376464,-0.25997207,0.0003,,
,,,13739,,,,,,6.522392782396007,5.765622308602143,21.3,149,91,628,11,0,17.7,17.72964643,0,0,75,-5.765622308602143,-0.24809004,0.0003,,
,,,13797,,,,,,5.254641762278011,4.174395582440268,21.22,149,92,632,11,0,17.6,17.61606259,0,0,75,-4.174395582440268,-0.3173332,0.0003,,
,,,13904,,,,,,11.63357402338782,15.735885280748201,21.53,147,94,636,12,0,18.1,18.07566356,0,0,77,-15.735885280748201,-0.1514954,0.0003,,
,,,13978,,,,,,9.306420291942649,9.214990331446714,21.04,147,94,640,12,0,17.7,17.66669068,0,0,77,-9.214990331446714,-0.20290007,0.0003,,
,,,14045,,,,,,7.566527083225009,6.800206908454163,20.49,146,95,644,12,0,17.1,17.07997218,0,0,78,-6.800206908454163,-0.40076244,0.0003,,
,,,14119,,,,,,5.119683250932753,4.869502624175099,20.44,145,96,648,12,0,17.0,17.004929920000002,0,0,79,-4.869502624175099,-0.26966423,0.0003,,
,,,14212,,,,,,6.998203042087439,8.515828472430037,20.52,145,97,652,12,0,17.0,16.975152230000003,0,0,80,-8.515828472430037,-0.26957458,0.0003,,
,,,14332,,,,,,4.402557662102736,6.107572417556914,21.02,143,99,656,12,0,17.6,17.55142757,0,0,81,-6.107572417556914,-0.33268684,0.0003,,
,,,14396,,,,,,3.899766275174225,3.774796863348533,20.3,144,99,660,12,0,16.9,16.85427162,0,0,81,-3.774796863348533,-0.3781543,0.0003,,
,,,14497,,,,,,5.341920545445096,6.080842133118786,20.52,143,100,664,12,0,17.0,17.046590300000002,0,0,82,-6.080842133118786,-0.34563884,0.0003,,
,,,14569,,,,,,10.01473975227059,9.291403483931463,19.78,142,101,668,12,1,15.6,15.565814260000002,0,0,83,-9.291403483931463,-0.3594568,0.0003,,
,,,14656,,,,,,13.121297014190928,7.71990812199721,19.89,142,103,672,12,1,15.5,15.503973729999998,0,0,84,-7.71990812199721,-0.47418413,0.0003,,
,,,14765,,,,,,3.331505858563291,3.7969626149325757,19.95,141,104,676,12,1,15.9,15.877779239999997,0,0,86,-3.7969626149325757,-0.43543345,0.0003,,
,,,14834,,,,,,5.308322224412046,3.739491656988599,19.97,140,105,680,12,1,15.9,15.882539419999999,0,0,87,-3.739491656988599,-0.2761287,0.0003,,
,,,14927,,,,,,7.8331626462855874,8.168987595117285,20.23,139,106,684,12,1,16.2,16.17584871,0,0,88,-8.168987595117285,-0.3605621,0.0003,,
,,,14993,,,,,,3.994312811106394,3.1843904960993834,20.17,140,107,688,12,1,16.1,16.053962649999995,0,0,88,-3.1843904960993834,-0.2239295,0.0003,,
,,,15059,,,,,,10.880113658852565,8.06759288855767,20.12,139,108,692,13,1,16.0,16.01422483,0,0,89,-8.06759288855767,-0.27845514,0.0003,,
,,,15139,,,,,,12.865769728567175,6.803976599944133,19.82,137,109,696,13,1,15.7,15.711094599999997,0,0,91,-6.803976599944133,-0.39563185,0.0003,,
,,,15264,,,,,,3.347145970266199,5.616799885174794,20.15,137,111,700,13,1,15.8,15.799649690000003,0,0,92,-5.616799885174794,-0.3226213,0.0003,,
,,,15395,,,,,,2.5542686004210173,3.9940611376077624,20.72,137,112,704,13,1,16.6,16.5522443,0,0,93,-3.9940611376077624,-0.47847417,0.0003,,
,,,15605,,,,,,14.173417161352493,42.60764944697164,22.16,134,116,708,13,1,18.8,18.78700087,0,0,97,-42.60764944697164,-0.15086907,0.0003,,
,,,15681,,,,,,9.129565557807805,8.589860702878521,22.1,134,116,712,13,1,18.7,18.65343233,0,0,97,-8.589860702878521,-0.3122084,0.0003,,
,,,15808,,,,,,8.378918612931491,15.096218401371438,22.7,132,119,716,13,1,19.4,19.36410387,0,0,99,-15.096218401371438,-0.14150548,0.0003,,
,,,15916,,,,,,11.502424636282338,15.531520243120584,23.01,132,120,720,13,1,19.8,19.83485323,0,0,100,-15.531520243120584,-0.05624416,0.0003,,
,,,15967,,,,,,4.545120795979736,3.31116343058773,23.0,132,120,724,13,1,19.8,19.75573517,0,0,100,-3.31116343058773,-0.43900052,0.0003,,
,,,16050,,,,,,14.799862331709507,12.895384844936707,23.11,131,121,728,13,1,20.0,20.04223544,0,0,101,-12.895384844936707,-0.34900722,0.0003,,
,,,16128,,,,,,5.955236056311569,5.767753394002157,23.31,131,122,732,13,1,20.2,20.22578551,0,0,103,-5.767753394002157,-0.3864402,0.0003,,
,,,16190,,,,,,5.391399225841641,3.7640200953532648,22.86,131,123,736,13,1,19.7,19.680727360000002,0,0,103,-3.7640200953532648,-0.13709414,0.0003,,
,,,16312,,,,,,15.847761237608154,22.32733027907638,23.34,129,125,740,14,1,20.4,20.35896695,0,0,105,-22.32733027907638,-0.10635405,0.0003,,
,,,16383,,,,,,9.722512135167163,6.097341561803001,23.38,130,125,744,14,1,20.4,20.38931502,0,0,105,-6.097341561803001,-0.3326261,0.0003,,
,,,16455,,,,,,5.967361986039462,4.57030477395379,23.36,129,127,748,14,1,20.2,20.22656387,0,0,107,-4.57030477395379,-0.27827638,0.0003,,
,,,16510,,,,,,5.9140712789930845,4.431476228134693,22.98,128,128,752,14,1,20.0,19.968849329999998,0,0,108,-4.431476228134693,-0.15842482,0.0003,,
,,,16610,,,,,,6.180737093110343,6.040568432286627,22.78,127,130,756,14,1,19.3,19.31421001,0,0,109,-6.040568432286627,-0.37702987,0.0003,,
,,,16685,,,,,,24.723675997312146,21.708380342140916,22.89,128,130,760,14,1,19.5,19.46325088,0,0,109,-21.708380342140916,-0.07338401,0.0003,,
,,,16787,,,,,,6.270843649828581,5.631800786132676,22.9,127,131,764,14,1,19.5,19.47975748,0,0,111,-5.631800786132676,-0.44547844,0.0003,,
,,,16860,,,,,,7.3168771415054605,6.803258682831478,22.91,126,132,768,14,1,19.6,19.62389158,0,0,112,-6.803258682831478,-0.34607,0.0003,,
,,,16937,,,,,,16.544963004648206,14.35931218642692,22.81,125,134,772,14,1,19.7,19.679010499999993,0,0,113,-14.35931218642692,-0.33927706,0.0003,,
,,,17018,,,,,,6.798651001827312,2.973284837961522,22.53,125,135,776,14,1,19.0,19.020205569999998,0,0,115,-2.878774010194267,-0.514011,0.0003,,
,,,17089,,,,,,4.463259767400208,4.542816394057974,22.55,125,135,780,14,1,19.1,19.05682788,0,0,115,-4.542816394057974,-0.3424451,0.0003,,
,,,17159,,,,,,6.247079751839594,5.293548398433054,22.32,124,137,784,14,1,19.0,18.95401415,0,0,116,-5.293548398433054,-0.21355723,0.0003,,
,,,17312,,,,,,7.322118096848905,9.605707248984752,23.19,123,140,788,14,1,19.9,19.87411941,0,0,119,-9.605707248984752,-0.3725908,0.0003,,
,,,17374,,,,,,5.005181906782712,3.070859260197088,23.15,123,140,792,14,1,19.7,19.68924449,0,0,119,-3.070859260197088,-0.44388738,0.0003,,
,,,17484,,,,,,28.056689298764816,31.384198718822102,23.45,123,141,796,15,1,20.4,20.366582940000004,0,0,120,-31.384198718822102,-0.12783255,0.0003,,
,,,17578,,,,,,7.041379032048266,4.570752175629506,23.14,122,143,800,15,1,20.0,20.011903250000003,0,0,121,-4.570752175629506,-0.36852136,0.0003,,
,,,17661,,,,,,5.54256380983222,6.343931589964778,22.66,122,144,804,15,1,19.1,19.077731149999998,0,0,122,-6.343931589964778,-0.37136206,0.0003,,
,,,17749,,,,,,14.899007344041227,11.278751170263964,21.44,121,145,808,15,1,17.0,17.04718274,0,0,124,-11.278751170263964,-0.3818865,0.0003,,
,,,17824,,,,,,4.700662156691994,4.657929242086253,21.43,120,147,812,15,1,17.0,16.982667919999997,0,0,125,-4.657929242086253,-0.2130756,0.0003,,
,,,17889,,,,,,6.284587536434068,5.321078425538113,20.81,121,147,816,15,1,16.3,16.313493960000002,0,0,125,-5.321078425538113,-0.19883424,0.0003,,
,,,17959,,,,,,14.341362805744454,12.697512496359124,20.43,120,148,820,15,1,15.9,15.94817641,0,0,127,-12.697512496359124,-0.09106783,0.0003,,
,,,18059,,,,,,18.89375699102326,15.671184431004846,20.92,120,150,824,15,1,16.5,16.54059531,0,0,128,-15.671184431004846,-0.33831942,0.0003,,
,,,18121,,,,,,4.62278471314207,3.8112467254934566,20.71,119,152,828,15,1,16.3,16.34921584,0,0,130,-3.8112467254934566,-0.15890533,0.0003,,
,,,18211,,,,,,9.904808466906218,10.376471330375768,20.83,118,153,832,15,1,16.4,16.4158172,0,0,131,-10.376471330375768,-0.33955655,0.0003,,
,,,18314,,,,,,4.393080726857848,3.6771155286573127,21.24,118,154,836,15,1,16.7,16.73923623,0,0,132,-3.6501692577276295,-0.4017647,0.0003,,
,,,18367,,,,,,12.489764790980338,9.91824344528783,20.55,118,155,840,15,1,15.7,15.713160619999998,0,0,132,-9.91824344528783,-0.32245946,0.0003,,
,,,18423,,,,,,6.260316188643043,5.126124208029415,20.4,117,156,844,15,1,15.6,15.64547936,0,0,134,-5.126124208029415,-0.1715571,0.0003,,
,,,18594,,,,,,2.4605574218734367,3.2362378880106206,21.39,117,158,848,15,1,16.6,16.64946595,0,0,135,-3.0573642540858934,-0.39660197,0.0003,,
,,,18659,,,,,,5.131777130509908,4.804286775322378,21.49,116,159,852,16,1,16.8,16.79953753,0,0,137,-4.804286775322378,-0.3422532,0.0003,,
,,,18803,,,,,,7.409359732561964,13.625757707434172,21.93,115,163,856,16,1,17.6,17.641339070000004,0,0,140,-13.625757707434172,-0.1879866,0.0003,,
,,,18884,,,,,,8.846732229243838,9.880130239502812,21.99,115,163,860,16,1,17.6,17.60430782,0,0,140,-9.880130239502812,-0.09936443,0.0003,,
,,,19023,,,,,,5.034316401227156,6.307494582316156,22.36,114,166,864,16,1,18.2,18.19272984,0,0,143,-6.30390839553234,-0.31888935,0.0003,,
,,,19090,,,,,,7.805867052933369,7.022917870197026,22.3,114,166,868,16,1,18.0,18.037960860000002,0,0,143,-7.022917870197026,-0.2354254,0.0003,,
,,,19158,,,,,,5.700322850421139,4.443467012402742,22.21,114,167,872,16,1,17.9,17.930847290000003,0,0,144,-4.443467012402742,-0.44637626,0.0003,,
,,,19220,,,,,,6.878553776764399,4.521352037405756,22.02,113,169,876,16,1,17.8,17.78570396,0,0,146,-4.521352037405756,-0.22882952,0.0003,,
,,,19332,,,,,,33.455433360067374,39.23809180692221,22.43,112,171,880,16,1,18.6,18.572865209999996,0,0,147,-39.23809180692221,-0.08210754,0.0003,,
,,,19448,,,,,,8.498239067814476,8.60610637515627,22.89,112,172,884,16,1,18.8,18.816962649999997,0,0,149,-8.60610637515627,-0.30687997,0.0003,,
,,,19530,,,,,,7.964131428330635,8.237938176124219,22.18,112,174,888,16,1,18.0,17.958367609999996,0,0,150,-8.237938176124219,-0.17938082,0.0003,,
,,,19597,,,,,,8.424775940181556,7.479419175247076,22.23,112,174,892,16,1,18.3,18.25643536,0,0,150,-7.479419175247076,-0.32433346,0.0003,,
,,,19680,,,,,,5.251892913670858,4.447644948491135,21.96,111,176,896,16,1,17.6,17.62137233,0,0,152,-4.447644948491135,-0.4031678,0.0003,,
,,,19783,,,,,,4.659719284081271,5.899473600323135,22.05,111,177,900,16,1,17.8,17.7931635,0,0,153,-5.899473600323135,-0.18203183,0.0003,,
,,,19868,,,,,,8.47807254296439,6.843243990631536,22.07,110,179,904,17,1,17.9,17.875474699999998,0,0,155,-6.83437544108271,-0.33241746,0.0003,,
,,,19935,,,,,,7.170789439036283,5.263419016177737,21.86,110,181,908,17,1,17.7,17.71339381,0,0,156,-5.263419016177737,-0.29824564,0.0003,,
0.8033874337251837,20.0,2.6251266,20001,2.0569927602586344,0,0.1,-1.6215822,0.05963845454545455,,,,,,,,,,,,,,,,,,
,,,20013,,,,,,11.943851267919994,10.87246054629577,21.89,109,183,912,17,1,18.1,18.08948991,0,0,158,-10.87246054629577,-0.2510049,0.0003,,
,,,20092,,,,,,6.0743986763511,6.094422406746519,22.03,109,183,916,17,1,18.0,18.036644780000003,0,0,158,-6.094422406746519,-0.4069033,0.0003,,
,,,20185,,,,,,3.7861076410233423,2.9705189593243224,22.26,109,184,920,17,1,18.1,18.14613949,0,0,159,-2.9584803629294294,-0.2646028,0.0003,,
,,,20274,,,,,,12.393087034912586,13.531973358009866,22.15,108,186,924,17,1,17.9,17.92738145,0,0,161,-13.531973358009866,-0.19550434,0.0003,,
,,,20354,,,,,,14.378183002738329,11.40061323142529,22.33,108,188,928,17,1,18.0,18.00317797,0,0,163,-11.40061323142529,-0.42915162,0.0003,,
,,,20418,,,,,,3.449579885063165,1.4853215117109342,22.07,107,189,932,17,1,17.8,17.808128429999996,0,0,164,-1.4795966383013965,-0.41743514,0.0003,,
,,,20508,,,,,,6.951163140366923,6.220732117193191,21.94,106,191,936,17,1,17.9,17.920765589999995,0,0,166,-6.220732117193191,-0.35369146,0.0003,,
,,,20621,,,,,,4.134545749457105,6.486709379763203,22.54,106,193,940,17,1,18.6,18.604889749999998,0,0,168,-6.486709379763203,-0.23884512,0.0003,,
,,,20685,,,,,,6.679940613260455,3.486788573321351,22.62,106,193,944,17,1,18.7,18.65896908,0,0,168,-3.486788573321351,-0.31017753,0.0003,,
,,,20754,,,,,,14.06467411583875,11.146967243061614,21.6,106,194,948,17,1,17.7,17.746279949999995,0,0,169,-11.146967243061614,-0.20222937,0.0003,,
,,,20850,,,,,,38.64224857156221,40.29215424406637,21.91,105,196,952,17,1,18.3,18.251536279999996,0,0,171,-40.29215424406637,-0.11244852,0.0003,,
,,,20920,,,,,,6.792266566664704,6.047110986769168,21.17,105,198,956,17,1,17.4,17.35341258,0,0,173,-6.047110986769168,-0.42929035,0.0003,,
,,,20990,,,,,,9.219319867985028,8.079796254411521,21.06,105,198,960,17,1,17.1,17.12757617,0,0,173,-8.079796254411521,-0.18718183,0.0003,,
,,,21055,,,,,,7.6766836932313565,5.094836497689233,20.32,105,200,964,18,1,16.2,16.190527499999998,0,0,174,-5.094836497689233,-0.44795513,0.0003,,
,,,21144,,,,,,7.7203706407631305,7.789452407805828,20.54,104,202,968,18,1,16.4,16.38722142,0,0,176,-7.789452407805828,-0.31615224,0.0003,,
,,,21241,,,,,,10.290635362383231,6.572481287699597,20.83,104,203,972,18,1,16.4,16.38750402,0,0,178,-6.4363600192182755,-0.4885769,0.0003,,
,,,21307,,,,,,11.644031879364576,10.363121074488735,20.87,103,205,976,18,1,16.4,16.423162729999998,0,0,179,-10.363121074488735,-0.049073778,0.0003,,
,,,21382,,,,,,4.4162100734191885,3.2072846548612586,20.5,103,205,980,18,1,15.7,15.68468118,0,0,179,-3.2072846548612586,-0.31303075,0.0003,,
,,,21470,,,,,,16.26983832268424,14.81171623869255,20.22,103,207,984,18,1,15.5,15.52579606,0,0,181,-14.81171623869255,-0.27816874,0.0003,,
,,,21526,,,,,,3.856467409569485,2.217773824719924,19.96,102,209,988,18,1,15.5,15.472251489999996,0,0,183,-2.1934403535377465,-0.5344071,0.0003,,
,,,21588,,,,,,6.008970495573746,4.79314502816697,19.91,103,209,992,18,1,15.3,15.29608783,0,0,183,-4.79314502816697,-0.23980498,0.0003,,
,,,21712,,,,,,3.006456538076494,2.8087924346133666,20.32,101,212,996,18,1,15.6,15.6346829,0,0,186,-2.4349056756488667,-0.40171486,0.0003,,
,,,21800,,,,,,5.540578283530995,3.21892926207935,20.17,101,214,1000,18,1,15.5,15.511324559999998,0,0,188,-0.615282023051466,-0.47808298,0.0003,,
,,,21961,,,,,,69.76151151856998,90.31251646458634,20.93,101,216,1004,18,1,17.4,17.44947673,0,0,190,-90.31251646458634,-0.06857219,0.0003,,
,,,22045,,,,,,17.837074936837013,19.845863828439548,21.1,100,218,1008,18,1,17.7,17.74517627,0,0,191,-19.845863828439548,-0.10143562,0.0003,,
,,,22124,,,,,,13.170146572848175,12.951079662486373,21.11,100,220,1012,18,1,17.7,17.71958557,0,0,193,-12.951079662486373,-0.19888623,0.0003,,
,,,22178,,,,,,4.751422375750837,3.676639649324325,20.86,100,220,1016,18,1,17.6,17.64596414,0,0,193,-3.676639649324325,-0.24107987,0.0003,,
,,,22315,,,,,,27.956991528557918,41.15589135374554,21.3,99,223,1020,19,1,18.3,18.33614017,0,0,196,-41.15589135374554,-0.13050431,0.0003,,
,,,22445,,,,,,1.5344180537451868,2.783847671423019,21.71,99,225,1024,19,1,18.7,18.71840003,0,0,198,-2.783847671423019,-0.1918158,0.0003,,
,,,22506,,,,,,10.5689904229932,8.841764858552681,21.52,98,227,1028,19,1,18.6,18.55471322,0,0,200,-8.841764858552681,-0.17340869,0.0003,,
,,,22579,,,,,,10.068273632524917,7.803578361321087,21.61,99,227,1032,19,1,18.6,18.562019929999998,0,0,200,-7.803578361321087,-0.44622004,0.0003,,
,,,22651,,,,,,9.364629261566531,9.53835403976967,21.43,98,229,1036,19,1,18.4,18.44782561,0,0,202,-9.53835403976967,-0.35581738,0.0003,,
,,,22746,,,,,,10.662017056550361,11.509570374408401,21.25,98,231,1040,19,1,18.0,18.005548850000004,0,0,204,-11.509570374408401,-0.32910377,0.0003,,
,,,22833,,,,,,21.23260660466407,22.230900821774167,21.48,97,233,1044,19,1,18.4,18.395208359999998,0,0,205,-22.230900821774167,-0.22571051,0.0003,,
,,,22950,,,,,,4.677491703234983,5.738321218203347,21.96,97,235,1048,19,1,18.6,18.58444919,0,0,207,-5.738321218203347,-0.2983573,0.0003,,
,,,23023,,,,,,4.891957249961513,4.464378152823213,21.73,96,237,1052,19,1,18.0,18.03517475,0,0,209,-4.464378152823213,-0.20378241,0.0003,,
,,,23071,,,,,,5.577772089626897,3.466014067199452,21.51,97,237,1056,19,1,17.8,17.81260037,0,0,209,-3.466014067199452,-0.23972379,0.0003,,
,,,23161,,,,,,7.232025818689828,6.4479350464005,21.71,96,239,1060,19,1,18.0,17.97442968,0,0,211,-6.4479350464005,-0.26842272,0.0003,,
,,,23239,,,,,,4.029170813079008,4.499172246148624,21.84,96,241,1064,19,1,18.1,18.14372922,0,0,213,-4.499172246148624,-0.33570263,0.0003,,
,,,23357,,,,,,23.931561689680773,26.250461216031727,22.13,96,243,1068,20,1,18.8,18.84294613,0,0,214,-26.250461216031727,-0.17463343,0.0003,,
,,,23440,,,,,,22.05496136765281,21.654134289849647,21.99,95,245,1072,20,1,19.1,19.14967602,0,0,216,-21.654134289849647,0.0055845724,0.0003,,
,,,23529,,,,,,13.803190837307936,12.66840100215721,22.22,95,247,1076,20,1,19.3,19.272300899999994,0,0,218,-12.66840100215721,-0.34611312,0.0003,,
,,,23595,,,,,,6.982600151433074,5.862324880818648,22.13,95,247,1080,20,1,19.2,19.16722512,0,0,218,-5.862324880818648,-0.50401145,0.0003,,
,,,23711,,,,,,11.477143637293043,15.369340331647132,22.41,94,250,1084,20,1,19.3,19.264811230000003,0,0,222,-15.369340331647132,-0.19069774,0.0003,,
,,,23792,,,,,,8.165163742860365,8.69021697284425,22.66,94,251,1088,20,1,19.4,19.42079393,0,0,222,-8.69021697284425,-0.31239378,0.0003,,
,,,23875,,,,,,4.506047773502133,5.348344231453903,22.87,94,253,1092,20,1,19.8,19.785680430000003,0,0,224,-5.348344231453903,-0.1521901,0.0003,,
,,,23964,,,,,,7.898283365156409,6.429253387777334,22.52,94,254,1096,20,1,19.5,19.487622130000002,0,0,225,-6.429253387777334,-0.29047,0.0003,,
,,,24052,,,,,,7.116483681923719,4.610349003055681,22.52,93,257,1100,20,1,19.5,19.53388706,0,0,228,-4.5230789034984,-0.36818895,0.0003,,
,,,24150,,,,,,3.2068692713554885,4.366806480696448,21.89,93,258,1104,20,1,18.0,18.02441972,0,0,229,-4.366806480696448,-0.10209684,0.0003,,
,,,24267,,,,,,16.973452420370155,20.92506124486735,22.22,92,261,1108,20,1,18.2,18.189159159999996,0,0,231,-20.92506124486735,-0.32093272,0.0003,,
,,,24344,,,,,,7.262717020460959,7.672640321603557,22.2,92,263,1112,20,1,17.9,17.887713309999995,0,0,233,-7.672640321603557,-0.17195593,0.0003,,
,,,24479,,,,,,10.309272432204148,14.025059946647392,23.01,92,264,1116,20,1,19.1,19.075946719999997,0,0,235,-14.025059946647392,-0.26317495,0.0003,,
,,,24564,,,,,,3.809657725222969,2.5309946643100036,22.49,91,267,1120,20,1,18.2,18.15154947,0,0,237,-2.0798559735542357,-0.44361869,0.0003,,
,,,24663,,,,,,4.176403158754397,3.263823916808946,22.18,91,269,1124,21,1,17.7,17.747961819999997,0,0,239,-3.263823916808946,-0.47267798,0.0003,,
,,,24762,,,,,,3.0461077022153376,1.6364626837730074,22.56,91,271,1128,21,1,18.1,18.1101753,0,0,241,-1.5231585918842245,-0.39345813,0.0003,,
,,,24883,,,,,,20.216552320037064,22.827440409242524,23.04,91,273,1132,21,1,18.7,18.676479479999998,0,0,243,-22.827440409242524,-0.3240726,0.0003,,
,,,24992,,,,,,9.95131500634178,12.735824897482589,23.41,90,275,1136,21,1,18.7,18.74917972,0,0,245,-12.735824897482589,-0.20783041,0.0003,,
,,,25164,,,,,,8.640484992905868,13.093957726592807,24.18,88,285,1140,21,1,21.5,21.542437689999996,5,400,249,-9.098321262783253,13.788468,0.0003,37.035675,112.76311
,,,25259,,,,,,17.98311666003412,10.378078856137073,24.26,87,289,1144,21,1,22.3,22.343282510000005,7,600,251,0.003195414948740686,22.255709,0.0003,49.91002,107.12779
,,,25352,,,,,,18.293765008945105,11.319968921868181,24.02,86,293,1148,21,1,23.2,23.24234528,9,800,253,7.884886666139372,30.124796,0.0003,72.17176,99.693085
,,,25566,,,,,,30.69151862898565,41.68299173166218,25.43,84,301,1152,21,1,27.1,27.05396823,13,1200,257,-33.632465475913506,44.26807,0.0003,147.042,99.93977
,,,25790,,,,,,15.017901179411211,22.988520625283662,27.19,83,309,1156,21,2,30.9,30.852880610000007,17,1600,261,14.284754283105853,61.297028,0.0003,266.68857,98.59243
,,,26054,,,,,,9.645735282698004,37.42259966107617,28.93,80,321,1160,22,2,35.2,35.236164759999994,22,2200,267,36.78782949095784,83.022964,0.0003,447.61667,98.35773
,,,26281,,,,,,14.622462764566924,49.90043469007179,30.42,79,330,1164,22,2,38.7,38.748394020000006,26,2600,271,49.90043469007179,96.74388,0.0003,695.3733,101.12924
,,,26556,,,,,,18.39124430140629,29.700513772610126,31.99,77,342,1168,22,2,42.5,42.49608989,32,3200,277,28.149931269504002,101.68554,0.0003,1050.9988,92.3183
,,,26943,,,,,,6.3802717524712715,34.17997229536708,35.03,75,358,1172,22,2,49.3,49.257735679999996,39,4000,286,34.14418839104145,110.65408,0.0003,1191.3093,68.62727
,,,27322,,,,,,6.490244303570844,43.625301536743294,37.93,72,375,1176,23,2,56.1,56.08616145,47,4800,294,43.625301536743294,117.91737,0.0003,1556.18,78.20064
,,,27692,,,,,,7.270835774060602,49.22097744526866,40.97,71,387,1180,23,2,62.9,62.93874719999999,53,5400,300,49.22097744526866,124.33455,0.0003,1590.0574,60.07331
,,,28063,,,,,,5.981551415216897,61.16796749384434,43.52,69,404,1184,23,3,69.3,69.29345214,60,6200,309,61.16796749384434,126.154945,0.0003,1893.9454,61.54938
,,,28409,,,,,,7.116891405527142,73.28482380687211,46.17,67,421,1188,24,3,75.3,75.30428848,68,7000,317,73.28482380687211,136.6692,0.0003,1945.9641,60.898643
,,,28746,,,,,,9.534131398892267,60.35082460714078,48.71,66,433,1192,24,3,81.0,81.02318825999998,74,7600,324,60.35082460714078,133.76248,0.0003,2279.6284,68.76811
,,,29096,,,,,,7.892102382630894,65.37236199795475,51.32,65,446,1196,24,3,87.3,87.34264889,79,8200,330,65.37236199795475,138.87135,0.0003,2640.6729,71.31362
,,,29455,,,,,,7.300489728622155,68.89490593372497,54.03,63,463,1200,24,3,94.0,93.99932359,87,9000,339,68.89490593372497,141.84523,0.0003,2749.1274,61.05168
,,,29768,,,,,,9.36562396205437,86.38673333825861,56.18,62,476,1204,25,3,99.0,99.01850784000003,93,9600,345,86.38673333825861,148.09784,0.0003,2688.0244,64.62367
115.90874793504221,94.0909090909091,55.144077,30001,54.15713270901035,1,43.0,128.50153,184.7070671818182,,,,,,,,,,,,,,,,,,
,,,30136,,,,,,7.250447320430963,69.04503439882298,58.69,60,494,1208,25,4,105.2,105.24523557999999,100,10400,354,69.04503439882298,143.1097,0.0003,2763.3062,63.001568
,,,30506,,,,,,6.472476184055637,68.60282111920944,61.62,59,511,1212,25,4,112.1,112.08554824,108,11200,363,68.60282111920944,139.1327,0.0003,2717.1082,65.39251
,,,30896,,,,,,8.074133600812438,66.47876851069105,64.17,58,524,1216,26,4,118.6,118.57070060999999,114,11800,370,66.47876851069105,159.74446,0.0003,2974.075,65.7912
,,,31274,,,,,,6.409826243766072,69.71988507598098,67.1,57,541,1220,26,4,125.6,125.57503347000002,121,12600,379,69.41568321744703,139.68347,0.0003,2369.1677,55.55756
,,,31649,,,,,,3.899922417588237,117.90349578786247,69.86,56,558,1224,26,4,132.5,132.45294979,129,13400,388,117.90349578786247,169.54504,0.0003,3039.7124,63.96981
,,,32081,,,,,,4.709830257742869,63.908929456149124,73.19,55,576,1228,27,4,140.4,140.42025715,136,14200,397,58.50019888829959,138.81442,0.0003,3158.1116,72.122444
,,,32506,,,,,,3.288226206148602,109.30329452857995,76.23,54,598,1232,27,5,147.8,147.76039290999998,146,15200,409,109.30329452857995,174.01822,0.0003,3363.3604,69.60684
,,,32841,,,,,,8.198684176859938,112.24161585684647,78.49,53,611,1236,27,5,153.5,153.45113209999997,152,15800,416,112.24161585684647,177.05513,0.0003,2820.2961,57.202305
,,,33171,,,,,,18.143432841482092,55.95938575866063,80.07,53,624,1240,28,5,156.3,156.26333871999998,157,16400,423,54.181012475823266,147.07324,0.0003,4033.3928,104.6914
,,,33630,,,,,,4.764686389187939,46.675754858667474,83.71,51,646,1244,28,5,163.3,163.31028612000003,167,17400,435,43.189223442363776,137.19684,0.0003,2939.6562,72.49371
,,,34152,,,,,,2.8995489067436244,34.35032223977894,88.0,51,669,1248,28,5,172.5,172.51362959,176,18400,447,29.699216525107598,132.92622,0.0003,3487.475,80.976
,,,34747,,,,,,1.7431605728268729,36.80805145066617,91.81,49,695,1252,29,6,180.6,180.55068189000002,188,19600,462,33.4916145994764,141.87444,0.0003,2925.9744,63.718704
,,,35403,,,,,,0.823176673206378,34.54116234882906,96.13,48,726,1256,29,6,188.9,188.91377958000004,200,21000,479,34.195429169502134,140.43895,0.0003,3604.4043,72.234184
,,,35892,,,,,,3.563373833006484,29.588322104398582,98.38,48,745,1260,30,6,194.8,194.75465587,208,21800,489,27.07369498197685,131.51018,0.0003,3306.2793,69.512764
,,,36387,,,,,,3.7079829793557093,31.04463370011694,101.06,47,767,1264,30,6,201.7,201.66281210999998,217,22800,501,30.6868150379699,135.7265,0.0003,3211.715,63.181076
,,,36912,,,,,,2.2973811123094237,34.64717265666327,103.56,46,794,1268,31,7,208.0,208.04202909999995,229,24000,516,34.64717265666327,135.37181,0.0003,3141.329,57.38286
,,,37504,,,,,,1.34189662736434,32.64848287006483,105.61,45,822,1272,31,7,212.9,212.94974299999998,240,25200,532,32.6410686473531,134.76369,0.0003,3624.3826,65.0902
,,,38027,,,,,,2.8825870318711786,35.69376331550035,107.05,44,845,1276,31,7,216.8,216.7627356,249,26200,545,35.69376331550035,141.17856,0.0003,3303.6257,56.79022
,,,38551,,,,,,2.8183445408698358,31.034493807108955,108.59,44,867,1280,32,7,220.7,220.71739538000003,258,27200,557,31.034493807108955,136.88187,0.0003,3129.344,55.641327
,,,39089,,,,,,2.3697319629964904,27.729932451608825,110.26,43,890,1284,32,7,225.1,225.1271452,267,28200,570,27.729932451608825,134.27525,0.0003,3223.5034,55.89451
,,,39630,,,,,,2.7864494077878272,21.841446587306258,112.21,43,918,1288,33,8,230.6,230.60100374,278,29400,586,21.841446587306258,141.07349,0.0003,3428.8604,60.49142
158.60847636568053,128.45454545454547,14.864452,40001,11.707373477186444,1,94.9,129.86427,308.80217563636364,,,,,,,,,,,,,,,,,,
,,,40126,,,,,,3.9404588843508503,14.338371700016067,113.8,42,943,1292,33,8,235.4,235.43231624,287,30400,600,14.108857923862631,132.8331,0.0003,3368.2732,57.245277
,,,40679,,,,,,2.361382436062867,24.527236218186825,115.83,42,966,1296,34,8,240.5,240.47729112999997,297,31400,613,24.527236218186825,133.00186,0.0003,3269.2454,54.854984
,,,41135,,,,,,3.4189685198920237,68.74693011124621,116.8,41,989,1300,34,8,242.8,242.79153125999997,306,32400,627,68.74693011124621,150.68358,0.0003,3080.2354,52.164078
,,,41665,,,,,,3.2308636766356065,17.867330931606666,118.97,41,1013,1304,34,9,248.8,248.75229868000002,315,33400,640,17.724687921778894,135.2854,0.0003,2631.229,41.155968
,,,42210,,,,,,2.591757856153577,22.66087796348291,120.74,40,1041,1308,35,9,253.5,253.54762521,326,34600,657,22.613439668717,132.49927,0.0003,2574.9814,48.36724
,,,42686,,,,,,3.788596229047001,24.706089123627184,121.8,40,1060,1312,35,9,256.7,256.70641223999996,333,35400,668,24.706089123627184,125.71296,0.0003,2699.147,46.64477
,,,43294,,,,,,1.6628973159066038,9.594204816333274,123.98,39,1089,1316,36,9,262.0,262.00152384999996,344,36600,685,3.946949086330004,130.81844,0.0003,2655.87,48.03517
,,,43769,,,,,,2.8557983472908526,73.98058782313022,124.95,39,1113,1320,36,9,266.2,266.19355225999993,353,37600,699,73.98058782313022,165.85155,0.0003,2357.3472,47.227005
,,,44273,,,,,,2.061124921103672,68.94359831896877,126.24,38,1136,1324,36,10,270.4,270.35966713,362,38600,713,68.94359831896877,161.11327,0.0003,2562.1384,48.08607
,,,44764,,,,,,5.955431956123343,29.064529216326726,126.83,38,1161,1328,37,10,273.3,273.32097624,371,39600,727,-27.084314779452296,126.66911,0.0003,2870.4678,58.9969
,,,45216,,,,,,3.540287877694388,89.08007607732263,127.1,38,1185,1332,37,10,275.2,275.15666765,381,40600,742,89.08007607732263,165.39786,0.0003,2290.235,49.120884
,,,45768,,,,,,2.7596094031160274,24.569292790076485,129.27,37,1209,1336,38,10,281.0,281.03233143,390,41600,756,23.497920480355848,140.6403,0.0003,2655.6406,60.296078
,,,46238,,,,,,0.8058939976353579,152.8964084816799,130.67,37,1234,1340,38,11,285.8,285.84835484,399,42600,771,152.8964084816799,188.97476,0.0003,2423.6982,54.53029
,,,46755,,,,,,4.463297587833993,13.571827682406182,131.25,37,1258,1344,38,11,289.8,289.84119425999995,408,43600,786,10.650117552773569,144.66148,0.0003,2810.644,65.004974
,,,47416,,,,,,1.284164797089532,10.477886509305037,132.64,36,1293,1348,39,11,296.6,296.55393182,421,45000,806,6.493094196359773,159.41609,0.0003,2638.9668,64.45346
,,,48002,,,,,,2.452442477205425,12.868866786304677,132.55,36,1323,1352,39,11,299.7,299.68190166000005,432,46200,824,6.516359489939485,158.93202,0.0003,2523.368,67.41055
,,,48629,,,,,,1.5540500634520857,17.75417300921291,132.26,35,1353,1356,40,12,304.9,304.90712275,443,47400,842,10.866859647234953,167.0908,0.0003,2971.6807,66.78112
,,,49333,,,,,,0.9727873210693005,48.722577734472914,134.41,35,1388,1360,40,12,313.9,313.85732731,455,48800,864,48.722577734472914,203.4438,0.0003,3272.827,83.79413
210.79660222176426,198.8181818181818,21.8916,50001,19.384457148694892,2,173.5,208.51944,584.7861489090909,,,,,,,,,,,,,,,,,,
,,,50020,,,,,,1.5814847293006988,23.536239490805784,136.33,35,1425,1364,41,12,320.8,320.77285766999995,468,50200,885,19.432895811456028,209.00922,0.0003,3840.7544,91.28002
,,,50790,,,,,,0.6893347962689107,11.202422417211476,138.78,34,1461,1368,42,13,331.5,331.4909491,481,51600,907,9.207111889543267,206.0924,0.0003,3922.0774,91.72592
,,,51584,,,,,,0.3184046453412751,85.71838236832347,140.8,34,1502,1372,42,13,339.9,339.94486317,496,53200,932,85.71838236832347,220.9415,0.0003,4377.3706,95.94622
,,,52230,,,,,,1.3140486457488394,61.88019801847414,142.03,33,1538,1376,43,13,345.7,345.73567181999994,509,54600,954,61.88019801847414,215.46661,0.0003,4556.772,101.0524
,,,52812,,,,,,3.404632146767472,52.81920553610108,142.61,33,1569,1380,43,13,350.9,350.85413370000003,520,55800,973,52.62804046200591,224.36293,0.0003,3700.4478,85.632614
,,,53608,,,,,,0.4467695425777897,53.56771016174875,145.19,33,1610,1384,44,14,362.3,362.34939096,534,57400,999,49.90460382573628,216.8681,0.0003,4524.898,102.494606
,,,54336,,,,,,0.3656682130009038,177.78230075714487,147.06,32,1647,1388,44,14,366.0,366.02074039000007,547,58800,1022,177.78230075714487,255.67168,0.0003,4199.9536,95.211334
,,,55100,,,,,,0.5482066141735374,93.5712264041143,149.74,32,1689,1392,45,14,369.6,369.6009104699999,561,60400,1049,93.5712264041143,208.80322,0.0003,4264.447,89.346344
,,,55627,,,,,,0.48610222266111947,225.96773274902938,149.48,32,1715,1396,45,15,371.6,371.5746247999999,570,61400,1065,225.96773274902938,263.486,0.0003,4745.713,98.002365
,,,56256,,,,,,1.8718972993751932,56.574004022696826,151.21,32,1747,1400,46,15,380.0,380.01264224,582,62600,1085,55.79179746319632,228.58539,0.0003,5126.812,107.95348
,,,56771,,,,,,4.833054665640336,70.78358179951,151.06,31,1774,1404,46,15,382.0,381.9888756599999,591,63600,1102,70.78358179951,224.90265,0.0003,4030.1143,109.3142
,,,57300,,,,,,3.9393663398173935,79.8224316353084,150.9,31,1806,1408,47,15,383.0,382.9643694299999,602,64800,1122,79.8224316353084,225.2074,0.0003,4561.7515,107.55807
,,,57987,,,,,,1.0772501894035853,73.18605587840011,153.01,31,1838,1412,47,16,390.2,390.20088329,613,66000,1142,73.18605587840011,214.4945,0.0003,3787.1372,98.23023
,,,58568,,,,,,0.5013037480273947,205.6442013365999,152.74,31,1870,1416,48,16,392.1,392.13790302000007,624,67200,1163,205.6442013365999,261.99866,0.0003,4497.7407,107.06889
,,,59239,,,,,,1.715054091785421,30.052280208035434,154.7,31,1908,1420,48,16,399.6,399.62816696999994,636,68600,1188,29.531604113946067,222.41681,0.0003,4384.355,118.05037
,,,59675,,,,,,0.8799109915107022,232.0012470505018,154.02,30,1930,1424,49,16,399.7,399.73918666,643,69400,1201,232.0012470505018,262.24023,0.0003,4662.954,113.918205
,,,59963,,,,,,53.590624051112684,86.04695581349507,151.99,30,1947,1428,49,16,394.5,394.48279533,649,70000,1212,86.04695581349507,242.01291,0.0003,4560.859,114.78177
209.76856719702167,181.9090909090909,43.035652,60001,39.94485474400451,2,228.7,226.66733,547.9647069090909,,,,,,,,,,,,,,,,,,
,,,60526,,,,,,0.7979191310156483,200.77354657692362,153.1,30,1981,1432,49,17,398.8,398.84673075000006,660,71200,1232,200.77354657692362,266.94058,0.0003,4612.8823,118.457184
,,,61072,,,,,,4.130846688438848,54.213545472990155,153.04,30,2009,1436,50,17,401.5,401.4613538,669,72200,1250,54.10632533556453,222.60895,0.0003,4869.0303,130.77855
,,,61434,,,,,,2.5804541492482214,229.17223511535963,151.96,30,2031,1440,50,17,399.5,399.50661777999994,676,73000,1264,229.17223511535963,267.85718,0.0003,4590.2363,122.48977
,,,61808,,,,,,3.5900305381817015,219.8111456437692,150.53,30,2053,1444,50,17,395.5,395.46029059000006,684,73800,1278,219.8111456437692,270.64035,0.0003,4859.2573,138.86215
,,,62141,,,,,,28.522131737154382,61.52698143402471,147.25,30,2070,1448,51,17,385.3,385.26781716,689,74400,1290,61.52698143402471,212.08228,0.0003,5032.3,137.71695
,,,62616,,,,,,12.1015864447113,35.983234209005886,146.14,29,2098,1452,51,18,382.0,382.00759974,698,75400,1308,26.55582418544256,217.14815,0.0003,4492.9834,154.87843
,,,63246,,,,,,0.4014587851356114,212.26857426004716,146.17,29,2135,1456,51,18,382.2,382.18191734,711,76600,1332,212.26857426004716,278.00555,0.0003,4488.923,123.57286
,,,64011,,,,,,0.4223425058945472,86.48240015899817,146.78,29,2182,1460,52,18,382.0,382.02170334999994,726,78200,1362,86.48240015899817,206.5304,0.0003,5138.8027,146.28963
,,,64739,,,,,,0.6600999966295542,65.36863863044834,147.19,29,2224,1464,53,18,380.4,380.4219866,739,79600,1390,65.36863863044834,230.59592,0.0003,4611.8115,109.43432
,,,65764,,,,,,0.058314730947348854,82.53448147551349,149.74,28,2284,1468,54,19,381.2,381.16030101999996,759,81600,1429,81.64471224333967,230.69908,0.0003,4306.1655,114.92061
,,,66907,,,,,,0.026637948849634364,74.40795467479266,153.23,28,2358,1472,54,19,389.3,389.29347356,783,84000,1477,74.40795467479266,246.57031,0.0003,4752.4023,143.47874
,,,67978,,,,,,0.026897222798906564,153.62174798513834,157.48,28,2421,1476,55,20,395.7,395.7423917500001,802,86000,1519,153.62174798513834,279.29822,0.0003,5116.9434,119.6094
,,,69122,,,,,,0.009784533833900618,41.23019166237195,163.1,27,2498,1480,56,21,404.2,404.16356956000004,827,88400,1570,40.97962490695005,198.85005,0.0003,5828.8735,150.50725
202.6956721149334,181.36363636363637,37.31456,70001,35.47059247894595,2,266.0,211.36479,525.4471477272729,,,,,,,,,,,,,,,,,,
,,,70595,,,,,,0.0008953411395385696,37.07195905161762,169.87,27,2590,1484,58,21,417.6,417.58516627999995,856,91200,1628,36.646827500141264,245.9863,0.0003,4075.564,107.98291
,,,71743,,,,,,0.008830822567603223,56.681755070229826,174.07,26,2669,1488,59,22,433.9,433.90254658999993,881,93600,1680,56.681755070229826,224.3587,0.0003,4474.9624,120.74197
,,,72696,,,,,,0.2381328478904646,57.22746082752885,175.96,26,2731,1492,60,22,445.8,445.8410621999999,901,95400,1720,54.73186134719307,248.31412,0.0003,4844.9395,146.5255
,,,73674,,,,,,0.4049181605985096,22.441454483506558,180.47,26,2794,1496,60,23,461.2,461.16925914,920,97400,1763,16.74256532154314,270.66293,0.0003,4155.4097,111.44182
,,,74417,,,,,,1.1863466139734602,60.20362767754846,181.61,26,2845,1500,61,23,465.8,465.8332757400001,935,99000,1797,59.897936958441285,264.257,0.0003,4615.1973,110.80262
,,,75053,,,,,,0.13498480388321019,254.39052457815433,182.82,26,2881,1504,62,23,470.4,470.42281949999995,947,100200,1821,254.39052457815433,287.43042,0.0003,5164.377,135.97603
,,,75891,,,,,,0.3822204386126924,60.02735731478748,185.91,25,2930,1508,62,24,484.1,484.0649981,961,101800,1854,59.278563898515046,261.42923,0.0003,4008.2532,89.72802
,,,76426,,,,,,10.187290251064644,68.9714928549431,184.39,25,2967,1512,63,24,481.5,481.48922818,972,103000,1880,68.33174757071855,271.3014,0.0003,4148.428,105.64436
,,,77445,,,,,,0.12507731806345615,73.53487445554572,188.77,25,3029,1516,63,24,496.7,496.67185402999996,990,105000,1923,73.35036384142619,293.48392,0.0003,5411.3574,122.71348
,,,78244,,,,,,0.6500503872532217,93.6399256745332,190.05,25,3079,1520,64,25,501.3,501.27371598999997,1005,106600,1956,93.5494296088463,293.86597,0.0003,5365.5405,131.85675
,,,78761,,,,,,0.6614150481583425,243.51559036495183,190.86,25,3111,1524,64,25,503.3,503.33989855,1014,107600,1978,243.51559036495183,288.25607,0.0003,5233.168,136.84229
,,,79171,,,,,,2.0523354165556307,261.9355120485007,192.08,25,3136,1528,65,25,507.2,507.203522,1022,108400,1995,261.9355120485007,307.1305,0.0003,5519.5,170.17154
,,,79705,,,,,,7.903662889330944,83.7082685205533,191.79,25,3174,1532,65,25,507.2,507.24633163,1033,109600,2021,83.54859745495291,278.96918,0.0003,5136.6445,146.99803
201.11027581160604,196.27272727272728,109.831665,80001,108.20941925295482,2,297.8,283.63724,555.1900579090909,,,,,,,,,,,,,,,,,,
,,,80241,,,,,,8.46000829638979,74.04426813095705,191.69,25,3208,1536,66,26,507.2,507.24855733,1041,110600,2044,73.81944049507896,277.80457,0.0003,5517.9126,155.88411
,,,81088,,,,,,0.34633760984700956,106.38335053932126,196.54,24,3258,1540,66,26,522.1,522.12726849,1057,112200,2078,106.14817061499004,290.6485,0.0003,5238.4946,144.84656
,,,81934,,,,,,0.2982274979332816,66.9728298978771,201.26,24,3316,1544,67,26,537.2,537.20895216,1073,114000,2118,64.86916472038382,250.96162,0.0003,5249.8813,136.9244
,,,83105,,,,,,0.012995055320179574,105.72015965709703,209.64,24,3393,1548,68,27,562.6,562.5790541900001,1095,116400,2172,105.61904962684163,287.53577,0.0003,6028.6465,160.55273
,,,83587,,,,,,8.12641112764185,181.41795251405463,209.71,24,3419,1552,68,27,562.9,562.90161497,1103,117200,2189,181.41795251405463,335.12473,0.0003,5980.564,143.869
,,,84451,,,,,,0.06392045848018305,222.36399352365507,212.05,24,3477,1556,69,27,569.3,569.28533899,1118,119000,2230,222.36399352365507,320.5503,0.0003,6063.911,170.78935
,,,85506,,,,,,0.0516201759601308,102.61133905175019,214.95,24,3549,1560,69,28,579.8,579.84759461,1138,121200,2281,102.61133905175019,285.30392,0.0003,5487.112,130.71378
,,,86585,,,,,,0.04238805298503849,94.54845956816119,218.46,23,3615,1564,70,28,594.6,594.5656995300001,1159,123200,2325,93.85714245188092,290.71777,0.0003,5686.0176,125.78593
,,,87640,,,,,,0.055027109913384754,80.48489397195512,218.76,23,3688,1568,71,28,602.6,602.6365781799999,1180,125400,2375,80.48489397195512,287.4628,0.0003,4894.957,116.32983
,,,87795,,,,,,15.263214177230097,267.68933097255973,208.88,23,3694,1572,71,29,576.1,576.1067295500001,1182,125600,2380,267.68933097255973,296.58224,0.0003,4684.8433,109.40123
,,,88588,,,,,,0.5905151804020202,62.21810777182536,206.1,23,3747,1576,72,29,576.9,576.88362181,1196,127200,2418,61.321338739360286,262.45193,0.0003,4102.3906,113.374016
,,,89829,,,,,,0.007147512254336422,64.1759791545298,207.07,23,3834,1580,73,29,591.0,590.99254804,1219,129800,2480,63.773545461386085,262.6563,0.0003,4592.223,123.9962
190.75119602405746,163.9090909090909,87.0126,90001,86.08680575238465,1,343.5,249.5308,456.8299143636363,,,,,,,,,,,,,,,,,,
,,,90507,,,,,,1.032322990724812,93.37639669841103,199.12,23,3883,1584,73,30,573.7,573.72842566,1232,131200,2513,93.37639669841103,252.19623,0.0003,5083.0967,139.81355
,,,91351,,,,,,0.768870865914634,28.130069667209817,196.08,23,3938,1588,74,30,568.0,567.9831618200001,1247,132800,2552,26.68506323606908,270.9272,0.0003,5378.451,137.80655
,,,92129,,,,,,1.2885163341340018,35.822921693699726,194.33,23,3993,1592,74,30,564.9,564.85116226,1262,134400,2591,34.37189662884363,272.26425,0.0003,4150.899,103.878235
,,,92936,,,,,,0.43027936378469117,71.8826395294414,192.62,22,4047,1596,75,31,559.9,559.91092865,1276,136000,2630,71.6865669003666,259.80948,0.0003,5043.6724,129.57256
,,,93310,,,,,,47.49582978915111,71.65365813658903,188.93,22,4075,1600,75,31,547.0,546.9778841599999,1283,136800,2649,71.65365813658903,279.33398,0.0003,5259.01,128.01247
,,,93962,,,,,,1.3835275132035927,87.33791726646538,189.09,22,4117,1604,76,31,547.8,547.82177704,1295,138000,2679,86.11894864982105,252.63297,0.0003,4280.794,107.13707
,,,94669,,,,,,0.09478586389920948,259.9883765418865,187.78,22,4165,1608,76,31,542.3,542.34750486,1308,139400,2714,259.9883765418865,303.22644,0.0003,5606.59,139.10954
,,,95525,,,,,,0.539487165557924,111.33427318352224,190.99,22,4228,1612,77,32,553.2,553.21983166,1324,141200,2759,111.33427318352224,320.80365,0.0003,4849.72,131.74034
,,,96526,,,,,,0.08691846002489517,66.06125784302729,190.81,22,4298,1616,78,32,555.4,555.4250294500001,1342,143200,2810,64.94688185667445,275.00543,0.0003,4578.036,116.63212
,,,97570,,,,,,0.16067362762468007,19.691122382387814,193.26,22,4369,1620,79,33,565.7,565.6854007200001,1361,145200,2861,14.04528399017611,273.87146,0.0003,5229.8306,124.080536
,,,98347,,,,,,0.8389183463361728,54.17652427275785,195.86,22,4426,1624,79,33,575.4,575.38842036,1376,146800,2902,53.68403861455319,266.7404,0.0003,5454.975,134.11386
,,,98888,,,,,,8.807710483081992,64.36093400297614,197.17,22,4462,1628,80,33,580.8,580.75715862,1385,147800,2928,63.98054049281822,276.73328,0.0003,5003.3237,125.15598
,,,99835,,,,,,0.1573332850958015,67.3548935137478,201.3,22,4534,1632,80,34,596.0,595.9947118000001,1404,149800,2980,66.65090902979105,277.56808,0.0003,6452.2,157.76338
206.17494665878175,177.27272727272728,66.31375,100001,62.58497357107592,2,401.5,248.54884,533.8582059090909,,,,,,,,,,,,,,,,,,
,,,100846,,,,,,0.10252702812934658,29.405424045522704,206.05,21,4607,1636,81,34,613.9,613.9259323099999,1422,151800,3031,12.691689004779475,257.21515,0.0003,5573.5605,133.7354
,,,101586,,,,,,0.12737356864094188,244.4066744101227,204.98,21,4657,1640,82,34,612.1,612.1007487100001,1435,153200,3066,244.4066744101227,310.6457,0.0003,4756.881,107.865654
,,,102756,,,,,,0.0006006443097226349,264.59185742874126,208.22,21,4742,1644,82,35,624.8,624.77133651,1458,155600,3127,264.59185742874126,297.5271,0.0003,4970.0703,117.02339
,,,103339,,,,,,0.6838150268972918,247.93314825418406,202.34,21,4784,1648,83,35,609.4,609.3601453699999,1469,156800,3157,247.93314825418406,318.79053,0.0003,5384.627,138.45523
,,,104111,,,,,,0.8597434771155271,73.32142602439788,205.24,21,4840,1652,84,35,620.0,619.99866555,1484,158400,3197,72.2796281842833,287.16022,0.0003,4987.3804,106.135315
,,,105023,,,,,,0.27774802255774383,35.89560993435313,205.72,21,4903,1656,84,36,625.0,625.0263735,1500,160200,3242,31.028367598419074,270.37427,0.0003,5738.1504,132.34642
,,,106026,,,,,,0.10355826280596354,68.31602381154924,205.2,21,4972,1660,85,36,625.9,625.89215491,1519,162200,3291,67.85596431607397,284.9532,0.0003,4689.742,120.77978
,,,107058,,,,,,0.10599226631834702,60.33090098139278,204.73,21,5041,1664,86,37,627.2,627.2336417,1538,164200,3340,57.030356728356836,278.7543,0.0003,5618.228,152.3523
,,,108005,,,,,,0.1333568926360571,64.0708444279972,203.65,21,5110,1668,87,37,626.5,626.53195923,1556,166200,3389,63.89293546330325,274.62195,0.0003,6149.13,141.93317
,,,108874,,,,,,0.37384835294325053,78.83001000027504,210.79,21,5165,1672,87,37,651.4,651.35282131,1571,167800,3428,78.72435942985112,288.78613,0.0003,5459.831,132.24615
,,,109739,,,,,,0.35314115375527283,56.90373856319202,211.51,20,5227,1676,88,38,654.9,654.91934869,1588,169600,3472,56.36473909180857,275.46057,0.0003,4190.4824,106.92938
196.15828596043102,183.9090909090909,96.364555,110001,96.00445939135662,1,462.9,277.16483,572.8149801818182,,,,,,,,,,,,,,,,,,
,,,110483,,,,,,1.691668093921312,30.14660096617813,206.54,20,5277,1680,89,38,639.7,639.70138801,1602,171000,3505,22.149542513333827,271.41446,0.0003,5027.84,141.1419
,,,111151,,,,,,0.34618951585504304,241.5300704108535,206.44,20,5324,1684,89,38,640.1,640.1242278999999,1615,172400,3538,241.5300704108535,320.26675,0.0003,3797.5532,101.93111
,,,111945,,,,,,0.1013945876874038,239.70336793159254,205.94,20,5378,1688,90,39,638.2,638.22044114,1629,174000,3576,239.70336793159254,321.05927,0.0003,4957.4727,132.08543
,,,112877,,,,,,0.16873967963184427,55.078815158653875,207.48,20,5439,1692,90,39,645.5,645.5290974100001,1646,175800,3619,54.73179803120253,274.9214,0.0003,4800.21,107.97287
,,,113825,,,,,,0.1890288920461677,42.429904113230414,208.89,20,5506,1696,91,40,651.8,651.77968414,1665,177800,3666,42.0714375144737,276.62445,0.0003,5336.697,127.223495
,,,114571,,,,,,0.10640387446761763,255.5828793124088,212.61,20,5552,1700,92,40,665.4,665.4354920000001,1678,179200,3698,255.5828793124088,316.68628,0.0003,4324.6567,105.40266
,,,115535,,,,,,0.1878103999175493,51.027765933715216,215.73,20,5619,1704,92,40,677.3,677.27433373,1697,181200,3745,50.81272775055913,283.04596,0.0003,4066.949,108.27341
,,,116562,,,,,,0.13278085055383015,56.91689792251152,218.93,20,5685,1708,93,41,689.3,689.2747701799999,1715,183200,3791,54.884376522087116,281.26843,0.0003,3685.7937,109.98751
,,,117460,,,,,,0.2550821456769949,68.2748886003753,219.35,20,5744,1712,94,41,692.0,691.97229794,1731,185000,3832,67.77820095462826,279.98224,0.0003,3755.8674,85.40046
,,,118298,,,,,,0.4678580083484484,41.600464484895504,217.72,20,5796,1716,95,41,685.3,685.3284635499999,1747,186600,3868,40.52962305491821,264.1858,0.0003,4503.2,101.8975
,,,119118,,,,,,0.1984956709257969,118.75664128457302,215.48,20,5855,1720,95,42,676.4,676.3502319599997,1763,188400,3909,118.42251162325361,256.4008,0.0003,4342.748,97.82078
,,,119804,,,,,,0.19856100735217008,242.50897638212206,214.57,20,5900,1724,96,42,672.8,672.8121787699998,1776,189800,3940,242.50897638212206,297.56543,0.0003,4520.2617,106.80332
150.48667034746575,132.1818181818182,132.01703,120001,131.38843476807355,1,485.8,246.90523,309.2243237272727,,,,,,,,,,,,,,,,,,
,,,120715,,,,,,0.22772693700420277,51.55332742787057,218.27,20,5959,1728,96,42,686.4,686.4423725199998,1793,191600,3981,50.87195675615771,269.2681,0.0003,4860.708,116.80107
,,,121284,,,,,,0.7026762100411134,236.0245577110662,214.49,20,5992,1732,97,43,672.8,672.8494184699998,1802,192600,4003,236.0245577110662,301.03455,0.0003,3694.7356,102.093025
,,,122162,,,,,,0.6413776701234459,40.45160919333575,213.16,20,6050,1736,98,43,666.9,666.88385366,1819,194400,4042,38.5447414362896,272.26413,0.0003,4201.809,112.50663
,,,122765,,,,,,2.889431913713135,66.52164826383445,211.79,20,6088,1740,98,43,660.2,660.20157653,1830,195600,4069,66.52164826383445,250.4997,0.0003,3928.5225,108.29509
,,,123419,,,,,,1.7641613765216821,60.667892772524105,206.63,20,6133,1744,99,44,642.2,642.17672878,1844,197000,4099,60.52736856910105,241.41914,0.0003,3599.3591,103.49477
,,,124454,,,,,,0.04340283775230738,153.01031890020477,211.15,20,6197,1748,99,44,655.8,655.7646283299999,1863,199000,4143,153.01031890020477,314.70935,0.0003,3562.6785,83.1117
,,,125342,,,,,,0.43475163865636496,25.13651436348972,212.31,20,6254,1752,100,44,659.2,659.15086412,1878,200800,4183,24.92248072712981,270.00122,0.0003,4384.6655,102.5085
,,,125932,,,,,,0.26240824279810837,244.90629955362542,209.09,20,6292,1756,101,45,647.3,647.27671222,1890,202000,4209,244.90629955362542,281.54642,0.0003,3458.9502,86.748566
,,,126888,,,,,,0.22707268193376484,32.42003938556576,208.62,19,6350,1760,101,45,647.7,647.68744949,1908,203800,4247,30.795500466329404,266.22052,0.0003,4479.689,114.54832
,,,128428,,,,,,0.0038602173955444544,101.20776133577701,213.7,19,6451,1764,102,46,658.2,658.16816456,1936,207000,4318,101.20776133577701,313.44,0.0003,5416.636,140.30547
,,,129512,,,,,,0.08515661043999023,44.66901362666717,215.07,19,6521,1768,103,46,662.3,662.26119152,1958,209200,4364,42.978781972188365,276.7337,0.0003,3560.704,94.26461
243.05253105120244,312.27272727272725,29.711357,130001,26.67395084607819,3,557.7,272.0338,1012.7133980909093,,,,,,,,,,,,,,,,,,
,,,130127,,,,,,0.965699912079704,202.6332662374201,212.53,19,6562,1772,104,46,652.6,652.56231053,1969,210400,4390,202.6332662374201,316.06378,0.0003,4535.157,99.99515
,,,131119,,,,,,0.15877209198847292,16.5487653697385,213.8,19,6625,1776,104,47,656.3,656.2605206200001,1987,212400,4434,-2.084685048640808,256.81857,0.0003,4938.6636,123.55773
,,,132131,,,,,,0.1270678364415511,18.543710550736677,216.48,19,6689,1780,105,47,666.5,666.5094442900001,2005,214400,4478,15.542502500172251,261.57373,0.0003,4614.8936,107.58207
,,,133480,,,,,,0.004543621620261585,18.984051529425365,223.29,19,6771,1784,106,48,690.7,690.7010968499999,2031,217000,4532,-2.8238701367463004,260.85147,0.0003,4508.425,102.70938
,,,134569,,,,,,0.11514424220961948,12.121411588658585,226.24,19,6840,1788,107,48,702.3,702.31395332,2050,219200,4580,10.800474878396342,276.07095,0.0003,3863.3274,103.0476
,,,135963,,,,,,1.5751261887422805,22.440328195313832,230.86,19,6928,1792,108,49,715.1,715.09966755,2075,222000,4641,20.346234574767568,313.41324,0.0003,4022.4565,103.68868
,,,136865,,,,,,0.1718666135734831,69.64133874777694,230.4,19,6984,1796,109,49,712.6,712.56303102,2094,223800,4678,69.56654284449239,258.78928,0.0003,3683.882,84.2758
,,,137923,,,,,,0.09095217892251158,17.98426720958116,233.52,19,7053,1800,110,50,724.9,724.9218003799999,2115,226000,4724,4.825548884865694,266.893,0.0003,4863.3643,107.39416
,,,139635,,,,,,0.19561747314766098,49.32849822347793,241.0,19,7158,1804,111,50,747.8,747.7956881,2146,229400,4796,49.32849822347793,326.5702,0.0003,3516.3894,81.56647
226.28138371026273,929.3636363636364,76.3723,140001,76.25838153075257,10,747.6,310.49326,2410.367993,,,,,,,,,,,,,,,,,,
,,,141598,,,,,,2.5056273390289945e-05,44.29871791824542,250.36,19,7287,1808,112,51,771.6,771.61677327,2183,233200,4874,44.228088419761185,290.3948,0.0003,2944.2664,64.94902
,,,143534,,,,,,1.2351082889032681e-05,11.078071607319245,260.74,19,7410,1812,114,52,803.3,803.3153181799998,2222,237200,4956,8.301164326785543,263.6282,0.0003,3886.963,91.92832
,,,144571,,,,,,0.11731518846907356,48.02402460307453,262.73,19,7472,1816,114,52,808.5,808.4664889300001,2242,239200,4996,48.02402460307453,283.46057,0.0003,3256.7378,72.65455
,,,146137,,,,,,0.0015976835734854533,56.23836401361774,270.19,19,7571,1820,115,53,829.3,829.26307032,2276,242400,5059,56.22079293728808,285.85605,0.0003,3743.6982,79.9905
,,,148028,,,,,,1.0092153820771525e-05,90.0177465802835,282.24,19,7688,1824,117,54,868.2,868.1630999099999,2316,246200,5134,89.83337190334754,262.79996,0.0003,3770.3105,85.49777
,,,148959,,,,,,0.23671013694715978,20.715829909574314,282.44,19,7743,1828,118,54,870.2,870.1937451800001,2334,248000,5169,18.43900654993625,266.13977,0.0003,3474.6272,78.03286
207.61152182679388,201.9090909090909,62.65308,150001,61.3495403328167,2,772.5,254.2899,627.0540383636363,,,,,,,,,,,,,,,,,,
,,,150048,,,,,,0.05648786086931136,38.392008570975726,287.64,19,7812,1832,119,55,887.5,887.51556048,2355,250200,5213,38.392008570975726,275.56873,0.0003,3075.7676,70.47711
,,,150852,,,,,,0.1718616184412727,108.39916577282197,286.9,19,7861,1836,120,55,884.4,884.3568379899999,2369,251800,5247,108.39916577282197,235.198,0.0003,3592.189,72.53975
,,,151634,,,,,,1.1155927157632706,17.55609599799547,288.69,19,7910,1840,120,56,893.6,893.59970558,2383,253400,5281,16.954939697910337,259.29694,0.0003,4857.036,113.94705
,,,152688,,,,,,0.12506679925868344,49.50513634391778,292.69,19,7971,1844,121,56,907.2,907.24413233,2401,255400,5323,49.360320009572426,279.78125,0.0003,2974.8708,63.18857
,,,154490,,,,,,6.168980548406179e-05,64.95892865909035,300.36,19,8081,1848,122,57,932.2,932.24106875,2433,259000,5398,64.80190407088409,275.03366,0.0003,3534.1772,87.083115
,,,155887,,,,,,0.0077511502166197396,38.459585576329616,305.45,19,8177,1852,123,57,950.5,950.52163332,2462,261800,5463,37.65762853905266,286.32013,0.0003,3189.9978,75.31085
,,,156399,,,,,,10.668335359445559,88.45643117550694,304.67,19,8213,1856,124,57,946.8,946.82552612,2473,262800,5488,88.45643117550694,283.95636,0.0003,3129.0437,60.20879
,,,157155,,,,,,0.08424905668139099,221.67439830106485,302.67,19,8271,1860,124,58,938.9,938.85400826,2491,264400,5527,221.67439830106485,277.35193,0.0003,3657.7644,87.05451
,,,157870,,,,,,2.167628074713803,29.596060878104815,294.42,18,8321,1864,125,58,918.2,918.1887479399999,2506,265800,5560,29.156986789229908,266.19812,0.0003,3095.2983,69.4376
,,,158240,,,,,,10.536729951791083,123.65474734686391,287.28,18,8350,1868,125,58,892.6,892.5814217800001,2515,266600,5579,123.65474734686391,233.82135,0.0003,4107.7876,90.34849
,,,158754,,,,,,4.1344534368779415,73.45641846174144,286.27,18,8386,1872,126,59,888.9,888.8697459499999,2527,267600,5603,73.07316876323523,228.81079,0.0003,2610.3352,61.695557
,,,159738,,,,,,0.027263348123911863,82.28103894304526,286.19,18,8457,1876,126,59,887.9,887.9162885499999,2550,269600,5650,80.95485080891821,218.59496,0.0003,3192.5134,74.876915
163.87317031865436,134.72727272727272,110.945114,160001,96.42341009778929,1,762.8,233.39967,382.40121436363637,,,,,,,,,,,,,,,,,,
,,,160597,,,,,,0.798633807903997,25.364035545517357,284.66,18,8516,1880,127,59,881.7,881.66456785,2567,271200,5689,24.386350304180276,279.1784,0.0003,3470.085,72.33314
,,,162200,,,,,,0.18204135071896188,14.105723995799552,287.2,18,8638,1884,128,60,887.7,887.70159508,2605,274600,5771,13.35930680901956,312.5145,0.0003,3244.686,71.41452
,,,162947,,,,,,1.9900338518582903,17.424522740391797,283.78,18,8688,1888,129,60,875.1,875.05582862,2620,276000,5805,16.173305103126005,270.74625,0.0003,3399.0403,88.31089
,,,164162,,,,,,0.008524678777183173,34.52429874452534,281.99,18,8777,1892,130,61,869.3,869.26984907,2648,278400,5864,32.67156617691604,247.21747,0.0003,3164.4143,77.952644
,,,164565,,,,,,8.694592522926452,95.190098999424,277.0,18,8806,1896,130,61,850.4,850.4449211900001,2656,279200,5883,82.16190653923019,206.94916,0.0003,2996.709,76.436356
,,,165603,,,,,,0.2460328666264192,15.941026965625705,276.8,18,8884,1900,131,62,847.9,847.8811285699999,2680,281400,5936,7.99660471021827,280.61755,0.0003,3557.3313,79.4113
