#{"t_start": 1651858209.789739, "env_id": "InvertedDoublePendulum-v2"}
r,l,t
63.910141,7,5.9984
35.720566,4,6.010002
63.843374,7,6.025982
73.31,8,6.050348
54.686154,6,6.059877
72.992048,8,6.080278
45.408801,5,6.103128
35.904926,4,6.116909
63.873968,7,6.134503
36.172883,4,6.148373
63.606937,7,6.16544
44.994557,5,6.183915
26.920419,3,6.1955
72.532314,8,6.217267
73.265773,8,6.238863
54.836202,6,6.260519
82.57083,9,6.636781
45.27746,5,6.651779
54.150786,6,6.669869
54.862298,6,6.682269
54.410361,6,6.696697
63.749556,7,6.715192
45.000548,5,6.727376
82.021723,9,6.745744
54.115773,6,6.76259
101.022024,11,6.791923
45.571812,5,6.812846
36.386191,4,6.824719
63.771152,7,6.843524
45.359723,5,6.859197
82.891692,9,6.884837
73.113521,8,6.987433
82.422895,9,7.002825
73.03705,8,7.021653
100.822416,11,7.051791
54.225201,6,7.069594
91.799811,10,7.090621
45.502678,5,7.101089
73.083261,8,7.120657
73.088049,8,7.14033
45.351593,5,7.154828
54.562731,6,7.173299
54.906449,6,7.187175
54.201157,6,7.198196
73.749855,8,7.33756
45.098735,5,7.352132
63.776765,7,7.365083
63.462265,7,7.38679
54.136846,6,7.40458
44.903166,5,7.423474
91.283434,10,7.446299
36.00098,4,7.46117
35.268536,4,7.474841
54.548962,6,7.490457
53.983981,6,7.50536
54.867535,6,7.522465
45.337317,5,7.531045
44.962819,5,7.547103
54.320104,6,7.564108
54.340798,6,7.577768
110.107735,12,7.768207
44.869119,5,7.788535
54.531309,6,7.80039
36.060357,4,7.814795
63.941987,7,7.834635
54.107236,6,7.848265
63.404176,7,7.865377
45.647972,5,7.883787
45.553529,5,7.899899
54.327063,6,7.915246
35.811643,4,7.93025
82.179439,9,7.952772
35.96651,4,7.967979
44.86778,5,7.981694
45.49816,5,7.999359
54.288745,6,8.01774
35.541377,4,8.02868
36.01164,4,8.043118
82.069274,9,8.28444
35.90027,4,8.302107
45.454893,5,8.32215
44.872923,5,8.336387
63.898828,7,8.358389
63.575469,7,8.383465
54.390988,6,8.403828
45.37838,5,8.424204
73.333658,8,8.448553
44.934535,5,8.466043
45.172564,5,8.479271
35.758554,4,8.494521
54.63579,6,8.512068
26.906214,3,8.524817
63.648742,7,8.548022
36.109032,4,8.563303
73.304772,8,8.5864
91.787302,10,8.873831
54.656211,6,8.897876
73.083818,8,8.922582
35.727479,4,8.938388
72.797134,8,8.959818
36.065832,4,8.978774
44.853272,5,8.993174
63.760691,7,9.011856
35.727174,4,9.023015
36.049227,4,9.038987
45.380857,5,9.054866
45.130887,5,9.070416
82.96062,9,9.096606
82.134528,9,9.125446
45.620104,5,9.146512
81.941649,9,9.165528
138.599809,15,9.511933
45.124421,5,9.538702
63.533378,7,9.562844
91.667762,10,9.592628
54.373675,6,9.615284
63.564832,7,9.635952
54.702332,6,9.65525
44.838183,5,9.674139
36.013928,4,9.690008
45.179629,5,9.70805
100.510312,11,9.739451
101.472676,11,9.771385
45.094709,5,9.791303
63.167985,7,9.814983
54.268179,6,10.188453
82.426014,9,10.210996
54.4224,6,10.232841
73.271608,8,10.260241
82.885905,9,10.288353
44.88369,5,10.307165
35.6243,4,10.319094
36.125191,4,10.330491
63.369225,7,10.351213
44.827855,5,10.36831
35.634518,4,10.379931
63.757006,7,10.403267
63.295573,7,10.423323
45.007179,5,10.441402
45.270032,5,10.459753
36.062275,4,10.475857
91.671488,10,10.852133
73.604479,8,10.873685
82.722506,9,10.898338
54.132416,6,10.914226
45.167166,5,10.923545
54.511109,6,10.934839
73.147172,8,10.953552
36.245312,4,10.967803
72.902959,8,10.988778
63.868876,7,11.003716
54.882621,6,11.01956
82.943298,9,11.040957
35.949935,4,11.057159
35.757297,4,11.074568
45.491391,5,11.088544
63.143293,7,11.111545
110.396117,12,11.502269
72.778595,8,11.524573
54.348552,6,11.53889
45.485777,5,11.555044
35.639221,4,11.569028
73.524288,8,11.584757
45.264254,5,11.596899
63.877208,7,11.609346
44.78122,5,11.619183
54.781362,6,11.636969
36.172173,4,11.648194
44.626672,5,11.66001
54.345621,6,11.67508
54.632751,6,11.69206
82.457616,9,11.716094
91.214719,10,12.156694
54.658232,6,12.175724
44.852499,5,12.18633
35.98554,4,12.198408
54.415455,6,12.213461
45.099968,5,12.222843
63.659362,7,12.239582
54.349121,6,12.2561
35.492645,4,12.265867
91.647192,10,12.287425
54.269899,6,12.301943
36.133274,4,12.315769
35.699129,4,12.328533
82.080629,9,12.349728
35.728531,4,12.366179
54.156203,6,12.380778
73.012561,8,12.399692
35.898322,4,12.880459
83.062282,9,12.903472
36.168585,4,12.918993
54.330722,6,12.937311
44.926288,5,12.95249
45.401945,5,12.964299
91.387382,10,12.984282
36.060486,4,12.995922
72.984417,8,13.014543
36.051727,4,13.028588
54.204933,6,13.044309
44.986498,5,13.056315
54.652131,6,13.072818
45.343553,5,13.087121
73.121494,8,13.106815
82.230439,9,13.126281
45.27941,5,13.638547
82.506197,9,13.661824
35.749085,4,13.672405
72.618605,8,13.689437
63.691038,7,13.710729
36.062269,4,13.724368
54.497269,6,13.741914
44.95077,5,13.7586
101.014619,11,13.78638
44.84167,5,13.803814
62.57993,7,13.823751
72.927299,8,13.84477
73.190409,8,13.865358
91.391913,10,13.889266
54.384182,6,13.910124
36.102256,4,14.429311
44.699145,5,14.444681
82.677465,9,14.468446
54.624278,6,14.488658
54.297918,6,14.502399
35.77804,4,14.511365
35.558005,4,14.520882
35.461688,4,14.532756
54.334392,6,14.547906
73.038613,8,14.563966
63.866539,7,14.575595
82.440487,9,14.595749
54.867751,6,14.615577
36.264216,4,14.627664
35.809209,4,14.64168
91.899585,10,14.665802
54.571003,6,15.27139
73.184799,8,15.296764
64.206861,7,15.318345
44.755551,5,15.337068
36.012145,4,15.353565
64.343457,7,15.370109
44.993264,5,15.38831
45.201133,5,15.403714
72.889713,8,15.422924
63.768261,7,15.446004
45.378092,5,15.464773
45.390074,5,15.481996
36.139769,4,15.498598
36.121326,4,15.512978
91.345494,10,15.535807
36.213946,4,15.544351
36.114117,4,15.560113
36.098245,4,15.575245
36.098451,4,16.271669
73.349376,8,16.294871
54.633447,6,16.316908
63.987696,7,16.336869
35.923665,4,16.351937
35.985186,4,16.367628
35.662879,4,16.381349
91.809553,10,16.404122
36.092668,4,16.422218
166.282011,18,16.467529
45.315637,5,16.494027
35.944292,4,16.506566
63.405714,7,16.52657
35.677005,4,16.543223
54.560726,6,16.560631
73.294534,8,16.585284
45.537046,5,17.323894
63.130432,7,17.34596
63.879338,7,17.36814
91.39078,10,17.402753
54.077467,6,17.423081
54.519848,6,17.443723
54.394942,6,17.464487
35.66257,4,17.472487
35.923321,4,17.48647
36.187537,4,17.498436
45.529225,5,17.516458
35.977237,4,17.528099
73.28455,8,17.546697
45.303462,5,17.562246
45.450262,5,17.576491
35.784354,4,17.59126
35.992635,4,17.605608
54.606421,6,17.623494
63.903058,7,18.353806
36.069891,4,18.360747
35.906881,4,18.367906
44.582283,5,18.376387
63.546133,7,18.388601
45.089342,5,18.395506
91.413832,10,18.406165
44.756732,5,18.412271
35.470547,4,18.417527
35.539463,4,18.422049
36.043419,4,18.427953
72.994308,8,18.441138
101.101941,11,18.460555
91.419571,10,18.487989
54.518605,6,18.506902
63.55409,7,19.214959
45.373084,5,19.229699
72.875211,8,19.247321
36.192976,4,19.260405
45.367869,5,19.276811
45.024844,5,19.291904
36.082166,4,19.303738
119.149276,13,19.323224
45.281801,5,19.33217
54.562744,6,19.345334
35.636388,4,19.356601
54.136792,6,19.367954
36.055815,4,19.379008
82.278466,9,19.400899
36.351885,4,19.414515
72.730118,8,19.43427
44.97695,5,19.446922
100.588032,11,20.242573
36.196055,4,20.25791
45.09817,5,20.268831
64.032426,7,20.282578
54.934341,6,20.294364
54.326664,6,20.309772
54.388285,6,20.324367
63.75775,7,20.337
63.923096,7,20.356066
73.459218,8,20.374589
45.49213,5,20.390894
45.615333,5,20.406208
54.97889,6,20.425559
35.954411,4,20.438855
73.071378,8,20.461207
35.493312,4,20.474832
35.690875,4,20.486142
54.580837,6,21.256953
63.341999,7,21.272632
54.63014,6,21.285024
63.437151,7,21.298037
54.01203,6,21.309369
44.897869,5,21.320108
36.139423,4,21.332495
35.672282,4,21.342626
36.104387,4,21.352279
54.782025,6,21.366718
63.879215,7,21.385963
35.780102,4,21.400496
36.349175,4,21.407149
54.65673,6,21.422224
54.705704,6,21.438433
35.989703,4,21.44575
45.410178,5,21.453612
35.944536,4,21.460095
45.069212,5,21.469543
54.606586,6,22.28354
72.796847,8,22.304308
45.322164,5,22.318444
36.139464,4,22.329908
72.75295,8,22.348121
72.995444,8,22.3712
54.182992,6,22.386211
63.708934,7,22.409294
45.324008,5,22.431555
44.837353,5,22.446356
35.830646,4,22.460295
73.604744,8,22.480656
82.323579,9,22.510252
82.709528,9,22.538183
44.976378,5,22.557565
63.51847,7,23.584676
101.206555,11,23.619544
54.386355,6,23.639368
44.908981,5,23.655977
45.418153,5,23.674028
63.407475,7,23.696852
45.364706,5,23.712208
44.994396,5,23.726821
44.688209,5,23.743801
45.035762,5,23.756163
35.955762,4,23.771885
36.173492,4,23.785676
45.32661,5,23.796027
35.715168,4,23.813217
45.532295,5,23.824905
35.844346,4,23.839605
45.241657,5,23.85615
44.952891,5,23.875522
44.928452,5,23.893196
92.230204,10,24.970863
54.883087,6,24.988284
35.639628,4,25.001686
45.188137,5,25.01403
63.545956,7,25.027436
35.891488,4,25.036605
63.494362,7,25.051804
72.779561,8,25.073078
54.52204,6,25.091277
45.356317,5,25.10638
54.242451,6,25.123224
44.882847,5,25.137656
54.492671,6,25.15379
45.186999,5,25.165626
44.888279,5,25.178476
64.007573,7,25.195662
45.333209,5,25.207278
54.149842,6,26.165419
54.709389,6,26.181618
63.980593,7,26.196888
45.063701,5,26.205215
63.549926,7,26.212869
45.251597,5,26.220472
64.02421,7,26.230403
54.545517,6,26.240004
36.281835,4,26.249679
63.496873,7,26.260789
53.961115,6,26.274821
35.967141,4,26.284508
45.363156,5,26.294104
36.159478,4,26.307006
72.958064,8,26.331258
44.778503,5,26.344725
26.87816,3,26.355012
54.18949,6,26.364933
36.201092,4,27.370358
54.371229,6,27.383595
44.941566,5,27.39863
45.137161,5,27.4091
36.093767,4,27.41987
72.943939,8,27.43433
54.513759,6,27.447872
54.481922,6,27.464294
53.962778,6,27.482116
45.086795,5,27.494309
63.703933,7,27.506086
54.164172,6,27.525751
35.899348,4,27.537792
91.68017,10,27.562476
54.419615,6,27.580996
54.289253,6,27.600706
82.482316,9,28.652195
54.302767,6,28.674172
72.769387,8,28.694291
45.123145,5,28.712213
54.4342,6,28.727382
35.884265,4,28.74073
63.91607,7,28.759427
63.324296,7,28.778555
45.268232,5,28.7942
45.003055,5,28.805448
36.195962,4,28.814597
36.112368,4,28.827566
82.623085,9,28.840882
64.108279,7,28.849944
73.071093,8,28.866387
45.206329,5,28.881148
45.322077,5,28.891062
54.335484,6,30.01744
35.850742,4,30.031129
92.494579,10,30.056569
63.718237,7,30.076256
45.110115,5,30.094741
45.395837,5,30.111542
45.074893,5,30.129843
82.660735,9,30.155895
54.241713,6,30.17151
45.04965,5,30.189884
54.149722,6,30.209255
73.035816,8,30.234941
54.16205,6,30.253793
54.098847,6,30.269892
45.516587,5,30.283862
45.3851,5,30.303442
36.35856,4,30.318609
45.436912,5,31.601948
63.508649,7,31.622787
26.862618,3,31.633995
63.80787,7,31.654017
63.450553,7,31.67831
36.245589,4,31.69448
73.241614,8,31.714673
54.548638,6,31.730659
72.68683,8,31.755194
45.359171,5,31.774519
36.020871,4,31.784374
100.545846,11,31.815886
82.108026,9,31.844656
63.993116,7,31.86969
54.171077,6,31.889598
82.389619,9,33.140039
45.131728,5,33.152882
63.535571,7,33.170804
64.170905,7,33.190758
54.591332,6,33.206939
63.812843,7,33.227692
73.208219,8,33.253669
54.612347,6,33.270701
45.287729,5,33.281934
54.345492,6,33.294476
36.10946,4,33.312255
54.169493,6,33.327722
35.861748,4,33.340126
44.775424,5,33.354016
35.996851,4,33.368335
54.888339,6,33.387066
54.621244,6,33.402451
35.859879,4,34.649036
45.149129,5,34.664454
63.605367,7,34.683217
64.072549,7,34.704928
63.565642,7,34.723808
44.808191,5,34.740921
81.810413,9,34.763258
54.508131,6,34.782364
54.503258,6,34.795524
35.537455,4,34.811206
45.554696,5,34.822964
64.101888,7,34.839491
63.87279,7,34.855708
73.293668,8,34.878494
82.015628,9,34.90222
45.282844,5,34.919281
64.085789,7,36.204029
45.568582,5,36.22237
81.942268,9,36.245709
110.678394,12,36.275229
63.945761,7,36.296604
53.960955,6,36.314332
35.911327,4,36.326843
64.032852,7,36.340486
45.32559,5,36.350768
45.291744,5,36.366247
35.904837,4,36.375641
54.296641,6,36.392804
45.322173,5,36.408917
157.050856,17,36.451852
35.99002,4,37.869648
45.2305,5,37.880249
54.357263,6,37.90083
63.792725,7,37.924169
129.14351,14,37.95818
54.302786,6,37.97455
54.691379,6,37.985913
54.748788,6,38.004104
44.985829,5,38.018443
36.096346,4,38.030487
91.4391,10,38.054015
36.21731,4,38.071749
72.858823,8,38.094201
64.078479,7,38.112806
73.268028,8,38.133234
63.527323,7,39.607071
35.999617,4,39.620202
63.956476,7,39.637099
63.914551,7,39.652183
45.265238,5,39.669474
63.255635,7,39.687352
54.907853,6,39.705003
44.963987,5,39.72153
36.163848,4,39.734227
45.399982,5,39.74491
64.039933,7,39.759645
36.027253,4,39.773859
73.11543,8,39.797552
45.37415,5,39.811969
35.986235,4,39.822941
35.996994,4,39.834796
35.55308,4,39.85139
54.228153,6,39.867482
35.792658,4,41.26415
45.413283,5,41.278151
73.465532,8,41.30469
54.258497,6,41.320807
63.76937,7,41.340771
45.120222,5,41.356653
35.976794,4,41.372082
54.162646,6,41.387189
35.642869,4,41.401997
36.217802,4,41.413612
36.055225,4,41.42258
36.263135,4,41.430234
54.705683,6,41.441438
36.290165,4,41.454749
44.964901,5,41.471087
45.115529,5,41.483542
91.842207,10,41.506567
36.05735,4,41.514454
54.978544,6,41.523734
54.501776,6,42.925292
82.633191,9,42.943282
54.135101,6,42.965096
35.812019,4,42.9788
36.020176,4,42.991111
54.041379,6,43.008716
82.586914,9,43.03734
45.001836,5,43.055362
73.199725,8,43.077265
54.281308,6,43.089076
64.043464,7,43.099612
35.894885,4,43.107518
36.199952,4,43.115152
63.698944,7,43.130916
54.87676,6,43.145617
82.215286,9,43.167336
54.724683,6,44.699226
45.571216,5,44.715087
63.606377,7,44.728343
83.034073,9,44.755082
36.043464,4,44.770314
73.028335,8,44.793045
63.419366,7,44.816537
36.210193,4,44.831265
54.6705,6,44.850885
54.553602,6,44.870471
54.118476,6,44.890641
73.458544,8,44.916924
45.264337,5,44.937148
82.848963,9,44.965336
91.977064,10,44.991809
54.576629,6,46.696619
63.727502,7,46.71169
36.034761,4,46.727884
35.715109,4,46.739326
35.71359,4,46.754325
36.333416,4,46.76857
82.57362,9,46.794341
54.518211,6,46.816129
54.766664,6,46.836374
35.894512,4,46.855401
44.860433,5,46.870576
44.921125,5,46.887928
35.94445,4,46.903362
45.363318,5,46.920506
45.215337,5,46.93116
45.386629,5,46.940079
63.609212,7,46.958648
63.71279,7,46.977886
54.492487,6,48.523534
82.777918,9,48.544486
26.898918,3,48.556954
45.370938,5,48.570126
35.772632,4,48.582621
54.978385,6,48.591918
35.68635,4,48.599601
63.955694,7,48.609241
45.202673,5,48.618415
35.701204,4,48.626302
91.716337,10,48.64224
45.342731,5,48.65609
63.92208,7,48.664624
45.178277,5,48.672475
35.535911,4,48.687974
45.293955,5,48.700441
45.164505,5,48.715747
82.837259,9,48.732986
44.954923,5,50.329509
54.266145,6,50.33862
63.982861,7,50.352345
45.494325,5,50.361587
82.158961,9,50.377444
35.781778,4,50.38723
35.896877,4,50.396898
63.188966,7,50.406616
44.818318,5,50.416733
82.088447,9,50.437094
45.043689,5,50.452627
35.852042,4,50.466052
35.832622,4,50.478423
82.784003,9,50.494611
36.03092,4,50.502644
45.376998,5,50.510494
35.593299,4,50.517431
45.211006,5,50.525124
64.041066,7,52.169301
44.94502,5,52.180999
64.224178,7,52.202954
36.169251,4,52.216242
35.647468,4,52.229203
63.352648,7,52.24732
92.180755,10,52.277538
54.448373,6,52.296161
36.205885,4,52.310232
35.634885,4,52.321192
35.901363,4,52.333054
54.356415,6,52.35024
91.954131,10,52.36946
44.94377,5,52.388964
35.68632,4,52.402441
54.816907,6,52.418689
54.337682,6,52.434395
54.336449,6,54.286729
45.486886,5,54.305368
73.196964,8,54.320184
63.644846,7,54.344832
45.081635,5,54.361306
45.068327,5,54.375854
63.555281,7,54.393036
82.139082,9,54.417861
82.584443,9,54.443401
45.337314,5,54.457941
54.711295,6,54.469338
73.252641,8,54.485618
36.01412,4,54.500211
44.654043,5,54.515302
91.608083,10,54.539599
44.722682,5,56.230156
45.203366,5,56.245012
73.261715,8,56.268423
54.51615,6,56.286298
35.415064,4,56.300464
82.369792,9,56.317065
109.496137,12,56.343263
45.12563,5,56.362427
54.224518,6,56.37869
73.611922,8,56.402243
63.621939,7,56.418334
44.768591,5,56.437652
44.972533,5,56.451819
45.528901,5,56.467237
44.999702,5,56.483806
54.573007,6,56.496372
36.030604,4,58.246743
63.629164,7,58.266985
54.505307,6,58.284064
91.501813,10,58.308724
54.957248,6,58.323946
54.421051,6,58.344464
44.960537,5,58.36191
82.151185,9,58.383018
63.913329,7,58.405267
82.339172,9,58.429944
91.832681,10,58.460205
45.354207,5,58.471564
54.784596,6,58.482707
44.755247,5,58.498571
54.397551,6,58.513955
44.89621,5,60.462529
54.42627,6,60.481164
45.015128,5,60.495722
54.102304,6,60.513062
35.935019,4,60.528579
54.941898,6,60.540693
35.755988,4,60.550397
44.823123,5,60.564548
73.043899,8,60.589034
45.370444,5,60.607024
100.933333,11,60.631261
44.786307,5,60.648279
45.068128,5,60.665507
82.876274,9,60.690474
54.649583,6,60.707844
63.752549,7,60.729917
54.75845,6,62.642733
100.887943,11,62.667742
35.732523,4,62.68329
73.425548,8,62.704195
35.76421,4,62.717582
73.000166,8,62.735934
63.758223,7,62.758646
36.066019,4,62.772916
63.610561,7,62.787002
45.402833,5,62.801551
54.574101,6,62.816602
72.775463,8,62.83783
54.272582,6,62.854334
36.144691,4,62.864018
36.046723,4,62.875079
73.265635,8,62.888935
36.281987,4,62.896682
82.2567,9,64.828609
63.885399,7,64.84851
36.030354,4,64.863696
54.874183,6,64.878091
45.129177,5,64.894186
64.27519,7,64.91565
63.564808,7,64.933909
45.059802,5,64.951297
35.90565,4,64.96314
45.50008,5,64.970962
91.761152,10,64.984745
63.802567,7,65.008111
44.786091,5,65.020036
54.235057,6,65.030691
45.155023,5,65.047876
44.860614,5,65.058391
45.241869,5,66.99509
36.198778,4,67.009995
54.415142,6,67.03044
45.50194,5,67.047603
45.174103,5,67.06391
73.191803,8,67.086005
54.663408,6,67.105029
54.566685,6,67.120226
63.327749,7,67.142225
72.713516,8,67.164227
45.18244,5,67.175409
82.800325,9,67.197927
73.119201,8,67.224792
44.761745,5,67.242932
54.464965,6,67.260486
36.046343,4,67.270048
63.484177,7,69.408979
35.761923,4,69.423574
54.250899,6,69.441234
82.26681,9,69.46243
44.942809,5,69.478895
54.287348,6,69.496725
45.120129,5,69.513142
54.636638,6,69.528876
45.47987,5,69.540905
35.910832,4,69.548313
73.557845,8,69.564375
54.762081,6,69.584303
54.41686,6,69.597169
73.04586,8,69.610014
73.088237,8,69.624459
54.667273,6,69.644287
36.183906,4,69.653769
45.040143,5,71.625751
35.720976,4,71.64172
73.314633,8,71.6592
44.941295,5,71.673353
35.991176,4,71.681277
36.036575,4,71.689824
35.793902,4,71.696922
73.243378,8,71.707817
54.739368,6,71.719608
54.5319,6,71.738327
36.221994,4,71.746275
44.87759,5,71.754883
45.156749,5,71.763454
54.209055,6,71.774911
44.986194,5,71.788611
54.442438,6,71.807127
45.31496,5,71.822633
45.225586,5,71.837826
54.331613,6,71.852607
63.815657,7,73.927421
54.580955,6,73.945104
63.478597,7,73.969022
54.335382,6,73.994211
35.571332,4,74.010223
54.743991,6,74.029825
82.125621,9,74.055963
63.650078,7,74.072781
73.369758,8,74.096488
54.119241,6,74.111518
35.669093,4,74.126135
44.884475,5,74.140205
72.74,8,74.160812
54.904003,6,74.182718
54.245565,6,74.201944
54.331967,6,74.218849
35.546345,4,76.480274
45.239596,5,76.499842
36.128656,4,76.516188
54.73894,6,76.530782
45.040413,5,76.546024
54.493031,6,76.562043
110.654353,12,76.588283
36.119864,4,76.603278
36.322504,4,76.616244
63.63384,7,76.630723
35.966659,4,76.643072
36.160292,4,76.656149
63.585508,7,76.674681
26.820377,3,76.686393
44.999704,5,76.700859
45.096408,5,76.71682
73.103331,8,76.736378
110.656434,12,78.859683
63.459899,7,78.884833
63.418816,7,78.901207
35.936166,4,78.914776
35.532267,4,78.925133
63.692732,7,78.945558
64.151652,7,78.964052
92.181162,10,78.986507
54.478633,6,79.003982
54.645178,6,79.023604
63.273311,7,79.038768
64.097977,7,79.054774
101.267944,11,79.078938
45.30425,5,79.094716
64.015885,7,79.111256
54.427951,6,81.30187
45.095444,5,81.316034
54.618801,6,81.329113
36.255652,4,81.339643
54.20097,6,81.354555
73.365979,8,81.380291
82.741396,9,81.39778
27.014401,3,81.405788
36.103887,4,81.417049
82.893861,9,81.438111
44.957189,5,81.457087
63.951905,7,81.477176
54.487165,6,81.496898
73.397189,8,81.516587
54.77698,6,81.53447
35.481009,4,81.550426
72.71782,8,83.974492
35.869242,4,83.990577
92.176756,10,84.020455
54.555099,6,84.04299
35.438581,4,84.057914
54.644312,6,84.072286
45.000489,5,84.088943
45.144574,5,84.10299
44.836138,5,84.116532
54.468133,6,84.134954
54.362284,6,84.154658
35.688881,4,84.170123
63.623445,7,84.191147
54.530124,6,84.203771
45.262706,5,84.218663
63.865585,7,84.23668
63.27917,7,84.256315
54.566935,6,86.478239
35.741554,4,86.493555
54.038128,6,86.507204
63.942789,7,86.521952
45.398238,5,86.537498
44.820163,5,86.553316
81.865772,9,86.565947
45.364006,5,86.580512
73.054213,8,86.594944
54.478559,6,86.611059
54.183256,6,86.625451
63.869153,7,86.639896
82.368236,9,86.657023
101.135437,11,86.679692
54.737402,6,86.691616
35.571841,4,86.705726
73.339147,8,89.02413
45.047603,5,89.039663
63.657881,7,89.062084
53.894216,6,89.079602
45.022381,5,89.0936
54.513402,6,89.111489
63.848849,7,89.126381
35.844915,4,89.1376
54.407602,6,89.151901
44.916862,5,89.165603
54.402859,6,89.184892
54.536803,6,89.200949
54.524045,6,89.215391
81.725405,9,89.244275
54.338315,6,89.263009
53.885255,6,89.279674
64.052826,7,91.78715
82.334674,9,91.811854
45.129878,5,91.822076
45.328865,5,91.831018
63.076419,7,91.846484
63.427014,7,91.86799
63.815975,7,91.881133
54.298691,6,91.892818
54.258374,6,91.909672
63.539875,7,91.928582
36.161214,4,91.943293
36.225888,4,91.955432
44.841679,5,91.966484
45.476217,5,91.977788
36.001243,4,91.988648
110.190825,12,92.018806
45.342888,5,94.429315
35.861613,4,94.43949
45.267606,5,94.44949
35.728375,4,94.458103
63.991925,7,94.469681
36.067034,4,94.487404
63.471096,7,94.505465
44.810015,5,94.522134
35.863934,4,94.532808
73.225327,8,94.555127
45.049787,5,94.567052
36.213549,4,94.579237
44.946668,5,94.592101
73.493067,8,94.611418
45.02978,5,94.623083
35.878025,4,94.637374
82.176932,9,94.655489
54.29804,6,94.676723
73.037771,8,97.156286
44.974002,5,97.170082
45.132188,5,97.184921
64.121546,7,97.210239
53.992067,6,97.22543
54.078351,6,97.241746
45.057904,5,97.257228
35.32187,4,97.269831
45.441282,5,97.289183
36.123003,4,97.302556
63.853822,7,97.322481
54.686196,6,97.342395
63.566818,7,97.363941
45.129528,5,97.381896
45.502435,5,97.397949
73.32564,8,97.416699
82.696162,9,97.439166
63.544748,7,100.009304
82.143832,9,100.031109
53.845038,6,100.04699
45.183007,5,100.066636
35.815825,4,100.078259
64.197975,7,100.098965
35.67825,4,100.113253
72.822774,8,100.13488
45.317546,5,100.144013
45.149392,5,100.153298
44.860913,5,100.171487
63.891684,7,100.189948
73.280356,8,100.21055
54.621266,6,100.226438
82.673717,9,100.251523
44.873026,5,100.268077
63.655816,7,102.710361
73.005364,8,102.729201
82.629076,9,102.754236
63.263628,7,102.773914
45.234428,5,102.790185
26.882433,3,102.797627
54.615751,6,102.81466
82.414515,9,102.836339
54.084752,6,102.853719
63.492831,7,102.87148
54.457067,6,102.887805
73.542897,8,102.909276
36.073747,4,102.922659
63.544222,7,102.936171
100.663045,11,105.608397
82.910561,9,105.637471
72.886383,8,105.664456
64.244636,7,105.68978
63.699442,7,105.710925
63.475612,7,105.732793
82.448993,9,105.755193
36.140345,4,105.769361
45.41631,5,105.78308
45.311898,5,105.79487
35.93932,4,105.808403
44.878614,5,105.820928
54.88426,6,105.839152
82.439436,9,105.865027
45.393218,5,105.880959
44.894853,5,105.90008
73.039927,8,108.475742
35.952425,4,108.491051
100.912282,11,108.519382
63.361921,7,108.543845
36.149401,4,108.557105
35.899148,4,108.571342
73.327704,8,108.595081
82.055109,9,108.616222
45.214678,5,108.630532
54.222033,6,108.645638
73.074057,8,108.66109
45.086986,5,108.680925
35.431561,4,108.693316
91.841464,10,108.713983
54.915797,6,108.734465
82.121589,9,111.428594
72.748771,8,111.456125
36.25285,4,111.471792
35.645066,4,111.488445
44.932981,5,111.503292
63.556459,7,111.524943
54.126626,6,111.538616
82.537778,9,111.561806
45.254514,5,111.576735
54.556558,6,111.594786
72.752665,8,111.618716
73.258588,8,111.642503
45.443696,5,111.659463
45.056788,5,111.677693
45.188178,5,111.691741
44.806743,5,111.706884
36.093566,4,111.719144
64.163185,7,114.53957
92.441109,10,114.563875
36.141202,4,114.57726
35.426909,4,114.584715
63.480016,7,114.596459
35.879949,4,114.611939
45.014283,5,114.6225
63.524593,7,114.636421
45.313714,5,114.652
63.638108,7,114.669863
44.877716,5,114.685927
54.376346,6,114.701638
82.464871,9,114.717754
82.00093,9,114.737861
91.552401,10,114.762405
63.803046,7,117.425068
63.451215,7,117.4454
63.76895,7,117.464373
91.523512,10,117.485047
45.544275,5,117.499623
72.678833,8,117.520237
63.902214,7,117.541973
54.113715,6,117.552606
36.031224,4,117.564755
45.128958,5,117.576869
35.877838,4,117.58763
64.022053,7,117.600933
45.322273,5,117.611138
44.833769,5,117.621343
73.510488,8,117.635121
45.106585,5,117.643066
44.895756,5,120.532577
45.131981,5,120.550957
45.393956,5,120.564451
54.005075,6,120.580167
63.522546,7,120.604982
35.839977,4,120.619537
35.967695,4,120.627816
36.136247,4,120.63573
44.816977,5,120.644497
82.324608,9,120.666433
45.006058,5,120.687424
63.475401,7,120.708258
35.82916,4,120.722916
45.374498,5,120.739613
45.248476,5,120.755427
45.451389,5,120.771294
45.243312,5,120.785964
45.067811,5,120.805476
63.910575,7,120.827108
45.033213,5,123.541538
63.88179,7,123.557332
35.939001,4,123.566977
54.783198,6,123.579953
63.54493,7,123.597996
45.453234,5,123.609619
44.965569,5,123.623664
45.347298,5,123.637427
26.833618,3,123.648893
91.780698,10,123.669766
63.70525,7,123.691835
44.882995,5,123.704416
64.013035,7,123.719506
45.326232,5,123.736365
73.042047,8,123.758183
100.934285,11,123.782663
36.30093,4,126.673506
54.568102,6,126.691677
44.826155,5,126.709445
82.573049,9,126.725957
45.469267,5,126.737009
36.093665,4,126.750652
44.890752,5,126.76559
45.187011,5,126.783133
45.089898,5,126.798286
64.117992,7,126.81966
45.569642,5,126.834865
35.661505,4,126.846301
36.098328,4,126.859396
64.122459,7,126.87743
54.661051,6,126.898231
63.638851,7,126.917703
72.947218,8,126.940189
64.266124,7,129.896171
82.561609,9,129.921229
45.534662,5,129.938016
82.47341,9,129.961457
82.789921,9,129.98466
63.927985,7,130.004255
45.202067,5,130.019076
91.548869,10,130.043
45.239867,5,130.06072
36.12151,4,130.075869
35.788189,4,130.086246
72.971746,8,130.101072
45.062079,5,130.113562
82.207802,9,130.13035
54.35504,6,130.143395
82.385398,9,133.039731
63.836,7,133.06042
82.558152,9,133.086564
64.167461,7,133.109848
45.361094,5,133.128691
54.267597,6,133.147114
45.487181,5,133.159387
45.55191,5,133.174117
45.469928,5,133.18867
82.651689,9,133.209292
63.989904,7,133.227692
63.828322,7,133.249317
72.962353,8,133.270793
64.105139,7,133.293287
45.123358,5,133.312312
64.094046,7,136.396505
54.628767,6,136.415872
36.211095,4,136.428601
35.568207,4,136.444602
128.612005,14,136.467474
110.423645,12,136.495222
45.021787,5,136.507827
92.378227,10,136.529454
82.871993,9,136.546514
91.935159,10,136.560966
54.817446,6,136.583358
54.861881,6,136.600824
44.863023,5,136.61888
44.906645,5,139.533287
45.126081,5,139.548128
44.976933,5,139.563806
44.968391,5,139.580459
45.138878,5,139.592298
82.497296,9,139.616229
72.847902,8,139.632807
44.969871,5,139.647878
63.502231,7,139.668449
63.295833,7,139.690689
54.134337,6,139.708265
82.367854,9,139.732018
44.932326,5,139.749713
64.048108,7,139.764334
45.477499,5,139.776403
36.289887,4,139.784784
82.655213,9,143.019589
44.904387,5,143.035533
45.129323,5,143.050636
35.425453,4,143.061805
54.384869,6,143.078434
36.108965,4,143.091789
54.528327,6,143.11076
54.605993,6,143.127974
63.73557,7,143.145707
45.380353,5,143.161198
44.78242,5,143.176609
45.376362,5,143.192629
54.431412,6,143.208459
35.979037,4,143.222166
35.831967,4,143.235948
54.609853,6,143.252441
73.409268,8,143.274091
44.88576,5,143.289555
35.631254,4,143.300556
63.797252,7,146.292233
44.84044,5,146.306391
54.608698,6,146.322227
35.888865,4,146.335965
63.521538,7,146.3518
35.843609,4,146.365215
44.764331,5,146.381817
91.867008,10,146.406979
54.374586,6,146.427476
64.114022,7,146.445586
54.535656,6,146.463949
54.716195,6,146.479871
63.934609,7,146.499139
54.845646,6,146.514591
54.556936,6,146.532497
45.003565,5,146.547195
45.137432,5,146.563537
45.05768,5,149.807218
91.375501,10,149.830022
82.481828,9,149.854788
45.329644,5,149.871154
44.814592,5,149.888556
82.213159,9,149.916211
45.423719,5,149.93186
45.459872,5,149.94507
35.947299,4,149.954898
35.562825,4,149.970412
54.716127,6,149.990678
35.935924,4,150.003165
72.897058,8,150.018655
53.976385,6,150.038825
45.481353,5,150.056718
36.089133,4,150.07151
63.895192,7,153.168885
36.161117,4,153.184278
63.950146,7,153.203875
54.681253,6,153.226369
82.209703,9,153.251361
45.527269,5,153.266227
54.739428,6,153.274805
82.199811,9,153.299321
63.585032,7,153.311761
45.307453,5,153.321801
63.749518,7,153.333166
54.168755,6,153.348531
63.236613,7,153.367388
45.332394,5,153.383826
36.182848,4,153.395386
82.645338,9,153.410881
72.964369,8,156.693436
91.544121,10,156.723208
36.091558,4,156.74184
35.686125,4,156.756669
72.68906,8,156.778121
63.863202,7,156.804935
45.398927,5,156.823173
63.704508,7,156.83992
54.677708,6,156.851935
35.997879,4,156.864833
63.972845,7,156.879904
35.425806,4,156.89642
63.956305,7,156.911946
54.325255,6,156.931954
44.747509,5,156.948636
45.2778,5,156.957672
53.703238,6,156.969514
44.728708,5,160.186428
35.544814,4,160.204515
54.012843,6,160.220731
35.588136,4,160.234757
45.116093,5,160.247515
54.488813,6,160.262396
45.320512,5,160.270312
35.429605,4,160.275943
53.974629,6,160.283112
44.972734,5,160.290141
36.060392,4,160.299807
54.161038,6,160.317073
45.419112,5,160.330571
64.115057,7,160.347363
73.170928,8,160.359843
35.639227,4,160.370031
63.906651,7,160.388296
63.985388,7,160.406932
54.592928,6,163.714706
36.036172,4,163.727947
45.259041,5,163.744356
63.730411,7,163.762979
82.557038,9,163.791323
45.197949,5,163.810295
82.342395,9,163.834765
36.197757,4,163.853155
54.606306,6,163.872318
73.200838,8,163.889431
64.306869,7,163.914185
54.499113,6,163.935381
45.370444,5,163.951022
101.028001,11,163.98045
36.075308,4,163.997109
82.25726,9,167.411463
54.682617,6,167.429122
54.598924,6,167.449092
63.31845,7,167.464441
54.442209,6,167.478325
73.390194,8,167.4983
82.736785,9,167.520887
36.077739,4,167.532705
45.448023,5,167.54813
45.128792,5,167.558682
63.796573,7,167.567686
63.581985,7,167.576648
63.909597,7,167.586299
63.527973,7,167.59641
44.974841,5,167.614938
72.740508,8,167.63453
35.67155,4,171.028202
100.71892,11,171.057278
73.538565,8,171.07636
45.259764,5,171.0939
54.778509,6,171.107647
63.874773,7,171.122551
35.606511,4,171.137589
45.123152,5,171.152347
72.549445,8,171.172519
36.103707,4,171.18914
63.373142,7,171.209635
64.100205,7,171.230758
36.027639,4,171.246144
35.757857,4,171.259441
73.754645,8,171.275912
54.737581,6,171.289112
36.139968,4,174.696298
54.315957,6,174.707603
54.424097,6,174.7238
73.105081,8,174.74615
35.981728,4,174.755156
35.425393,4,174.762475
45.056366,5,174.770849
45.189859,5,174.781308
54.261239,6,174.790624
64.15665,7,174.807442
45.089789,5,174.823058
45.360745,5,174.836902
64.103441,7,174.855675
45.21149,5,174.873969
35.963992,4,174.885681
35.832418,4,174.895195
64.06061,7,174.910269
35.501692,4,174.919392
36.004313,4,174.932384
91.390728,10,178.352942
73.520893,8,178.376613
73.402226,8,178.39291
45.03541,5,178.405701
54.679737,6,178.420059
44.988981,5,178.438102
91.372908,10,178.463517
35.512004,4,178.478819
82.541166,9,178.50512
72.869014,8,178.531962
44.893434,5,178.546965
35.818272,4,178.56146
35.758068,4,178.577162
110.182813,12,178.608983
63.776548,7,182.184609
35.933888,4,182.196376
35.859108,4,182.206123
54.260264,6,182.222868
63.891427,7,182.2382
64.034254,7,182.254944
35.632543,4,182.270405
54.446579,6,182.285914
73.248474,8,182.304651
45.497926,5,182.320866
54.694329,6,182.334548
45.156563,5,182.350903
45.29706,5,182.36086
36.11468,4,182.368293
45.498615,5,182.381839
63.588818,7,182.401249
72.970021,8,182.422078
45.12494,5,182.432823
63.869433,7,185.957994
35.809727,4,185.969368
72.726717,8,185.993806
64.071741,7,186.014079
73.385216,8,186.037564
64.215072,7,186.057843
73.400859,8,186.077875
54.363434,6,186.089911
63.572156,7,186.104421
35.97556,4,186.119924
54.539208,6,186.136412
45.58312,5,186.149105
45.187634,5,186.166289
73.464509,8,186.191948
36.121952,4,186.206138
45.314277,5,186.221925
72.800228,8,189.810359
45.001442,5,189.827121
63.783126,7,189.847374
44.958732,5,189.863139
35.827602,4,189.876024
35.794581,4,189.891479
45.163225,5,189.906099
54.103283,6,189.919134
73.484448,8,189.939676
73.535356,8,189.958551
36.150427,4,189.968604
35.462008,4,189.97992
45.048479,5,189.993386
36.024031,4,190.009861
72.882822,8,190.030864
35.62952,4,190.0482
63.625075,7,190.062092
35.596889,4,190.074935
63.419295,7,193.756447
72.616857,8,193.774053
45.04448,5,193.792163
81.697519,9,193.819352
26.886894,3,193.833273
54.422774,6,193.852048
63.905342,7,193.869022
63.773137,7,193.890954
36.093838,4,193.908778
54.450798,6,193.928864
35.544279,4,193.943082
91.698019,10,193.97445
45.195869,5,193.994942
54.271955,6,194.010541
72.74251,8,194.032505
54.439598,6,194.050021
45.4907,5,197.653861
63.823872,7,197.670527
44.82071,5,197.68442
45.177876,5,197.701138
44.913665,5,197.712248
100.812945,11,197.734347
44.706369,5,197.750297
35.677965,4,197.761215
54.539081,6,197.779164
72.898922,8,197.798389
72.642976,8,197.820577
54.458943,6,197.83992
54.278857,6,197.855088
45.331695,5,197.869946
63.434122,7,197.889098
45.339614,5,197.90579
44.812884,5,201.670935
63.923921,7,201.690272
45.075365,5,201.712435
54.476047,6,201.730644
36.05688,4,201.739975
63.688063,7,201.759943
36.026376,4,201.774669
73.51759,8,201.793771
35.681824,4,201.809266
54.810342,6,201.827674
54.404603,6,201.843861
54.359172,6,201.858057
54.606965,6,201.87913
63.960537,7,201.899995
54.686519,6,201.922801
45.306264,5,201.939509
44.671722,5,201.955716
63.483422,7,205.661369
54.14625,6,205.680992
45.183749,5,205.696125
73.13928,8,205.715734
73.176159,8,205.737929
63.672651,7,205.755447
45.13626,5,205.767319
54.478543,6,205.781658
54.22332,6,205.796242
73.221745,8,205.816428
35.72675,4,205.830021
54.702554,6,205.844763
45.187582,5,205.860641
63.553402,7,205.879177
36.255235,4,205.893661
63.624162,7,205.905927
53.955274,6,205.92273
63.869368,7,209.863811
82.619198,9,209.883936
35.818827,4,209.899385
73.162949,8,209.917248
45.040379,5,209.93513
45.124861,5,209.946807
91.524168,10,209.961563
44.827619,5,209.972814
73.417759,8,209.984753
82.745568,9,210.013786
45.216071,5,210.033025
44.854955,5,210.047826
44.792075,5,210.06057
92.116967,10,210.085925
45.369237,5,210.102144
129.005226,14,213.866147
63.532572,7,213.88828
45.444582,5,213.903691
36.217857,4,213.917806
72.734438,8,213.93215
63.706892,7,213.945276
73.081025,8,213.965752
72.720905,8,213.99023
54.006828,6,214.007597
91.65057,10,214.028342
54.569183,6,214.050652
54.680055,6,214.066379
64.062285,7,214.087867
26.929071,3,214.101872
54.74973,6,218.101022
35.603212,4,218.116291
45.181738,5,218.13046
45.333268,5,218.14528
45.211637,5,218.163203
45.4516,5,218.179569
44.954235,5,218.195417
72.688707,8,218.219019
35.944232,4,218.233065
82.27661,9,218.255484
36.075278,4,218.268006
91.651973,10,218.287115
44.838163,5,218.306674
73.367769,8,218.326776
63.546436,7,218.349543
54.679764,6,218.367631
54.597519,6,218.385349
45.123469,5,222.338593
45.284037,5,222.356491
45.444501,5,222.374504
63.663647,7,222.398314
36.040999,4,222.415379
36.005596,4,222.429747
45.237507,5,222.443462
64.092199,7,222.463514
45.14239,5,222.48196
54.53258,6,222.495103
54.60648,6,222.515451
44.99604,5,222.534152
35.790355,4,222.550684
63.559481,7,222.574517
82.391992,9,222.602937
36.02523,4,222.616189
64.000263,7,222.630539
36.054102,4,222.646673
45.163548,5,226.628493
45.129078,5,226.645199
44.900421,5,226.652564
54.206678,6,226.66096
36.116537,4,226.669576
54.543781,6,226.678173
35.623955,4,226.687958
35.60432,4,226.697591
54.515554,6,226.706808
54.581613,6,226.724857
35.926243,4,226.736712
72.694933,8,226.755688
73.154893,8,226.775713
35.939189,4,226.789247
45.247584,5,226.804278
63.862954,7,226.818066
64.414705,7,226.833949
91.728738,10,230.88233
54.80245,6,230.903198
44.839347,5,230.918405
91.599915,10,230.944128
36.139334,4,230.964629
54.407998,6,230.983557
44.906063,5,231.000391
35.677081,4,231.011805
54.87253,6,231.030916
35.966943,4,231.047843
83.020573,9,231.067209
45.317865,5,231.081913
63.388113,7,231.097117
63.776306,7,231.110502
44.860085,5,231.131195
45.492504,5,231.145455
54.164856,6,231.16655
110.47883,12,235.120816
45.18955,5,235.137916
45.205647,5,235.153549
35.870013,4,235.166748
35.983932,4,235.181086
45.483213,5,235.195588
82.21319,9,235.215778
35.943941,4,235.229212
44.766844,5,235.241314
26.858393,3,235.251707
26.967341,3,235.262068
64.048893,7,235.272904
54.395411,6,235.286706
45.004662,5,235.300698
45.047643,5,235.309349
36.203225,4,235.320673
63.748645,7,235.335972
63.868564,7,235.355935
73.353338,8,239.652554
44.870746,5,239.665295
45.402134,5,239.675021
44.566465,5,239.689841
36.018456,4,239.702068
72.733594,8,239.722132
54.612253,6,239.742156
63.766436,7,239.753428
45.117533,5,239.76075
45.40531,5,239.768061
45.227862,5,239.775992
63.501149,7,239.787612
54.38869,6,239.796676
35.816,4,239.803386
63.75933,7,239.813215
54.347266,6,239.831412
54.470499,6,239.846843
53.925023,6,243.932892
45.287026,5,243.950135
35.479648,4,243.964134
36.039834,4,243.977902
54.136278,6,243.998464
54.226773,6,244.015715
36.11073,4,244.03236
35.876975,4,244.043237
54.421073,6,244.060589
54.255353,6,244.079535
54.411979,6,244.095449
35.795511,4,244.107678
63.93209,7,244.12329
44.815801,5,244.14113
54.601249,6,244.15948
35.92232,4,244.171582
35.808973,4,244.186518
54.522259,6,244.198282
35.790628,4,244.211446
63.628922,7,244.224086
45.318689,5,248.433239
63.83068,7,248.453041
128.519247,14,248.482709
63.797466,7,248.504708
73.304001,8,248.518836
45.163541,5,248.527198
45.158235,5,248.540919
36.09721,4,248.555245
91.572467,10,248.58104
54.458289,6,248.596604
54.538283,6,248.615929
44.893596,5,248.628523
63.675835,7,248.648134
35.383554,4,248.658419
36.019936,4,248.667149
54.585772,6,253.164599
36.00382,4,253.182294
26.868559,3,253.191683
73.319896,8,253.215787
36.270454,4,253.232116
73.20202,8,253.257072
63.521563,7,253.283236
54.389751,6,253.301024
44.992085,5,253.319694
36.185744,4,253.334508
35.521445,4,253.344194
63.905196,7,253.361521
44.923476,5,253.37625
54.500272,6,253.394231
54.647946,6,253.411252
72.924796,8,253.432052
54.672215,6,253.450708
44.766765,5,253.467307
35.75574,4,257.597251
35.93788,4,257.607462
45.45538,5,257.625933
45.119198,5,257.640125
63.497909,7,257.659368
35.934775,4,257.673851
73.674549,8,257.695613
73.367954,8,257.718592
54.221727,6,257.738659
54.557615,6,257.749738
64.13434,7,257.764592
72.794595,8,257.788466
54.217693,6,257.804782
35.940201,4,257.816796
44.887853,5,257.830519
45.296175,5,257.8425
63.346089,7,257.861023
54.701451,6,262.263153
45.070624,5,262.278172
35.978159,4,262.293837
35.452292,4,262.306028
54.571986,6,262.322009
54.212823,6,262.339581
44.831312,5,262.351806
35.600435,4,262.364797
138.746663,15,262.395293
63.379177,7,262.415864
44.886274,5,262.426394
45.349215,5,262.437396
45.531673,5,262.453506
45.038919,5,262.465061
63.490241,7,262.482157
35.900142,4,262.497879
63.413719,7,262.514316
36.136965,4,266.86976
45.362189,5,266.886975
54.628829,6,266.905723
35.850193,4,266.918812
54.509455,6,266.931988
36.312754,4,266.948723
45.016991,5,266.965627
72.676346,8,266.980686
36.147976,4,266.990168
64.027207,7,267.006138
64.028563,7,267.02607
73.15531,8,267.043988
45.098811,5,267.063352
45.128958,5,267.075231
45.285774,5,267.090476
36.191547,4,267.097406
72.771664,8,267.123168
45.295342,5,267.139217
54.147939,6,271.498007
54.411808,6,271.514066
35.606391,4,271.522656
36.091579,4,271.5348
35.554584,4,271.547374
35.876825,4,271.558998
45.250968,5,271.567788
54.22154,6,271.577153
45.352725,5,271.584183
73.579727,8,271.60061
36.349454,4,271.614871
73.012893,8,271.636496
36.294043,4,271.650591
45.279044,5,271.665283
54.535536,6,271.685442
45.197919,5,271.703739
54.693122,6,271.723716
45.385647,5,271.738217
35.617965,4,271.751522
35.70331,4,276.225634
36.186414,4,276.237567
45.201567,5,276.252982
45.316078,5,276.26518
54.439544,6,276.278993
54.450872,6,276.295322
54.442625,6,276.30842
54.132807,6,276.326402
54.643504,6,276.342837
63.723433,7,276.356113
54.52659,6,276.374541
54.720092,6,276.386896
54.930667,6,276.40339
92.013496,10,276.424223
72.770077,8,276.449072
45.231457,5,276.465551
54.22469,6,276.479313
63.936862,7,280.946397
54.057132,6,280.966167
54.305722,6,280.984556
54.526784,6,281.003896
44.831443,5,281.018716
44.855324,5,281.03563
44.797736,5,281.054516
73.015101,8,281.075969
45.128589,5,281.09076
45.193493,5,281.102912
35.930654,4,281.114985
73.291474,8,281.138352
35.95493,4,281.155231
35.944516,4,281.165601
91.66029,10,281.189835
45.472591,5,281.209629
73.727639,8,281.233385
54.697486,6,285.704207
44.815491,5,285.718817
54.329913,6,285.733435
54.061057,6,285.748095
54.374851,6,285.763541
73.36007,8,285.781808
54.117612,6,285.79913
54.826293,6,285.812891
35.858694,4,285.825534
35.753735,4,285.838044
63.48308,7,285.855059
73.446961,8,285.870764
35.843622,4,285.878955
73.260045,8,285.889666
36.325087,4,285.89755
73.553144,8,285.909639
36.026055,4,285.915192
44.718971,5,290.647149
35.875371,4,290.658604
35.985673,4,290.669388
91.504494,10,290.694324
73.468424,8,290.719422
45.433463,5,290.730328
63.488779,7,290.744835
63.478941,7,290.762649
63.447312,7,290.774351
35.963924,4,290.784932
45.368459,5,290.795511
35.919878,4,290.801197
45.473365,5,290.80871
73.101578,8,290.824702
54.209501,6,290.84101
54.55875,6,290.86021
54.883354,6,295.425602
45.505342,5,295.43995
35.70059,4,295.453253
35.845178,4,295.46489
63.577056,7,295.486096
63.440122,7,295.5008
36.226473,4,295.513722
82.725744,9,295.538595
36.231586,4,295.554806
36.17581,4,295.567253
54.767265,6,295.587352
36.088599,4,295.60142
35.641437,4,295.613821
54.436568,6,295.633212
45.18722,5,295.64806
44.748883,5,295.66442
36.099248,4,295.67903
35.926533,4,295.694794
54.646167,6,295.709731
73.523953,8,300.313786
54.490578,6,300.3328
45.268679,5,300.349898
54.5116,6,300.369623
45.33895,5,300.383916
36.124692,4,300.397286
119.324118,13,300.424351
54.322392,6,300.441664
63.356121,7,300.461514
82.181068,9,300.487239
45.345458,5,300.507063
54.358191,6,300.521827
35.978092,4,300.528036
45.119589,5,300.537788
73.121678,8,300.560208
63.23602,7,300.578901
54.636598,6,305.321354
35.518844,4,305.33181
45.415135,5,305.341822
35.994144,4,305.349349
63.365117,7,305.359089
54.321637,6,305.367456
63.232499,7,305.389469
54.144505,6,305.405494
45.397054,5,305.420205
63.922766,7,305.436984
44.990612,5,305.45418
45.259292,5,305.468877
45.002063,5,305.481879
35.564027,4,305.495311
35.762398,4,305.503836
45.506892,5,305.510047
64.116935,7,305.518532
45.417067,5,305.527201
63.62599,7,310.179459
45.364449,5,310.198259
45.297822,5,310.210754
64.037243,7,310.228878
72.668097,8,310.254983
82.816935,9,310.282006
63.588519,7,310.308184
91.976292,10,310.33589
91.756266,10,310.367939
44.76241,5,310.382396
45.351997,5,310.393369
82.54137,9,310.42261
35.965892,4,310.432696
45.298356,5,310.444477
35.764139,4,310.457612
44.810545,5,310.474823
36.24315,4,315.221406
44.723904,5,315.237806
54.194776,6,315.25503
35.544524,4,315.269626
73.295825,8,315.289076
36.224569,4,315.30076
45.37861,5,315.31335
26.781086,3,315.323267
36.205668,4,315.338242
44.778654,5,315.348208
63.98574,7,315.363181
35.941222,4,315.378846
73.267935,8,315.389097
54.84474,6,315.397216
54.346487,6,315.409315
73.155486,8,315.432911
36.029108,4,315.444689
45.297796,5,315.456575
45.278071,5,315.4709
36.139012,4,320.36504
45.14327,5,320.380807
54.109325,6,320.395948
54.073365,6,320.414125
82.876085,9,320.432369
45.153012,5,320.444999
63.49821,7,320.461927
35.538052,4,320.468897
53.844101,6,320.476203
54.171853,6,320.485966
45.344081,5,320.494567
35.738148,4,320.505851
44.792535,5,320.512414
35.665874,4,320.518432
35.588882,4,320.524084
82.927534,9,320.539796
45.359411,5,320.555204
36.144318,4,320.569288
63.970642,7,325.352345
44.897252,5,325.36736
45.35771,5,325.384972
63.650225,7,325.405404
35.614603,4,325.417756
45.616719,5,325.433908
45.659804,5,325.449548
45.227282,5,325.467465
35.784224,4,325.479829
91.492864,10,325.503345
36.062334,4,325.51783
91.85874,10,325.544006
44.628867,5,325.563168
45.079177,5,325.579339
45.253514,5,325.594303
100.939871,11,325.624455
36.144067,4,325.639454
36.100846,4,330.521243
36.089807,4,330.529623
63.399399,7,330.548199
54.16224,6,330.562434
35.953957,4,330.574771
35.842396,4,330.583949
45.234543,5,330.592817
63.925267,7,330.610899
45.033861,5,330.626575
54.237487,6,330.64064
45.395467,5,330.651274
35.59622,4,330.664823
45.446587,5,330.679201
91.65233,10,330.707647
44.749717,5,330.72448
82.671148,9,330.748287
63.448519,7,330.764827
73.304499,8,335.77786
44.945477,5,335.795223
54.405059,6,335.808563
72.908257,8,335.833332
63.457424,7,335.852526
54.563284,6,335.866946
63.950208,7,335.884269
45.480136,5,335.897861
63.268918,7,335.910764
73.025917,8,335.930622
35.689043,4,335.940019
73.515419,8,335.959537
35.45007,4,335.965648
54.720938,6,335.974902
54.097641,6,335.991091
45.216136,5,336.009251
44.914069,5,340.993296
36.274939,4,341.009793
45.293497,5,341.025356
73.1518,8,341.047697
35.912355,4,341.067839
91.385396,10,341.099694
45.325862,5,341.121223
82.679581,9,341.142282
73.056168,8,341.162543
63.831552,7,341.186782
35.992475,4,341.19862
82.462575,9,341.218804
82.901039,9,341.244991
64.07772,7,341.270164
26.939313,3,341.283102
54.996897,6,341.301678
82.780757,9,346.170766
54.362039,6,346.19404
54.586979,6,346.212209
44.975046,5,346.226999
73.130201,8,346.244135
63.201089,7,346.260948
54.35434,6,346.276978
54.446914,6,346.291552
45.283078,5,346.29849
54.309007,6,346.306813
82.823765,9,346.318392
45.419859,5,346.326211
35.66318,4,346.335514
73.160484,8,346.360129
63.749806,7,346.377179
82.039103,9,351.593118
63.962974,7,351.610147
45.359251,5,351.627128
54.212456,6,351.642113
36.120096,4,351.653947
54.352717,6,351.671941
54.359299,6,351.690316
54.889819,6,351.706559
44.894081,5,351.721233
35.755006,4,351.731459
54.560147,6,351.747779
44.915051,5,351.759318
35.639546,4,351.76928
36.291449,4,351.777183
63.59262,7,351.790723
53.78742,6,351.80801
54.23642,6,351.825935
64.251152,7,351.841079
63.539814,7,356.976002
82.593427,9,356.995258
82.269301,9,357.020612
45.245997,5,357.037737
54.593101,6,357.054796
35.725616,4,357.069154
45.077448,5,357.08204
54.578085,6,357.096439
36.033423,4,357.114756
45.676907,5,357.128255
82.78746,9,357.148892
26.948596,3,357.155882
54.138155,6,357.167977
44.933097,5,357.180666
54.699125,6,357.201072
91.799,10,357.230583
110.471416,12,362.338213
45.237904,5,362.351423
73.179329,8,362.376077
35.70209,4,362.391584
45.12462,5,362.408827
54.395663,6,362.428647
44.938668,5,362.444057
54.394135,6,362.459479
35.923854,4,362.471456
63.642367,7,362.489152
91.63305,10,362.508142
35.729446,4,362.523934
73.013533,8,362.549044
36.265733,4,362.564964
45.27978,5,362.58267
73.123504,8,362.604888
54.437654,6,367.700439
45.024857,5,367.707051
35.912613,4,367.714178
54.192568,6,367.730194
54.16969,6,367.744903
44.924125,5,367.760093
44.914091,5,367.775446
45.379357,5,367.789562
54.622883,6,367.804619
91.934022,10,367.826983
54.610386,6,367.836309
72.957917,8,367.853616
63.390024,7,367.87395
36.145597,4,367.883803
64.09783,7,367.899221
64.202185,7,367.920199
44.737538,5,373.186581
72.980455,8,373.206975
73.410219,8,373.223992
36.12856,4,373.234868
82.744172,9,373.25868
72.932804,8,373.285758
165.97268,18,373.313051
45.399459,5,373.326701
54.699545,6,373.339934
54.69462,6,373.354009
44.903789,5,373.370313
35.575458,4,373.382117
63.475769,7,373.399834
110.089458,12,378.73404
72.679845,8,378.759165
45.324438,5,378.775711
45.362906,5,378.789926
92.205342,10,378.813273
63.389401,7,378.833153
45.396429,5,378.844666
63.881491,7,378.857018
63.162907,7,378.873853
54.954762,6,378.891717
35.868126,4,378.903968
82.587031,9,378.9252
36.021242,4,378.937331
35.954428,4,378.947889
54.568299,6,378.964137
44.705402,5,378.979573
36.22631,4,378.990656
36.060081,4,384.125956
35.82621,4,384.140256
63.468832,7,384.159348
36.091437,4,384.175227
36.184377,4,384.188113
45.211956,5,384.202203
100.747045,11,384.228817
73.081038,8,384.250042
45.095014,5,384.266489
45.513634,5,384.281101
109.888453,12,384.311388
36.042719,4,384.325009
44.924474,5,384.340459
54.410775,6,384.357199
45.219869,5,384.373521
54.089335,6,384.388021
82.82863,9,389.57876
45.638042,5,389.596139
35.947324,4,389.611095
92.355929,10,389.634626
35.85676,4,389.650069
36.262225,4,389.661164
64.171977,7,389.678742
44.89106,5,389.689095
54.682113,6,389.705536
45.309313,5,389.720545
44.797618,5,389.734724
54.570354,6,389.750151
45.19077,5,389.765129
54.576465,6,389.782275
73.0186,8,389.801754
54.762183,6,389.816573
73.191347,8,389.839023
73.596827,8,395.058072
73.636748,8,395.081024
35.940956,4,395.094659
54.393182,6,395.110812
63.245013,7,395.130526
35.512822,4,395.145008
82.23011,9,395.166021
36.303265,4,395.178179
63.710529,7,395.193956
45.224799,5,395.208599
45.150348,5,395.224393
45.058927,5,395.238685
36.002132,4,395.25158
63.64601,7,395.270941
64.035808,7,395.291663
54.229345,6,395.309566
54.612907,6,395.325862
54.524955,6,400.62578
64.041177,7,400.646711
54.693313,6,400.664674
53.942482,6,400.682645
45.475506,5,400.699922
36.114774,4,400.712358
101.383262,11,400.739041
36.138454,4,400.755436
36.224097,4,400.768721
36.313095,4,400.780789
54.818439,6,400.797378
63.846761,7,400.817655
44.775993,5,400.836082
45.194411,5,400.848686
73.265902,8,400.86877
45.34825,5,400.88417
45.034713,5,400.898881
82.001012,9,406.21428
45.115246,5,406.225904
63.765707,7,406.243971
35.537075,4,406.256401
35.796503,4,406.267965
45.567225,5,406.279002
73.374441,8,406.297907
63.681103,7,406.318467
73.062703,8,406.340546
36.26089,4,406.353972
45.396099,5,406.364906
45.484498,5,406.380243
35.792508,4,406.38933
45.420934,5,406.400415
26.824687,3,406.406988
35.684578,4,406.414555
44.910325,5,406.422523
83.166085,9,406.435105
36.1404,4,406.446834
54.390383,6,412.074204
64.378217,7,412.092795
54.830964,6,412.108028
44.731012,5,412.117869
45.056513,5,412.132549
45.431588,5,412.146543
64.103088,7,412.159502
54.238921,6,412.168469
72.898971,8,412.18807
45.008413,5,412.20679
35.694534,4,412.220797
54.66071,6,412.239784
45.410972,5,412.256921
73.554309,8,412.277562
54.263901,6,412.297553
82.592659,9,412.316435
45.207748,5,417.99918
35.877744,4,418.011458
45.04442,5,418.02436
72.738779,8,418.048278
35.709526,4,418.063704
45.432211,5,418.077355
53.890626,6,418.096148
72.886081,8,418.115484
63.80845,7,418.135257
72.785828,8,418.154552
73.481432,8,418.171838
73.581526,8,418.194973
36.277572,4,418.206938
35.549553,4,418.214455
44.909451,5,418.229449
73.568433,8,418.248495
54.368264,6,423.727046
110.899378,12,423.753929
54.618699,6,423.776908
72.977246,8,423.802661
36.144658,4,423.821049
81.97791,9,423.846748
35.779523,4,423.86026
45.332784,5,423.876827
44.893283,5,423.893723
63.52624,7,423.913066
44.7555,5,423.929649
54.533624,6,423.944036
35.718307,4,423.954678
54.632548,6,423.966697
54.154533,6,423.983136
82.387313,9,424.008033
35.948459,4,429.63146
82.708441,9,429.653015
64.138289,7,429.674302
54.522532,6,429.690253
54.050426,6,429.708795
63.453635,7,429.730142
36.09796,4,429.744823
73.693254,8,429.764091
45.167249,5,429.783556
63.724088,7,429.805616
35.721885,4,429.822032
36.038306,4,429.83233
45.08217,5,429.850981
36.10139,4,429.868015
82.862678,9,429.894379
72.698985,8,429.918988
73.294365,8,435.687198
110.727845,12,435.710903
73.076566,8,435.729433
54.706982,6,435.745404
54.259205,6,435.756145
36.022985,4,435.763916
45.11298,5,435.77315
54.66249,6,435.792316
45.293272,5,435.807258
45.447304,5,435.824302
36.016575,4,435.832163
45.438862,5,435.840401
44.812605,5,435.85284
36.062952,4,435.863286
36.051175,4,435.875668
45.419742,5,435.889911
63.985289,7,435.908813
63.834412,7,435.92662
54.669819,6,441.633693
45.500334,5,441.648802
36.134223,4,441.66466
63.610806,7,441.681974
54.512243,6,441.698281
44.999681,5,441.714172
64.2025,7,441.728108
72.876597,8,441.741297
45.317206,5,441.752876
54.181482,6,441.76387
36.24303,4,441.776987
36.063842,4,441.791797
35.826863,4,441.803555
63.582582,7,441.821294
45.405112,5,441.836484
54.705377,6,441.85442
45.533454,5,441.871895
45.261384,5,441.887465
45.202233,5,447.639771
54.582802,6,447.65706
64.168816,7,447.677171
54.023397,6,447.695874
64.078479,7,447.716298
54.413534,6,447.730408
45.561725,5,447.742378
63.652685,7,447.757966
44.986781,5,447.772278
63.778887,7,447.792328
45.292083,5,447.809393
82.624877,9,447.828962
45.071113,5,447.843101
137.788653,15,447.870508
35.990303,4,447.8917
63.476457,7,453.743574
36.246326,4,453.762349
54.625152,6,453.777999
72.550812,8,453.800467
53.924895,6,453.821543
44.930307,5,453.839305
72.91145,8,453.859594
36.175184,4,453.873109
54.550937,6,453.889974
82.491474,9,453.910886
45.124533,5,453.926576
44.75808,5,453.941239
44.941263,5,453.958438
54.53495,6,453.973284
35.922885,4,453.984762
54.286543,6,453.99867
36.059535,4,454.01263
54.763101,6,459.783268
54.153406,6,459.801914
45.118073,5,459.820879
45.403304,5,459.835974
35.831644,4,459.850281
82.283558,9,459.865285
73.158363,8,459.884488
54.102748,6,459.902485
54.241275,6,459.918774
45.643601,5,459.935835
82.302246,9,459.960359
63.600772,7,459.982653
54.120624,6,460.00155
73.305875,8,460.022961
35.679851,4,460.039075
63.567771,7,460.059399
64.258829,7,465.886669
54.330028,6,465.900641
45.049222,5,465.916165
36.208314,4,465.929197
45.361584,5,465.94125
54.528593,6,465.960186
54.332734,6,465.978936
63.902406,7,465.995811
45.185854,5,466.008016
63.979659,7,466.027534
73.19142,8,466.047858
45.109339,5,466.062863
63.974664,7,466.083877
45.387917,5,466.100239
27.003759,3,466.11061
36.026866,4,466.124987
45.008667,5,466.137415
73.582011,8,466.154973
35.980404,4,472.162291
45.20405,5,472.17553
35.503681,4,472.189125
54.07408,6,472.205589
54.340626,6,472.217352
64.064113,7,472.230423
45.189521,5,472.242296
45.127702,5,472.251575
44.788127,5,472.262504
54.246043,6,472.283539
54.665173,6,472.300112
54.613394,6,472.314515
82.675953,9,472.325227
63.75942,7,472.334981
54.510751,6,472.348183
63.85624,7,472.367814
36.04934,4,472.376448
54.304784,6,478.38843
36.1681,4,478.402958
73.223672,8,478.425578
45.239792,5,478.440752
36.062734,4,478.455232
35.952459,4,478.468216
36.142021,4,478.480601
63.739422,7,478.499655
72.824406,8,478.520088
45.446178,5,478.537974
35.758475,4,478.544997
53.951819,6,478.560819
54.153789,6,478.577961
73.089756,8,478.600178
45.509087,5,478.614673
73.29886,8,478.635312
36.086565,4,478.646668
82.787312,9,484.666293
54.023495,6,484.684345
73.045456,8,484.705914
45.345141,5,484.717378
73.249339,8,484.731581
36.016933,4,484.745822
63.702118,7,484.757659
45.256308,5,484.772971
44.824779,5,484.789727
63.49178,7,484.806528
35.584719,4,484.819658
45.430026,5,484.832849
63.808403,7,484.844177
45.468421,5,484.861197
82.572482,9,484.885897
82.205664,9,484.909162
45.148394,5,491.086839
82.328882,9,491.115772
45.233813,5,491.135925
72.770257,8,491.162332
100.693316,11,491.192717
36.08055,4,491.206026
54.705045,6,491.223946
36.104574,4,491.239726
91.68137,10,491.253889
54.883175,6,491.269011
45.027762,5,491.280712
63.909306,7,491.297871
35.929484,4,491.314618
64.010684,7,491.332603
45.337593,5,491.347354
54.1919,6,491.361459
44.997074,5,497.340999
45.235808,5,497.355186
36.226197,4,497.369534
44.950032,5,497.38668
54.689521,6,497.40674
45.41554,5,497.423126
45.509292,5,497.436599
64.195799,7,497.456204
45.073253,5,497.47536
54.810849,6,497.494066
63.97769,7,497.509168
35.977532,4,497.52584
54.37835,6,497.54653
35.476456,4,497.55906
45.375169,5,497.577237
36.259734,4,497.593224
45.441832,5,497.606339
72.929584,8,497.624139
36.058404,4,497.641723
82.16463,9,503.717767
82.486417,9,503.746349
54.211601,6,503.76287
45.338576,5,503.774428
63.616307,7,503.785389
45.327257,5,503.792614
92.133925,10,503.810614
91.235484,10,503.824147
54.308855,6,503.837847
73.244743,8,503.861554
73.100513,8,503.88916
54.471329,6,503.909564
63.657983,7,503.93295
44.684676,5,503.953565
44.998212,5,510.152919
54.566761,6,510.171642
45.433184,5,510.183928
53.883744,6,510.200182
45.394914,5,510.215147
54.471931,6,510.229543
53.980913,6,510.243567
63.216847,7,510.259458
82.56124,9,510.276911
54.206371,6,510.297902
91.380973,10,510.322901
54.017234,6,510.342713
36.039417,4,510.358321
45.347647,5,510.367106
45.68859,5,510.379798
36.196216,4,510.390189
45.093097,5,510.40737
72.919947,8,516.739197
35.555074,4,516.751169
44.869057,5,516.761366
45.190122,5,516.774901
35.899689,4,516.787163
54.717684,6,516.799197
72.905595,8,516.814245
63.782564,7,516.834455
82.358676,9,516.858997
54.156124,6,516.874723
53.716274,6,516.891026
64.063429,7,516.911785
63.899521,7,516.927443
36.122439,4,516.940686
45.049995,5,516.95562
36.022131,4,516.971044
82.764912,9,523.290443
73.526324,8,523.311422
36.252507,4,523.326914
54.579589,6,523.340219
45.361124,5,523.355059
54.403876,6,523.364481
82.406911,9,523.379105
45.634713,5,523.38878
45.158147,5,523.40224
54.10156,6,523.411646
45.317342,5,523.424084
36.148151,4,523.430947
72.769936,8,523.452509
64.026823,7,523.473164
82.066671,9,523.495378
54.479917,6,523.514853
54.397982,6,529.847953
72.971747,8,529.864218
36.114624,4,529.875314
54.387173,6,529.891013
54.405034,6,529.907996
73.14353,8,529.928905
45.402256,5,529.944322
36.047711,4,529.95472
54.198115,6,529.966825
54.326916,6,529.974914
45.01054,5,529.982933
45.408304,5,529.997783
54.71917,6,530.016655
44.754818,5,530.032469
45.457869,5,530.050605
72.836991,8,530.06634
36.244572,4,530.081658
45.548787,5,530.090339
45.403113,5,536.378558
53.895794,6,536.393986
54.383653,6,536.408424
35.605835,4,536.419487
36.048168,4,536.432447
36.151047,4,536.445044
82.388157,9,536.469429
64.078056,7,536.49208
45.014206,5,536.509452
35.956359,4,536.522138
63.535214,7,536.540032
91.595439,10,536.562536
36.109667,4,536.578296
63.908774,7,536.599188
45.013458,5,536.613467
54.483404,6,536.627893
54.725021,6,536.646075
63.691983,7,543.023705
45.432761,5,543.041965
54.497094,6,543.061196
35.559984,4,543.074995
64.324611,7,543.095106
73.307811,8,543.123298
82.301968,9,543.147077
35.932415,4,543.160052
44.928279,5,543.176322
54.434902,6,543.191886
35.972375,4,543.204632
36.172136,4,543.219228
45.611795,5,543.236666
36.125288,4,543.25135
54.590337,6,543.264711
35.3708,4,543.276504
35.753657,4,543.287895
54.385712,6,543.307193
63.866798,7,549.696599
36.145319,4,549.714818
72.951344,8,549.736492
82.070439,9,549.760919
35.777773,4,549.776285
36.103077,4,549.791714
26.80629,3,549.803177
63.381924,7,549.822239
54.486713,6,549.836303
72.098367,8,549.860313
45.353157,5,549.879233
54.741447,6,549.898244
26.939533,3,549.912626
45.424604,5,549.929866
54.33586,6,549.948946
35.72514,4,549.961339
36.12172,4,549.971769
73.354734,8,549.988423
45.059826,5,556.479084
63.891719,7,556.497128
54.801068,6,556.514613
54.319568,6,556.531106
35.837632,4,556.548207
45.464809,5,556.566622
54.178472,6,556.582449
35.857861,4,556.598278
63.928078,7,556.62042
90.896903,10,556.647125
101.352978,11,556.67786
72.677924,8,556.702856
54.217869,6,556.723746
44.912841,5,556.740908
44.94889,5,556.757737
64.088564,7,556.776666
36.295425,4,563.176548
44.899136,5,563.191452
45.415072,5,563.209147
73.17219,8,563.233625
54.51081,6,563.254292
63.982435,7,563.271165
54.194393,6,563.290228
36.019427,4,563.303715
45.523355,5,563.316305
45.461305,5,563.329668
45.270029,5,563.344296
36.167093,4,563.355263
45.128609,5,563.36681
36.215056,4,563.376828
73.027925,8,563.398468
54.363368,6,563.41476
45.160741,5,563.428072
63.808759,7,563.443076
36.131016,4,570.002623
45.190737,5,570.020602
45.253227,5,570.039193
54.675955,6,570.052065
45.159688,5,570.062263
45.257286,5,570.0759
54.24384,6,570.092268
63.729725,7,570.110287
101.539019,11,570.134894
63.491127,7,570.156906
35.955398,4,570.170263
82.110193,9,570.194042
91.650679,10,570.222221
36.230676,4,570.237779
63.993822,7,570.256295
45.313214,5,570.27218
45.041479,5,576.926342
64.034911,7,576.943893
82.61995,9,576.960217
64.004789,7,576.984084
54.225297,6,577.000987
63.900716,7,577.023939
73.419845,8,577.049864
35.857511,4,577.061983
72.935569,8,577.083033
36.099802,4,577.093524
54.583616,6,577.110102
54.468041,6,577.128347
54.48309,6,577.144819
45.124859,5,577.157028
44.931358,5,577.170776
45.488775,5,577.185045
45.09887,5,583.848964
73.132206,8,583.87218
45.297653,5,583.887637
54.312788,6,583.896819
36.253599,4,583.912248
73.365765,8,583.932265
81.797293,9,583.953522
45.236458,5,583.968699
73.463293,8,583.986201
64.197043,7,584.00391
35.530421,4,584.014179
45.15995,5,584.020859
45.005191,5,584.028333
81.970222,9,584.043989
54.616576,6,584.053696
44.889562,5,584.062574
63.970977,7,590.717428
45.097647,5,590.737227
72.869978,8,590.755134
63.895747,7,590.773229
36.177616,4,590.788362
45.098909,5,590.803937
63.522419,7,590.817976
73.116066,8,590.833088
82.223662,9,590.858674
64.043019,7,590.877898
35.833269,4,590.887951
45.456698,5,590.900067
45.357642,5,590.916386
63.720989,7,590.929658
45.364038,5,590.937598
63.663531,7,590.952898
45.346338,5,590.97104
82.22901,9,597.764855
63.592737,7,597.787057
45.378364,5,597.80093
54.864206,6,597.813951
73.282252,8,597.839611
36.058006,4,597.854127
44.785082,5,597.869786
36.270294,4,597.882451
44.816239,5,597.896939
63.438887,7,597.915408
72.780542,8,597.928701
35.983675,4,597.936809
35.933123,4,597.950884
54.18786,6,597.962747
36.098231,4,597.972867
35.825352,4,597.985389
36.225801,4,597.999842
45.255796,5,598.014992
45.025385,5,604.747026
45.108453,5,604.761885
101.468843,11,604.7844
45.137518,5,604.799372
36.242574,4,604.81561
35.871025,4,604.82813
45.460454,5,604.845733
110.688151,12,604.867195
54.191758,6,604.882661
44.747604,5,604.897786
53.986357,6,604.912682
44.929096,5,604.922311
73.3877,8,604.935371
63.446861,7,604.944542
45.343477,5,604.954315
45.171731,5,604.969522
54.149282,6,611.835448
45.095647,5,611.848899
54.690151,6,611.867551
35.991016,4,611.883219
54.280756,6,611.899539
35.772382,4,611.912168
82.550648,9,611.929995
63.923359,7,611.941173
63.836727,7,611.952584
35.749822,4,611.967453
35.997477,4,611.97922
63.804677,7,611.992727
45.043486,5,612.000202
73.400973,8,612.01174
73.299486,8,612.0353
35.833818,4,612.049648
35.703831,4,612.060964
100.765663,11,618.944381
44.867459,5,618.965348
35.783087,4,618.978988
45.011314,5,618.992988
64.041568,7,619.012504
35.951757,4,619.028958
35.880673,4,619.036666
63.886003,7,619.051133
45.459598,5,619.066001
54.387023,6,619.081153
35.862022,4,619.0956
35.867688,4,619.107904
72.932517,8,619.130308
44.962551,5,619.144047
36.192606,4,619.153203
35.885639,4,619.163477
54.623177,6,619.181648
36.054766,4,619.196899
44.917549,5,619.212849
35.596289,4,626.159595
36.095832,4,626.169205
54.478674,6,626.180256
54.12832,6,626.194346
101.580648,11,626.208832
72.978561,8,626.225353
54.535048,6,626.244517
63.910159,7,626.265581
82.202608,9,626.282726
45.473834,5,626.299447
82.170596,9,626.311232
45.408062,5,626.31941
54.472268,6,626.327868
63.429668,7,626.343014
73.110469,8,626.36297
54.713593,6,633.291499
36.043789,4,633.305661
73.217299,8,633.324259
64.141841,7,633.346739
45.250795,5,633.361466
44.642307,5,633.375223
45.018053,5,633.391506
63.546143,7,633.410956
82.52254,9,633.434026
73.496721,8,633.450699
64.034948,7,633.471281
35.778888,4,633.484306
63.917248,7,633.497453
45.20819,5,633.506628
44.907749,5,633.513222
82.650093,9,633.535012
44.834285,5,640.489147
54.747823,6,640.503983
45.368063,5,640.514146
100.890278,11,640.536492
45.285377,5,640.551552
36.06202,4,640.563903
35.892617,4,640.575583
54.432246,6,640.596257
35.782662,4,640.609328
45.31743,5,640.625587
82.172555,9,640.645766
64.046883,7,640.667878
72.824563,8,640.680243
45.469291,5,640.694077
63.58292,7,640.71139
35.801904,4,640.719868
44.903903,5,640.726485
73.212249,8,647.744361
45.534727,5,647.757376
82.26696,9,647.783112
91.577674,10,647.808877
73.671282,8,647.822191
44.777172,5,647.832483
44.996045,5,647.841461
54.763848,6,647.850613
36.22317,4,647.85865
81.980453,9,647.871566
63.681912,7,647.881656
73.352222,8,647.894722
63.698068,7,647.914211
35.930607,4,647.925353
36.145023,4,647.941843
36.091086,4,655.055006
54.546351,6,655.067017
54.205959,6,655.085832
54.997946,6,655.102182
36.239624,4,655.118441
63.845074,7,655.134937
44.752718,5,655.149154
63.978068,7,655.169106
91.710822,10,655.188343
91.387884,10,655.208695
45.348371,5,655.222762
54.145218,6,655.241468
63.979944,7,655.257632
119.314471,13,655.286851
36.103173,4,655.302152
45.482932,5,662.40839
35.893002,4,662.418286
72.844346,8,662.436301
63.915909,7,662.453967
101.340538,11,662.47393
73.28254,8,662.49415
36.041203,4,662.510168
73.160626,8,662.525958
63.531122,7,662.539513
35.925904,4,662.54876
54.316501,6,662.563316
35.681313,4,662.571438
54.586305,6,662.584098
73.293304,8,662.608241
91.63787,10,662.63388
82.987646,9,669.819741
73.062659,8,669.833702
35.43576,4,669.845042
63.996828,7,669.862902
45.477527,5,669.873874
64.014902,7,669.890671
54.544944,6,669.906512
63.776699,7,669.921589
156.591305,17,669.945325
45.290166,5,669.962221
45.323492,5,669.969613
63.906784,7,669.98749
54.337857,6,670.006247
54.064813,6,670.02349
44.739526,5,677.174858
63.335197,7,677.190135
36.249594,4,677.200609
91.968208,10,677.216726
54.458746,6,677.232169
92.387073,10,677.253922
63.324085,7,677.268115
54.185773,6,677.285209
72.971268,8,677.303412
72.87081,8,677.32766
54.313417,6,677.349153
36.023686,4,677.362924
54.058449,6,677.378376
35.927673,4,677.38998
35.676949,4,677.396546
63.715609,7,677.418671
35.712149,4,684.66288
54.578307,6,684.676591
45.18783,5,684.686743
35.740881,4,684.703486
54.113738,6,684.721417
64.003854,7,684.743044
36.010825,4,684.759002
44.918447,5,684.773529
54.020322,6,684.790693
54.556779,6,684.803565
63.53229,7,684.812611
35.974376,4,684.830493
63.598913,7,684.845819
36.167341,4,684.855712
45.09429,5,684.86829
44.89026,5,684.884771
45.221051,5,684.900303
63.734934,7,684.922078
73.390435,8,692.170797
63.632749,7,692.185511
35.707324,4,692.193913
36.084261,4,692.202735
63.7923,7,692.218297
35.993487,4,692.232249
35.331484,4,692.242679
82.462986,9,692.259261
44.988052,5,692.266522
45.292499,5,692.275763
63.519105,7,692.290264
54.618436,6,692.298263
54.407508,6,692.30574
63.422006,7,692.316205
72.873387,8,692.335064
54.242838,6,692.348075
45.563867,5,692.363045
54.092375,6,699.666065
63.417629,7,699.681014
44.890225,5,699.693851
54.592557,6,699.708523
45.01514,5,699.722652
73.321169,8,699.737239
45.442237,5,699.751591
36.000572,4,699.761845
63.778992,7,699.782073
36.128046,4,699.794233
35.931265,4,699.806562
63.376475,7,699.824945
54.373774,6,699.843213
54.077683,6,699.861831
36.101457,4,699.872669
44.81325,5,699.879113
73.696884,8,699.892526
44.827755,5,699.906436
44.913003,5,707.26943
44.713519,5,707.285918
44.877918,5,707.297581
44.777143,5,707.30759
54.744775,6,707.319116
45.005538,5,707.332361
72.788577,8,707.351909
45.239606,5,707.371055
54.357397,6,707.387869
35.488962,4,707.396537
63.255922,7,707.414388
63.395008,7,707.431054
72.465909,8,707.453766
63.533727,7,707.4735
73.277464,8,707.495789
35.773647,4,707.50889
63.634714,7,714.850595
82.072159,9,714.878272
45.576279,5,714.894778
35.79725,4,714.909843
138.558723,15,714.940426
63.510046,7,714.959763
63.822054,7,714.976662
54.357471,6,714.985377
63.770351,7,715.000898
44.811187,5,715.013577
91.617512,10,715.029974
63.87159,7,715.042823
54.491077,6,715.062683
54.101198,6,715.079266
36.146545,4,715.094418
45.554815,5,722.546713
54.904157,6,722.565753
54.434806,6,722.584527
82.356511,9,722.608401
36.059152,4,722.624516
72.973638,8,722.644263
54.540702,6,722.663366
54.445315,6,722.678756
36.201683,4,722.692345
63.651695,7,722.713246
45.059036,5,722.728444
45.407139,5,722.746671
45.435465,5,722.760834
53.986991,6,722.779735
45.02325,5,722.792858
35.456401,4,722.802821
54.705355,6,722.817888
45.100785,5,730.246031
54.321934,6,730.26121
82.242061,9,730.284681
73.195549,8,730.302593
45.332956,5,730.320837
54.025897,6,730.337706
45.216422,5,730.355414
72.767282,8,730.370592
44.941126,5,730.384101
35.436079,4,730.396761
54.460166,6,730.413681
54.752044,6,730.433298
45.056186,5,730.447433
63.670628,7,730.467497
45.463394,5,730.482752
35.944166,4,730.490085
73.284323,8,730.506414
82.188671,9,738.050591
45.013363,5,738.063428
45.613828,5,738.07644
53.971234,6,738.094966
82.406194,9,738.108335
36.167723,4,738.117937
54.200562,6,738.130354
72.931428,8,738.143054
36.256448,4,738.152564
63.965023,7,738.167679
90.89203,10,738.193552
91.783581,10,738.217634
64.26592,7,738.235688
45.126811,5,738.247869
26.818466,3,738.255519
44.815561,5,745.750566
72.711812,8,745.7699
36.001469,4,745.782695
73.284177,8,745.806462
73.234173,8,745.829777
82.378191,9,745.850039
64.048862,7,745.872231
54.272666,6,745.888928
63.926269,7,745.908937
82.669868,9,745.931109
45.072048,5,745.94934
45.259727,5,745.963518
45.218792,5,745.975746
73.307318,8,745.992143
54.670499,6,746.004606
35.786926,4,753.660969
82.352685,9,753.674194
54.617573,6,753.684947
35.756059,4,753.700211
63.931952,7,753.717352
54.253694,6,753.73327
36.063379,4,753.746849
64.10941,7,753.765359
63.746792,7,753.777555
54.65229,6,753.796021
44.976392,5,753.813134
73.055193,8,753.830772
72.865322,8,753.842407
64.033779,7,753.850981
81.902107,9,753.875517
64.031142,7,761.490378
54.855487,6,761.507233
45.410511,5,761.520231
36.050492,4,761.529919
91.00602,10,761.551485
128.725247,14,761.583003
45.088862,5,761.601605
35.565997,4,761.611915
91.681069,10,761.640579
63.408572,7,761.660017
54.096671,6,761.679855
54.281474,6,761.697419
63.795392,7,761.723548
36.044857,4,761.742192
54.509933,6,761.757156
54.690338,6,769.404509
35.414224,4,769.4213
36.078816,4,769.432852
73.156297,8,769.451462
35.632121,4,769.464527
73.604461,8,769.486518
45.25434,5,769.499124
35.882639,4,769.509069
35.770983,4,769.517449
44.714333,5,769.530546
63.762932,7,769.54315
73.658363,8,769.568494
54.073828,6,769.587509
45.145682,5,769.600279
54.689043,6,769.618587
63.287756,7,769.640761
73.209193,8,769.665594
63.914388,7,777.308155
54.822525,6,777.327323
63.658317,7,777.347831
45.108482,5,777.363646
92.215502,10,777.392976
73.316072,8,777.418779
35.727311,4,777.433952
45.087086,5,777.450593
36.23573,4,777.467957
44.946119,5,777.482523
73.587236,8,777.50333
54.246364,6,777.523467
54.580308,6,777.53865
54.603318,6,777.558792
54.538922,6,777.579658
63.492307,7,777.59917
54.435963,6,777.62109
63.328162,7,785.43499
36.145445,4,785.448457
63.896617,7,785.469465
63.55319,7,785.491956
73.358731,8,785.516099
44.939547,5,785.531981
45.127088,5,785.548542
45.133049,5,785.567327
73.273985,8,785.590832
64.046591,7,785.610366
54.401176,6,785.624114
35.876406,4,785.639336
44.721781,5,785.657289
73.002194,8,785.673873
44.647816,5,785.693282
54.856883,6,785.715235
73.363304,8,793.538962
63.7433,7,793.560933
63.470099,7,793.584196
54.235475,6,793.605759
72.915795,8,793.62786
45.367199,5,793.644166
35.767321,4,793.658563
45.254422,5,793.676643
54.641184,6,793.694542
63.992034,7,793.716385
63.578531,7,793.728411
54.42392,6,793.745988
44.940993,5,793.760955
45.362789,5,793.776713
36.076216,4,793.791302
63.726429,7,793.81276
63.622922,7,801.636368
54.130597,6,801.652702
44.946835,5,801.664999
82.676616,9,801.689587
63.416439,7,801.70831
63.864613,7,801.727868
54.34591,6,801.74494
54.687364,6,801.761147
54.557227,6,801.77281
45.009325,5,801.788649
54.874955,6,801.804906
54.346989,6,801.822338
54.496978,6,801.838469
91.846624,10,801.865957
92.024983,10,801.889019
45.296739,5,809.914092
44.892209,5,809.930838
72.82413,8,809.950652
82.691095,9,809.972363
45.032562,5,809.989888
63.606234,7,810.003766
45.101623,5,810.01846
36.096025,4,810.0286
63.972288,7,810.049064
36.078805,4,810.060439
45.430524,5,810.077105
36.192364,4,810.087213
45.516908,5,810.098445
45.159992,5,810.1134
45.100958,5,810.129215
54.24697,6,810.148302
73.478263,8,810.172321
35.999049,4,810.185678
63.752673,7,818.073165
54.516743,6,818.09368
36.168803,4,818.105031
72.846791,8,818.121399
45.346145,5,818.13444
35.947241,4,818.146189
36.047493,4,818.158726
36.010011,4,818.16852
54.51874,6,818.183928
54.453307,6,818.198493
45.017691,5,818.211083
36.100908,4,818.220541
36.153031,4,818.235018
53.927674,6,818.249127
63.62337,7,818.272551
45.56897,5,818.287681
72.922281,8,818.3086
72.843503,8,818.327031
54.547693,6,826.231012
63.470675,7,826.247582
36.046268,4,826.261604
54.672162,6,826.271195
35.755716,4,826.281876
73.196286,8,826.303466
73.501545,8,826.323085
45.096316,5,826.338951
36.245276,4,826.347411
54.563044,6,826.357089
63.700335,7,826.368747
82.318101,9,826.385079
45.367771,5,826.401926
82.586772,9,826.419834
63.936787,7,826.434926
82.647109,9,834.468303
36.031957,4,834.483972
64.094148,7,834.504024
35.74305,4,834.516335
44.89086,5,834.529774
45.301994,5,834.545376
36.146188,4,834.558535
44.76178,5,834.571051
35.773355,4,834.58582
63.932085,7,834.599827
54.171507,6,834.614737
54.328705,6,834.634427
82.33551,9,834.657846
82.080887,9,834.686738
82.82052,9,834.713895
73.511637,8,834.733881
36.06414,4,834.749834
73.09352,8,842.809707
82.306759,9,842.833125
54.244754,6,842.856296
54.193991,6,842.8747
36.068713,4,842.891362
54.679027,6,842.90911
63.545967,7,842.932082
73.289901,8,842.956511
45.117338,5,842.975434
36.182614,4,842.987392
45.38755,5,843.00242
36.113239,4,843.016399
26.996428,3,843.030474
45.078634,5,843.046306
44.907089,5,843.065046
54.629493,6,843.080928
72.962105,8,843.10466
36.16155,4,851.224688
54.629121,6,851.242471
44.744916,5,851.258058
45.385157,5,851.275772
82.801014,9,851.300267
36.035296,4,851.317126
72.563588,8,851.331946
72.868255,8,851.345642
73.145661,8,851.367108
54.351438,6,851.386275
54.370528,6,851.397511
63.722457,7,851.415871
63.826742,7,851.431261
54.5066,6,851.443034
54.223817,6,851.460095
54.795779,6,851.479287
54.421039,6,859.629263
45.116913,5,859.642451
91.79319,10,859.67503
73.095398,8,859.703155
45.317901,5,859.724684
54.772693,6,859.744062
44.991856,5,859.762248
36.004668,4,859.777398
54.535423,6,859.786747
45.679803,5,859.800811
54.934334,6,859.815107
63.945428,7,859.838082
44.810578,5,859.855407
54.704567,6,859.874637
45.166504,5,859.893318
110.286914,12,859.923819
54.351321,6,868.048674
54.741985,6,868.059631
35.479352,4,868.075298
44.938433,5,868.084415
101.507643,11,868.112444
63.824593,7,868.125679
72.954966,8,868.141275
35.553507,4,868.154596
44.953654,5,868.164721
45.456411,5,868.179239
73.495803,8,868.198759
35.959347,4,868.214832
45.017403,5,868.232476
45.295848,5,868.249159
35.841528,4,868.264988
63.502552,7,868.282009
45.524163,5,868.294983
72.464099,8,876.517473
36.208695,4,876.533936
54.570787,6,876.54589
82.249189,9,876.564056
72.629635,8,876.582936
54.823842,6,876.603446
45.548096,5,876.619009
72.662038,8,876.635829
44.969265,5,876.645866
44.835125,5,876.660305
54.220621,6,876.673945
45.171662,5,876.68583
45.525853,5,876.696617
35.54728,4,876.704151
36.045418,4,876.716358
45.388216,5,876.733082
45.351124,5,876.743692
73.417113,8,885.133606
72.945129,8,885.15133
63.757786,7,885.160741
45.03203,5,885.168037
92.264944,10,885.179759
44.944172,5,885.198921
64.075103,7,885.217318
45.282881,5,885.235126
73.006794,8,885.244815
63.732075,7,885.261323
54.475076,6,885.280577
54.463288,6,885.295649
54.345739,6,885.308846
35.610088,4,885.32273
45.517854,5,885.337878
54.302572,6,885.352272
72.895002,8,893.561094
73.001299,8,893.58062
35.740235,4,893.591082
35.76799,4,893.600921
45.344339,5,893.609958
36.022711,4,893.617272
36.149244,4,893.623542
54.111401,6,893.632094
54.897607,6,893.652259
36.09266,4,893.66651
100.709774,11,893.693049
54.438868,6,893.71144
35.959932,4,893.725377
73.107536,8,893.749874
35.586588,4,893.761235
63.421133,7,893.771569
54.401714,6,893.783092
44.785164,5,902.143892
54.244889,6,902.162108
73.113108,8,902.18414
36.020311,4,902.20119
36.08684,4,902.218251
35.694751,4,902.232865
54.813557,6,902.250274
35.941343,4,902.261908
36.072005,4,902.277166
45.085059,5,902.291221
35.770224,4,902.303534
54.352124,6,902.317299
63.456789,7,902.340572
82.763499,9,902.361169
36.015835,4,902.37521
73.064961,8,902.401988
35.994146,4,902.419732
54.437821,6,902.436381
64.328013,7,910.89385
54.796376,6,910.912786
73.188152,8,910.939674
54.62615,6,910.959169
54.326355,6,910.98015
54.52281,6,910.994663
110.090582,12,911.025769
64.007355,7,911.050569
63.80406,7,911.072832
45.19823,5,911.087517
72.663344,8,911.111938
35.940514,4,911.125863
54.614929,6,911.139822
54.542637,6,911.159624
63.485695,7,911.177939
45.042655,5,919.620687
73.196588,8,919.643177
54.086652,6,919.660748
54.286369,6,919.67385
91.797066,10,919.701635
35.95143,4,919.714403
73.010695,8,919.729693
45.408858,5,919.746424
54.501358,6,919.760239
44.864065,5,919.774163
36.270242,4,919.781063
45.071093,5,919.791469
35.851632,4,919.803365
35.898795,4,919.816686
45.379557,5,919.82901
44.87146,5,919.842062
35.783229,4,919.854023
54.834171,6,919.868502
36.064106,4,928.304743
54.430258,6,928.320511
63.845097,7,928.338373
36.176875,4,928.351352
63.809292,7,928.363969
73.041352,8,928.381449
54.887577,6,928.393079
35.924636,4,928.400414
45.222786,5,928.413118
45.410547,5,928.423639
45.313781,5,928.436136
45.15975,5,928.446267
36.042112,4,928.453699
91.904787,10,928.470747
73.595002,8,928.490313
82.438563,9,928.513743
36.116892,4,928.528511
63.586175,7,936.986662
44.799849,5,937.000655
54.879114,6,937.017467
45.406762,5,937.026081
45.187837,5,937.035758
54.311999,6,937.047228
45.372518,5,937.061701
54.809342,6,937.076768
82.169031,9,937.098459
54.493481,6,937.119574
73.091491,8,937.137121
35.784961,4,937.148729
36.070026,4,937.157025
63.762684,7,937.169189
44.881108,5,937.178686
63.534786,7,937.189847
36.089226,4,937.199101
35.852223,4,945.661699
35.97073,4,945.670842
63.903877,7,945.688969
63.760394,7,945.708382
72.959505,8,945.73553
54.585511,6,945.749379
54.424238,6,945.762759
35.911564,4,945.778276
35.82612,4,945.78699
90.890842,10,945.804596
44.719393,5,945.819419
91.379981,10,945.844807
63.699167,7,945.869197
45.081432,5,945.884554
54.597027,6,945.901396
109.923062,12,954.611191
44.921494,5,954.634326
64.134876,7,954.656513
72.925933,8,954.681928
147.92264,16,954.716011
64.344862,7,954.742978
35.485836,4,954.760121
54.37322,6,954.774549
45.173385,5,954.786702
45.287394,5,954.794612
64.120317,7,954.807855
73.097471,8,954.826999
73.070855,8,954.849972
72.768163,8,954.872577
82.526621,9,963.54942
36.09889,4,963.563575
63.803125,7,963.580518
36.284452,4,963.592787
63.857953,7,963.608542
54.163107,6,963.625256
45.654323,5,963.638539
54.633907,6,963.655737
91.921692,10,963.675252
54.886518,6,963.692477
35.938698,4,963.70717
63.231828,7,963.725112
35.834211,4,963.738162
36.167648,4,963.748356
36.156288,4,963.761238
73.11101,8,963.771343
45.303283,5,963.780033
64.028355,7,972.337265
45.639198,5,972.353703
72.931773,8,972.37716
35.902646,4,972.39195
45.459985,5,972.407297
54.293643,6,972.426083
73.420097,8,972.448849
45.100038,5,972.466929
54.591442,6,972.4849
35.856703,4,972.499399
36.052264,4,972.507548
54.347082,6,972.524546
73.209418,8,972.544666
82.626965,9,972.568182
35.680515,4,972.583159
45.202969,5,972.595642
36.282006,4,972.609024
54.124533,6,972.624437
72.15604,8,981.263156
35.956577,4,981.277465
35.384136,4,981.288173
36.199528,4,981.301746
91.315101,10,981.328772
54.130486,6,981.346968
45.611683,5,981.361742
54.43905,6,981.38025
45.089363,5,981.395883
35.84286,4,981.407859
82.245024,9,981.428771
63.870585,7,981.449045
54.42159,6,981.467263
44.851185,5,981.482096
36.241949,4,981.497866
72.904401,8,981.514741
45.140875,5,981.526273
36.206439,4,990.193037
82.577757,9,990.21501
45.116926,5,990.233154
63.620801,7,990.25187
54.703088,6,990.269442
64.038921,7,990.291212
35.664505,4,990.303473
45.275546,5,990.316677
45.490938,5,990.330947
35.907028,4,990.344297
45.014794,5,990.356598
44.871128,5,990.366835
45.089689,5,990.378442
82.063856,9,990.402145
83.072748,9,990.431407
54.028994,6,990.452625
54.570766,6,999.244962
63.718321,7,999.266325
45.424486,5,999.284654
54.18981,6,999.305259
54.048297,6,999.32514
44.82137,5,999.342477
73.090917,8,999.359168
45.372965,5,999.372899
45.034059,5,999.388541
63.191157,7,999.410515
35.967306,4,999.422798
54.519567,6,999.441074
44.754591,5,999.454487
44.970438,5,999.470583
45.145574,5,999.485475
45.21328,5,999.499258
44.655426,5,999.513087
45.040132,5,999.527459
91.737242,10,1008.268803
45.142711,5,1008.284525
35.644135,4,1008.298418
44.718199,5,1008.314242
63.382295,7,1008.328371
36.05321,4,1008.341064
63.559012,7,1008.360997
54.267256,6,1008.378418
44.685621,5,1008.393027
54.703908,6,1008.409942
45.299027,5,1008.426072
72.796839,8,1008.44256
82.748608,9,1008.467372
44.978237,5,1008.476308
35.693035,4,1008.487326
54.545292,6,1008.503626
91.848874,10,1017.360202
54.354549,6,1017.383613
54.633443,6,1017.398792
82.431964,9,1017.421902
82.530247,9,1017.444772
54.702287,6,1017.466773
36.212385,4,1017.480816
35.522707,4,1017.490244
44.954329,5,1017.504012
54.45538,6,1017.518745
73.053346,8,1017.531607
45.151175,5,1017.541883
45.138086,5,1017.551277
45.627615,5,1017.560754
54.803005,6,1017.569561
45.190884,5,1017.576054
101.402401,11,1026.486341
54.210983,6,1026.506934
45.390657,5,1026.52288
45.35792,5,1026.539049
54.179703,6,1026.561415
73.48241,8,1026.586292
64.36994,7,1026.605833
45.071802,5,1026.624661
35.92021,4,1026.641767
73.036511,8,1026.66327
54.091493,6,1026.681955
54.252274,6,1026.702096
44.930401,5,1026.717946
45.139447,5,1026.735872
54.238726,6,1026.753527
45.141239,5,1026.769982
54.894656,6,1026.790784
63.660868,7,1035.741526
45.27841,5,1035.758317
54.787388,6,1035.775603
54.138282,6,1035.796541
54.641423,6,1035.815654
63.692384,7,1035.837633
36.133442,4,1035.855299
73.267916,8,1035.880129
54.752235,6,1035.896564
54.283216,6,1035.91332
36.081112,4,1035.925877
44.988727,5,1035.942187
54.205165,6,1035.958174
63.843335,7,1035.976458
72.842626,8,1035.997745
36.06116,4,1036.014389
72.969665,8,1036.035762
45.22383,5,1044.968549
91.755437,10,1044.991249
54.319638,6,1045.010056
54.468378,6,1045.028998
54.597616,6,1045.045836
63.748222,7,1045.062723
54.44788,6,1045.077538
73.035582,8,1045.097821
45.541711,5,1045.107278
82.195021,9,1045.126578
110.043219,12,1045.152814
36.182661,4,1045.17152
54.588796,6,1045.187027
44.922595,5,1045.202766
54.364597,6,1045.217043
73.218178,8,1054.152122
44.619754,5,1054.168509
54.49244,6,1054.180454
35.885631,4,1054.196066
45.351628,5,1054.209913
54.329032,6,1054.2259
35.737966,4,1054.237751
110.525546,12,1054.269336
63.567216,7,1054.289166
44.99735,5,1054.301462
35.900584,4,1054.314024
45.104891,5,1054.324451
72.815305,8,1054.343499
45.575114,5,1054.361009
81.940434,9,1054.385521
63.389355,7,1054.40885
63.378292,7,1063.307626
35.515129,4,1063.320939
63.656182,7,1063.341274
54.267149,6,1063.354988
54.723016,6,1063.366305
54.836273,6,1063.376817
54.198595,6,1063.394396
72.981374,8,1063.41706
54.69242,6,1063.4336
54.188978,6,1063.450244
91.752512,10,1063.465254
35.625669,4,1063.486448
35.963457,4,1063.500118
54.550333,6,1063.518785
63.407626,7,1063.538439
35.615778,4,1063.555138
54.269881,6,1072.77384
45.233575,5,1072.791178
44.901464,5,1072.808675
45.176042,5,1072.826704
63.332128,7,1072.847364
45.36123,5,1072.863312
73.412137,8,1072.883487
63.537812,7,1072.908226
45.560156,5,1072.925381
36.272427,4,1072.939924
63.670969,7,1072.957301
45.40101,5,1072.975204
36.015785,4,1072.989917
101.000142,11,1073.014437
64.220539,7,1073.032778
82.378077,9,1073.057887
54.630574,6,1082.095387
63.894043,7,1082.115747
54.348815,6,1082.13278
35.793889,4,1082.148514
35.609838,4,1082.158067
73.117715,8,1082.17745
63.467875,7,1082.190372
45.267043,5,1082.204157
54.488252,6,1082.220963
45.587743,5,1082.234519
35.94825,4,1082.24166
36.031113,4,1082.247386
54.52347,6,1082.259716
54.321282,6,1082.274894
82.504696,9,1082.297147
36.117172,4,1082.312017
54.129845,6,1082.325463
63.821731,7,1082.334737
63.924426,7,1091.464589
45.027809,5,1091.480269
54.100567,6,1091.497604
82.727009,9,1091.51538
44.754708,5,1091.531445
45.362435,5,1091.548555
82.300302,9,1091.570972
36.010692,4,1091.58743
73.320843,8,1091.606636
91.647556,10,1091.636493
54.798133,6,1091.654575
36.00652,4,1091.662835
54.038332,6,1091.673826
63.767781,7,1091.693448
63.652917,7,1091.716477
91.436546,10,1100.906781
54.355761,6,1100.928287
63.768112,7,1100.948067
35.983126,4,1100.964564
45.053794,5,1100.983011
35.71535,4,1100.995906
119.842081,13,1101.026468
45.214648,5,1101.048136
72.988181,8,1101.065409
54.515197,6,1101.083699
63.605175,7,1101.09835
36.085097,4,1101.10931
35.830132,4,1101.125993
63.475062,7,1101.148614
73.325477,8,1101.17115
73.517818,8,1110.588763
63.770682,7,1110.608217
45.09171,5,1110.621003
63.718874,7,1110.645041
45.338414,5,1110.658405
35.435054,4,1110.669102
63.906178,7,1110.688317
44.827953,5,1110.704051
63.697325,7,1110.720602
73.257737,8,1110.741393
54.266126,6,1110.756085
54.377713,6,1110.773964
54.705126,6,1110.789888
45.208648,5,1110.804351
63.954552,7,1110.819786
63.412579,7,1110.839389
36.351471,4,1110.852412
73.091934,8,1120.084619
45.133235,5,1120.100392
45.221632,5,1120.116185
36.133957,4,1120.128965
54.792599,6,1120.143939
44.908086,5,1120.157635
54.325131,6,1120.17463
35.607251,4,1120.190889
54.407512,6,1120.206749
54.65415,6,1120.224245
35.779481,4,1120.236858
45.272258,5,1120.247556
45.47942,5,1120.264229
36.144795,4,1120.277378
45.272663,5,1120.288018
35.877373,4,1120.296288
63.395855,7,1120.313454
45.151025,5,1120.330669
63.817666,7,1120.34429
45.227914,5,1129.595365
44.806293,5,1129.610783
54.593107,6,1129.623563
36.105268,4,1129.636739
91.192956,10,1129.650594
63.56736,7,1129.663094
36.293494,4,1129.673732
44.719806,5,1129.684512
35.489798,4,1129.693439
45.147226,5,1129.704448
35.840388,4,1129.714506
44.947983,5,1129.725421
100.246611,11,1129.753266
36.117591,4,1129.767095
63.769129,7,1129.787081
54.46422,6,1129.806873
36.105848,4,1129.824051
35.857392,4,1129.836624
45.038651,5,1139.273191
73.273701,8,1139.29435
44.898243,5,1139.312757
44.797471,5,1139.326634
63.987011,7,1139.343503
54.530649,6,1139.361358
54.361186,6,1139.377287
35.864458,4,1139.386519
63.600334,7,1139.403565
35.726979,4,1139.413412
45.671586,5,1139.421417
54.258769,6,1139.438406
35.800438,4,1139.453504
35.959724,4,1139.468743
44.770629,5,1139.48229
45.428935,5,1139.499822
63.361068,7,1139.518738
45.208274,5,1139.539219
45.100966,5,1148.701708
82.505973,9,1148.724958
35.570505,4,1148.740045
54.565901,6,1148.758165
45.327281,5,1148.77335
91.932753,10,1148.796584
35.834777,4,1148.811838
35.95072,4,1148.823686
45.075254,5,1148.835101
63.984631,7,1148.848533
35.863495,4,1148.86395
36.089393,4,1148.876488
54.48236,6,1148.892677
54.432434,6,1148.910089
54.185654,6,1148.92671
82.810784,9,1148.950587
72.643202,8,1148.970348
45.310796,5,1158.12555
44.858954,5,1158.140805
35.987286,4,1158.154176
54.576013,6,1158.170008
63.654854,7,1158.18746
45.408812,5,1158.199703
35.777859,4,1158.20914
45.14828,5,1158.217277
36.027349,4,1158.230181
45.397613,5,1158.244798
45.391163,5,1158.259391
35.71935,4,1158.270806
72.752489,8,1158.287177
36.168095,4,1158.30165
73.602999,8,1158.322048
45.326619,5,1158.338107
54.292649,6,1158.351301
54.279612,6,1158.367678
82.608855,9,1167.578794
45.316508,5,1167.592451
63.433846,7,1167.613452
63.857467,7,1167.634241
45.457325,5,1167.6542
63.66234,7,1167.674842
54.561075,6,1167.692567
72.84666,8,1167.708956
73.326598,8,1167.736812
35.567678,4,1167.752781
36.185083,4,1167.763352
54.945233,6,1167.774377
44.866268,5,1167.787121
45.325541,5,1167.803693
54.804553,6,1167.817374
45.301942,5,1167.832349
54.512855,6,1167.846082
82.389286,9,1177.480945
53.945118,6,1177.501532
54.174515,6,1177.519594
54.379015,6,1177.541149
36.17815,4,1177.555338
36.211035,4,1177.570953
36.143875,4,1177.584315
54.548686,6,1177.600832
35.578381,4,1177.609905
82.716214,9,1177.629364
54.567088,6,1177.639025
54.58111,6,1177.662433
26.920099,3,1177.671939
45.261122,5,1177.682233
72.812273,8,1177.701458
63.494644,7,1177.718705
35.958095,4,1177.735268
73.530194,8,1187.470797
35.993954,4,1187.487198
45.003171,5,1187.50168
35.790952,4,1187.511831
45.202693,5,1187.524628
44.922217,5,1187.534395
72.639407,8,1187.5474
54.706708,6,1187.557256
54.267418,6,1187.566161
45.173241,5,1187.574215
63.528217,7,1187.58635
44.905321,5,1187.601402
45.224483,5,1187.614693
36.068799,4,1187.626202
72.991391,8,1187.644365
45.003435,5,1187.662923
82.860407,9,1187.680056
54.612192,6,1197.237871
36.057251,4,1197.252517
54.415918,6,1197.268564
44.823582,5,1197.282279
36.225843,4,1197.294433
54.389865,6,1197.310625
35.811201,4,1197.325631
54.279415,6,1197.341094
44.909477,5,1197.353508
35.744626,4,1197.36918
54.818712,6,1197.379983
44.872157,5,1197.389728
44.838845,5,1197.403589
82.585765,9,1197.427028
110.252969,12,1197.454924
36.044474,4,1197.473029
63.984569,7,1197.48568
44.811262,5,1197.493346
82.182652,9,1207.624586
36.147752,4,1207.643132
54.812433,6,1207.661054
82.334415,9,1207.675537
54.206252,6,1207.695413
82.799264,9,1207.72077
45.025542,5,1207.738271
54.1038,6,1207.75729
36.06061,4,1207.773057
72.80932,8,1207.795525
45.660241,5,1207.81111
63.664713,7,1207.828653
63.401583,7,1207.847587
45.243107,5,1207.866579
44.653198,5,1207.88425
54.30484,6,1207.898767
91.796517,10,1217.669449
35.827765,4,1217.686411
45.012801,5,1217.697823
36.097403,4,1217.711272
45.273927,5,1217.725756
63.723857,7,1217.737981
45.282097,5,1217.753848
73.243621,8,1217.771841
54.536987,6,1217.785208
44.99562,5,1217.801716
63.602248,7,1217.818361
45.632413,5,1217.836333
36.223618,4,1217.84986
44.896172,5,1217.859259
35.451508,4,1217.867935
45.426195,5,1217.877359
36.215783,4,1217.885386
54.720327,6,1217.900471
54.65179,6,1227.555338
73.313054,8,1227.573831
55.055813,6,1227.59037
45.482347,5,1227.60698
91.952816,10,1227.630419
45.177881,5,1227.638661
45.280644,5,1227.646053
54.370241,6,1227.659994
54.726537,6,1227.673025
44.915858,5,1227.681848
72.797944,8,1227.694828
54.722895,6,1227.707183
54.643099,6,1227.722613
63.793292,7,1227.743037
36.284985,4,1227.756807
54.108344,6,1227.772415
73.577482,8,1237.684738
45.280337,5,1237.706345
36.100737,4,1237.721188
45.608715,5,1237.735582
36.00744,4,1237.750612
54.206763,6,1237.774817
63.43507,7,1237.792738
63.645452,7,1237.806533
73.634233,8,1237.831087
54.163015,6,1237.85371
54.326805,6,1237.869187
35.601305,4,1237.886925
101.453717,11,1237.911106
54.601481,6,1237.932653
36.255151,4,1237.948673
45.145272,5,1237.966513
45.575867,5,1237.982421
54.845478,6,1247.788014
54.584157,6,1247.802904
63.995917,7,1247.82788
35.789392,4,1247.841109
45.290081,5,1247.858326
54.319312,6,1247.875183
54.676655,6,1247.896281
35.652013,4,1247.909842
110.322229,12,1247.932436
45.381919,5,1247.940873
54.465473,6,1247.948508
54.215054,6,1247.962655
35.683513,4,1247.976552
63.970245,7,1247.997175
64.205349,7,1248.013203
64.139336,7,1248.033769
45.383693,5,1258.092896
45.462365,5,1258.111212
45.062076,5,1258.128088
44.951333,5,1258.144663
45.498483,5,1258.16118
45.376174,5,1258.177538
82.349511,9,1258.205365
45.357246,5,1258.22043
45.333274,5,1258.2338
54.305236,6,1258.248448
35.839477,4,1258.259492
36.260358,4,1258.266794
54.501594,6,1258.2794
45.428357,5,1258.29237
54.323236,6,1258.30615
45.011587,5,1258.318261
54.34863,6,1258.334613
36.152984,4,1258.348955
63.752054,7,1258.366249
44.685007,5,1268.325077
36.082086,4,1268.340437
73.139688,8,1268.360298
73.420651,8,1268.38238
35.964992,4,1268.391249
36.192544,4,1268.405512
36.051738,4,1268.419855
64.129727,7,1268.437808
53.930642,6,1268.453993
73.223793,8,1268.469588
91.734432,10,1268.487547
35.500018,4,1268.502658
54.45995,6,1268.521039
82.734575,9,1268.542565
63.668999,7,1268.563767
36.345173,4,1268.578564
54.373157,6,1278.451494
35.491609,4,1278.465666
45.106761,5,1278.477503
82.757993,9,1278.492664
63.579702,7,1278.511411
63.554403,7,1278.524022
45.1572,5,1278.539248
54.173128,6,1278.555553
35.782752,4,1278.56371
63.751345,7,1278.575692
54.306749,6,1278.587614
45.029254,5,1278.604938
36.137093,4,1278.611826
54.307614,6,1278.620479
26.875499,3,1278.633148
44.819134,5,1278.649079
72.608729,8,1278.659029
54.926071,6,1278.668689
45.205217,5,1288.804716
35.902242,4,1288.820993
35.972657,4,1288.834671
91.557699,10,1288.86458
64.219062,7,1288.889232
54.425703,6,1288.906327
54.407568,6,1288.921408
36.095832,4,1288.940018
44.856273,5,1288.956003
35.760993,4,1288.968854
82.194483,9,1288.994253
120.085832,13,1289.027674
54.407342,6,1289.050372
64.065711,7,1289.071141
35.869693,4,1289.087534
35.4806,4,1289.102622
44.823598,5,1299.104934
72.953297,8,1299.126162
82.3054,9,1299.149996
54.415654,6,1299.165263
54.519772,6,1299.180809
36.240235,4,1299.195038
36.025005,4,1299.203069
35.729776,4,1299.210778
54.459449,6,1299.222379
73.065192,8,1299.243973
82.912788,9,1299.267927
45.058296,5,1299.28735
73.357212,8,1299.302072
73.315806,8,1299.317589
45.216437,5,1299.332047
44.963822,5,1299.346469
63.960375,7,1309.317002
54.206465,6,1309.335751
54.34578,6,1309.353438
35.498841,4,1309.3691
45.282895,5,1309.386877
55.005295,6,1309.407933
54.706814,6,1309.426802
73.489549,8,1309.449466
91.358248,10,1309.472967
63.770227,7,1309.496778
44.980868,5,1309.514085
45.188033,5,1309.529641
45.179099,5,1309.546774
45.188992,5,1309.564173
45.071447,5,1309.575396
45.311844,5,1309.590294
35.647769,4,1309.604618
36.104919,4,1309.619743
45.02303,5,1319.821761
44.951427,5,1319.839809
63.724568,7,1319.860745
64.087313,7,1319.882357
54.753701,6,1319.899673
45.077505,5,1319.916153
35.540087,4,1319.931993
54.145901,6,1319.94402
55.048386,6,1319.961586
44.883415,5,1319.974672
45.127653,5,1319.987903
63.588948,7,1320.001894
63.959104,7,1320.017428
45.051416,5,1320.033631
54.481377,6,1320.051112
54.023322,6,1320.06535
45.478837,5,1320.080454
63.986531,7,1330.144256
36.322046,4,1330.15474
45.07623,5,1330.167681
35.836084,4,1330.174546
54.56137,6,1330.183371
35.804067,4,1330.189642
45.371416,5,1330.196781
35.633488,4,1330.202883
73.11095,8,1330.218205
45.199521,5,1330.234493
54.500272,6,1330.252669
35.698336,4,1330.266314
35.980897,4,1330.275922
45.229059,5,1330.291552
35.745069,4,1330.303617
54.43765,6,1330.312912
44.848938,5,1330.321896
35.928635,4,1330.328549
72.702915,8,1330.339098
36.305596,4,1330.354596
36.032195,4,1340.634726
82.21198,9,1340.658837
54.617309,6,1340.677194
82.938817,9,1340.697557
110.592973,12,1340.730948
72.770157,8,1340.75347
54.820845,6,1340.773088
72.876065,8,1340.790317
72.92199,8,1340.814899
73.401154,8,1340.840774
63.574224,7,1340.868096
82.454749,9,1340.891189
35.833173,4,1340.90965
63.958573,7,1351.045704
36.066206,4,1351.060301
45.070787,5,1351.074604
45.119636,5,1351.091117
35.990469,4,1351.106141
72.979368,8,1351.118152
64.131777,7,1351.130101
101.272325,11,1351.15899
35.6944,4,1351.169072
54.397298,6,1351.181612
44.961588,5,1351.191756
53.928955,6,1351.208407
82.068859,9,1351.227164
35.858285,4,1351.239781
64.02195,7,1351.256291
72.664616,8,1351.276446
36.021601,4,1366.848423
83.070427,9,1366.876163
82.666417,9,1366.908045
92.045369,10,1366.940358
110.798819,12,1366.977222
101.123169,11,1367.012001
192.054789,21,1367.073224
73.449364,8,1367.110347
73.545625,8,1367.142476
119.90774,13,1380.197313
82.444434,9,1380.226287
92.185115,10,1380.26303
100.924747,11,1380.303944
82.515888,9,1380.337864
82.775402,9,1380.365065
82.75423,9,1380.385705
73.55982,8,1380.412734
91.810154,10,1380.444422
91.97282,10,1380.478313
157.188469,17,1392.941169
119.76079,13,1392.978706
147.976546,16,1393.029561
92.40147,10,1393.065274
223.237999,24,1393.127711
119.839079,13,1393.172121
148.390822,16,1393.200681
194.639281,21,1405.747135
101.264691,11,1405.785386
101.274864,11,1405.821831
185.615441,20,1405.889764
120.288017,13,1405.934364
185.479675,20,1406.008377
148.426702,16,1418.93491
119.876283,13,1418.97473
148.185343,16,1419.017095
120.05479,13,1419.070863
167.239914,18,1419.115872
231.80632,25,1419.17177
110.720254,12,1432.261653
344.804149,37,1432.367379
279.118002,30,1432.450416
157.484361,17,1432.488416
111.155511,12,1445.083196
157.522459,17,1445.11762
129.389199,14,1445.160819
129.275624,14,1445.192149
279.18668,30,1445.277796
222.514981,24,1445.358109
316.524911,34,1457.677035
260.094528,28,1457.77577
222.969304,24,1457.858863
166.598976,18,1470.28805
213.427118,23,1470.358394
297.716843,32,1470.451462
287.895539,31,1470.543758
325.006936,35,1483.66467
221.852485,24,1483.727441
147.540197,16,1483.785762
203.342689,22,1483.852029
259.396449,28,1496.617062
222.335087,24,1496.688524
297.215781,32,1496.772954
297.335352,32,1509.592819
259.198875,28,1509.663617
447.002985,48,1509.798275
240.355579,26,1522.457364
260.094231,28,1522.549849
502.671879,54,1522.719697
399.176014,43,1535.726351
475.24477,51,1535.891814
484.167519,52,1548.678173
463.63497,50,1548.831172
484.262933,52,1561.731083
399.99247,43,1561.866997
372.223222,40,1574.779011
680.631941,73,1574.999199
250.183232,27,1587.549719
268.177252,29,1587.626069
353.132555,38,1587.731906
353.511383,38,1600.385998
278.696352,30,1600.456877
446.786883,48,1613.44971
587.195436,63,1613.630755
1550.592574,166,1639.971431
381.172248,41,1640.147053
652.886554,70,1653.061385
483.766423,52,1653.214825
820.996304,88,1666.214421
409.903342,44,1679.169205
6918.344318,740,1771.966533
643.368624,69,1785.542025
4515.18498,483,1851.600739
4056.855516,434,1904.570317
9350.915281,1000,2062.606391
9352.165163,1000,2195.282006
9349.624055,1000,2328.07536
9348.018922,1000,2460.625395
9348.944217,1000,2595.756001
9345.594775,1000,2732.05869
9344.06294,1000,2865.39616
1222.605,131,2878.974036
9345.848771,1000,3015.382285
5763.136412,617,3097.516977
9342.885475,1000,3233.593559
9343.945476,1000,3367.827549
2063.202981,221,3435.270457
4398.807221,471,3490.897684
1007.775337,108,3504.645631
3471.877115,372,3560.303215
9342.534683,1000,3700.077372
811.393422,87,3714.041885
2211.963176,237,3741.557988
3923.113821,420,3810.125845
2802.230434,300,3850.481705
9342.53968,1000,3988.63695
7834.928712,839,4100.436603
9338.040773,1000,4240.583242
9338.974413,1000,4380.255236
9336.60145,1000,4515.496459
9337.070622,1000,4657.211199
9336.602605,1000,4801.502025
7739.578263,829,4941.378154
9335.817804,1000,5085.987095
9335.900495,1000,5230.72816
9334.672612,1000,5374.6085
2221.880065,238,5419.32977
9334.113933,1000,5564.489591
3674.401602,394,5621.596291
1361.434371,146,5636.239967
2161.906215,232,5665.521466
3180.000805,341,5725.335186
2798.841996,300,5768.612627
3924.896038,421,5827.087772
2582.466166,277,5870.668246
819.678082,88,5885.180755
3761.656192,403,5943.090715
3574.277655,383,6001.74817
3238.260742,347,6046.589286
1520.334998,163,6076.483399
4010.699199,430,6136.051723
1033.020437,111,6151.254987
3955.620493,424,6210.721434
6391.655607,685,6340.262037
2524.00913,271,6386.21045
9329.62924,1000,6537.48967
2615.864468,281,6582.333164
7681.643613,824,6702.130038
6876.067514,738,6807.525354
872.782532,94,6822.845519
2294.229344,246,6868.934486
9325.957486,1000,7022.890997
4040.600536,433,7083.304654
2807.832916,301,7128.576908
9328.343661,1000,7283.119096
5758.628388,618,7374.538736
6171.117045,662,7482.271505
9322.06466,1000,7636.530787
9318.749794,1000,7788.913109
8951.852651,961,7952.716693
1433.705309,154,7983.972464
4986.165281,535,8060.982044
2938.376684,315,8107.898829
3914.083317,420,8184.136356
5303.342976,569,8259.308708
6155.712166,660,8368.660665
3099.958086,333,8414.163153
1648.53001,177,8444.932074
9331.640111,1000,8600.767107
1068.731479,115,8616.853127
9329.645965,1000,8775.18907
882.934789,95,8790.987292
6022.35096,646,8901.318533
8156.766632,875,9028.416889
1948.385778,209,9059.892657
2356.648792,253,9107.63766
6760.234984,726,9218.99697
4654.141228,499,9298.72715
5142.832333,551,9394.386611
9324.667048,1000,9576.336943
1322.687171,142,9592.403505
5052.647529,542,9687.377703
2991.83057,321,9736.280149
6982.546172,749,9848.969794
5474.000177,587,9946.243408
4635.50173,498,10026.804993
885.579935,95,10043.28095
5665.396865,608,10139.538707
995.26698,107,10155.96101
1526.070996,164,10188.348884
8924.271201,957,10334.480052
4457.115551,478,10415.445586
829.155173,89,10431.512874
9323.151586,1000,10594.406454
5331.164668,572,10692.19668
3534.689196,379,10757.315262
1070.798385,115,10773.480904
9318.390043,1000,10935.881278
2982.253184,320,10985.75887
9328.346328,1000,11173.972854
3099.766922,333,11223.412947
9317.439877,1000,11386.93552
9312.994488,1000,11551.883781
827.45044,89,11568.402281
3788.110878,407,11634.55857
9312.086948,1000,11798.799789
9317.198084,1000,11966.79128
6187.847024,665,12083.103235
7559.127177,810,12216.530469
4747.332837,510,12299.875634
5360.31081,576,12400.819915
2734.417989,294,12450.653078
3265.330329,350,12500.150186
9329.174089,1000,12656.545879
3596.502197,386,12718.156092
