#{"t_start": 1651790783.7468257, "env_id": "Hopper-v3"}
r,l,t
9.317791,15,6.464211
12.693826,14,6.486739
15.093274,18,6.512928
15.706477,16,6.535317
5.586603,12,6.556574
8.590488,11,6.575594
47.746635,35,6.907346
28.105306,34,6.956771
8.669911,22,7.00371
16.839236,19,7.034315
22.544743,21,7.090506
100.176286,60,7.166614
98.076616,66,7.292667
22.264915,45,7.362324
9.638197,11,7.38298
11.409931,16,7.451724
9.705464,14,7.475687
7.527542,11,7.492971
27.144149,28,7.530424
24.042215,29,7.573266
7.445833,10,7.636452
11.356825,18,7.65177
13.947459,26,7.673819
8.695784,13,7.688109
29.42766,33,7.718403
22.018682,20,7.786891
13.000262,17,7.805303
16.791829,23,7.827056
5.029229,9,7.839618
11.000418,16,7.855291
26.569594,39,7.943362
9.721562,27,7.972147
7.013748,14,7.98965
11.387884,26,8.013238
20.696917,24,8.096269
23.972743,47,8.139424
14.964208,23,8.167156
11.368768,20,8.255933
12.180885,34,8.288154
16.445996,29,8.317433
9.848729,12,8.333801
11.672979,24,8.426393
6.097853,11,8.440394
8.696151,13,8.453427
23.13156,21,8.474333
41.826902,37,8.509212
11.121417,19,8.610745
12.636172,27,8.635954
10.047424,13,8.652772
57.389006,42,8.69047
7.149809,23,8.800959
22.484228,29,8.829041
13.894765,34,8.863484
33.883644,29,8.893141
6.933813,13,9.000984
16.980371,27,9.026428
8.579216,11,9.041195
13.742548,16,9.05736
11.701215,21,9.077595
16.263245,20,9.195689
8.96833,11,9.209709
7.830058,12,9.222606
3.713952,7,9.230586
9.613806,16,9.246276
7.459009,15,9.262826
30.686245,44,9.411703
18.611992,39,9.451532
10.805447,17,9.47169
13.186579,21,9.493399
5.808337,9,9.504894
5.394285,10,9.633023
24.805821,28,9.658768
10.588424,13,9.676735
14.68244,23,9.698972
29.472333,26,9.724614
25.49559,25,9.878508
16.420694,22,9.902242
16.970137,23,9.925832
20.292581,20,9.946673
20.047857,25,10.105224
26.393931,22,10.130836
11.263826,19,10.151323
9.245323,14,10.170552
23.172765,35,10.345188
8.586805,13,10.364239
27.535816,23,10.386007
11.204823,22,10.408539
8.459375,14,10.424157
9.077194,14,10.4397
7.290899,10,10.450603
7.562995,17,10.616615
14.663068,23,10.63861
11.290426,14,10.655359
9.520075,24,10.678329
13.63124,23,10.701654
28.524431,27,10.885514
13.800679,15,10.904541
11.495949,14,10.918795
10.975742,14,10.933515
28.063541,26,10.957637
12.201709,13,11.141843
8.455408,20,11.162459
10.753878,22,11.187037
14.959134,20,11.215389
48.628479,41,11.499158
13.622096,17,11.531372
8.861115,12,11.551955
10.643906,12,11.568406
45.443218,47,11.629431
7.181896,11,11.898034
16.010989,23,11.928501
11.371111,15,11.952638
17.471524,20,11.981228
16.635714,16,12.006812
8.98105,15,12.029298
8.636171,13,12.31001
8.631822,13,12.332145
21.172891,19,12.359424
14.355431,17,12.383802
14.353026,21,12.413841
13.504964,21,12.71002
13.363453,23,12.741345
11.27628,13,12.763453
19.871948,24,12.79607
24.667291,26,12.833712
10.660801,19,13.059224
16.78326,30,13.088164
21.929826,23,13.112773
10.941035,13,13.129152
9.665128,12,13.142331
9.193841,13,13.155566
10.182034,13,13.376442
13.354749,16,13.393694
8.170775,12,13.406333
25.567951,26,13.43055
16.291647,23,13.45444
17.149493,17,13.689091
7.47858,11,13.701164
5.739472,13,13.714438
7.006928,13,13.728189
7.403893,18,13.747422
45.773477,35,13.780099
54.018698,33,14.033828
35.504344,29,14.063765
16.16023,19,14.085037
14.363538,28,14.342132
20.95513,24,14.367182
20.148141,19,14.387855
9.637323,17,14.407498
28.990588,27,14.433163
8.747033,16,14.687983
17.161146,24,14.711517
6.528177,11,14.726805
11.714379,16,14.742175
23.783587,24,14.764667
16.095072,18,15.033119
6.146338,13,15.049901
12.616482,27,15.075425
9.074118,16,15.093603
14.526215,16,15.11077
11.767226,15,15.127744
19.2021,20,15.405825
6.168602,9,15.417738
11.600217,14,15.432012
5.529264,9,15.443431
14.854924,20,15.463828
5.947757,10,15.475903
13.012198,15,15.489887
8.343327,13,15.504732
39.788517,38,15.810141
9.483363,11,15.825877
6.36532,12,15.838808
28.496011,25,15.863993
30.672855,38,16.17384
8.155729,17,16.195026
15.307792,23,16.217428
8.306807,15,16.235579
13.688517,15,16.250459
10.060542,15,16.57948
10.749211,17,16.604893
32.183245,40,16.65992
13.75222,15,16.687114
7.087611,11,16.704723
13.127801,24,17.12657
8.759821,17,17.154658
118.291074,78,17.652854
12.629373,18,17.69042
18.722609,18,17.716418
14.418563,17,17.743347
13.768209,20,17.7726
14.074703,25,18.194827
18.092445,22,18.21626
17.549258,33,18.249795
22.203553,23,18.272476
8.486132,11,18.284899
101.937396,60,18.642276
16.297305,17,18.667236
36.483554,32,19.002069
9.84791,16,19.020068
14.589586,23,19.042478
22.595988,38,19.07992
19.673427,26,19.42141
8.812032,11,19.434438
11.196091,15,19.449409
6.912377,9,19.460648
22.928705,23,19.481691
10.837199,24,19.506035
17.369482,17,19.847264
7.136658,11,19.86125
16.353619,16,19.876502
8.438891,20,19.896426
8.178923,10,19.907768
39.164751,30,19.936681
9.417115,16,20.291213
8.381023,11,20.303142
17.916347,18,20.321225
11.930089,20,20.342999
9.409864,13,20.357832
13.141178,18,20.375429
14.637647,24,20.747434
10.39262,20,20.770145
20.453081,29,20.797262
15.697711,28,20.827087
11.512647,15,21.19787
19.871611,24,21.222368
10.448442,13,21.237263
23.063699,24,21.261093
78.792443,53,21.671842
22.124809,20,21.69897
34.464001,27,21.726438
7.930407,20,21.748093
10.273717,19,22.25186
11.375738,15,22.276676
9.076207,20,22.306286
32.394404,38,22.354682
6.76555,11,22.3743
49.860592,42,22.935269
38.574624,41,22.994883
17.477109,19,23.025657
7.078655,17,23.551831
12.232733,25,23.574835
12.605073,16,23.590759
18.934548,33,23.61878
20.286771,21,24.016315
12.899713,13,24.032479
8.23305,14,24.046643
12.37144,17,24.06401
12.67644,15,24.079636
23.024074,31,24.1094
9.951759,15,24.514989
9.076965,14,24.529425
54.776778,50,24.573336
23.687212,21,24.599852
10.537406,17,25.008847
17.488844,19,25.028285
12.075596,13,25.042539
15.449262,16,25.059693
42.563855,41,25.497525
13.565105,29,25.528891
10.097394,14,25.546504
25.15376,36,25.580814
53.170301,36,26.036464
15.299727,24,26.063103
12.764875,15,26.079978
8.803255,13,26.09518
7.060699,10,26.107408
6.619086,12,26.11858
16.38008,22,26.570659
9.208237,13,26.587448
11.321948,17,26.605011
10.261583,12,26.618944
8.641153,12,26.631375
5.65695,8,26.642587
11.817473,17,26.658695
6.517636,10,27.107696
126.091438,69,27.188699
7.997962,12,27.220959
15.110725,17,27.242931
178.650266,112,28.586203
16.056692,19,28.632252
9.150778,13,28.654484
17.748209,19,28.681753
22.617105,21,28.713503
10.674723,32,29.20886
14.323792,15,29.227952
19.593892,25,29.252019
12.697519,17,29.270437
8.614143,13,29.284455
11.077377,13,29.299475
22.055018,23,29.774571
26.405636,24,29.798961
21.316298,18,29.817767
9.407167,11,29.831927
19.709885,22,29.851982
8.183956,12,30.323159
17.696614,25,30.347202
5.855897,9,30.362342
15.824964,17,30.379499
29.146878,35,30.411233
5.480592,8,30.892028
25.154307,27,30.918271
13.874605,17,30.939112
11.094216,21,30.959546
12.268674,22,30.981786
13.398708,18,31.492935
19.681569,34,31.524497
15.737029,25,31.551124
21.700505,37,32.077377
11.228356,14,32.097604
15.274725,17,32.114508
9.322625,17,32.132452
16.225823,24,32.157319
8.611215,18,32.177411
6.81825,15,32.770929
10.196083,17,32.794885
15.43057,32,32.838796
11.721867,14,32.865434
9.557269,17,32.893404
30.325708,41,33.638215
10.352744,14,33.665365
34.446715,41,33.721585
53.174835,61,34.408919
15.893057,23,34.438591
14.691397,28,34.466377
12.031661,24,34.998481
6.05951,12,35.012861
25.066911,31,35.041329
21.564615,22,35.064945
13.001057,17,35.599507
61.255808,41,35.637335
8.502911,13,35.65563
10.496664,13,35.669312
9.252558,16,35.686383
10.084739,23,36.230583
44.90481,35,36.263871
11.645814,14,36.28482
17.300124,17,36.305807
30.567739,27,36.882898
8.47986,12,36.89872
8.06312,11,36.911054
23.502583,39,36.946351
14.204066,21,36.970867
24.82025,30,37.553791
27.012561,29,37.583485
14.562141,23,37.609419
22.802601,45,38.333022
12.687568,17,38.362821
14.574257,16,38.384625
16.655194,19,38.416352
8.703307,12,38.435977
7.467639,21,38.466072
26.661274,28,39.266528
72.419296,53,39.344603
8.578606,10,39.371121
71.391122,54,40.028384
6.493228,9,40.045196
12.813494,15,40.061731
29.345827,29,40.088721
6.075973,14,40.669071
12.218785,13,40.682718
19.954982,32,40.714181
43.164053,32,40.747904
16.703856,18,41.336319
13.138347,20,41.35661
8.337559,11,41.370946
48.397292,43,41.40988
75.778624,60,42.060741
9.158557,27,42.092913
5.963941,9,42.106819
22.468087,19,42.124873
8.148611,12,42.74378
10.642602,14,42.758236
18.446957,18,42.776576
18.656771,22,42.799703
19.395048,19,42.81885
100.564059,59,43.581945
16.462342,19,43.61787
23.956759,22,43.649197
14.434727,21,43.677752
10.591503,24,44.537712
36.2101,30,44.579885
29.207081,28,44.621124
10.284538,18,44.649466
23.161108,30,45.343977
15.486482,20,45.368582
28.08738,39,45.403892
16.210213,35,46.053713
17.42456,25,46.085482
20.469179,26,46.113045
17.44704,19,46.134017
43.696306,40,46.785147
20.279805,29,46.816609
14.638829,15,46.835272
9.209413,13,46.850973
27.428757,36,47.525086
11.541755,16,47.545686
5.854017,13,47.561384
7.086016,11,47.573035
11.267627,17,47.590166
9.941147,14,47.605252
5.707192,12,48.2663
10.495337,16,48.283124
16.452554,18,48.301037
26.062812,38,48.335881
8.268146,29,49.21104
15.902678,16,49.237246
39.703065,51,49.301913
8.462554,13,49.327503
7.383852,9,49.344531
9.797057,13,50.245156
12.467792,15,50.258524
5.770299,8,50.267232
12.214198,13,50.280053
6.405443,14,50.292717
10.757608,18,50.308511
7.841228,14,50.321961
9.603412,15,50.99331
14.783553,19,51.012762
5.74947,13,51.027273
7.913119,17,51.044184
12.309398,14,51.060835
16.411948,33,51.75099
7.728926,10,51.764881
6.27671,9,51.774599
12.879524,17,51.791532
21.1196,26,51.815875
24.86192,30,51.845104
39.389526,41,52.565118
39.835602,45,52.609695
8.603137,12,52.62757
10.975811,13,53.335413
11.793519,15,53.350785
13.157341,20,53.370983
11.056699,20,53.391444
28.192798,29,53.419014
22.685995,23,54.238438
15.389855,36,54.289408
30.216536,38,54.342927
14.079726,18,55.320295
14.129723,20,55.347767
33.336874,30,55.390494
9.810992,25,55.427458
7.576662,11,55.445767
12.914344,21,56.190634
9.336759,15,56.209092
12.380378,27,56.235402
18.570786,24,56.260175
57.227213,52,57.00793
8.583125,12,57.02758
32.030314,28,57.052949
10.664205,15,57.071183
12.587119,18,57.802488
9.599898,20,57.823595
10.686279,23,57.845908
76.55472,73,59.709505
9.196243,19,59.747598
21.569453,30,59.789084
10.485221,17,59.816645
15.051998,19,60.850991
18.229705,23,60.87679
32.340499,31,60.904663
33.881988,25,60.927941
9.720782,17,61.671975
11.651319,16,61.688633
12.578998,37,61.72402
11.109949,19,61.745789
8.431539,12,61.759234
20.913618,21,62.5094
13.971249,19,62.531369
9.717103,13,62.54577
23.031525,25,62.571199
10.709446,12,62.585626
16.734126,24,62.610077
32.335779,28,63.397204
7.698046,17,63.417135
22.653634,19,63.436453
15.351207,17,63.456875
10.81567,18,63.475179
21.526066,22,64.280426
16.985789,21,64.302109
9.359492,15,64.319934
19.365798,34,64.352201
12.599065,18,65.370978
14.975242,18,65.397696
24.082074,30,65.438468
12.222227,14,65.462603
6.159435,18,65.488685
14.922834,21,66.491935
9.398022,16,66.511746
14.811369,18,66.53205
8.071556,10,66.545133
12.35193,13,66.558425
7.020883,11,66.571527
6.059192,13,66.585249
22.008799,32,67.386097
58.024906,47,67.430903
47.741768,36,68.249467
13.746091,20,68.273219
14.298071,18,68.292126
22.182276,22,68.314036
10.400774,16,68.332739
10.890789,15,68.348317
12.119495,15,69.175719
11.33432,14,69.190922
32.305061,33,69.221332
15.025577,17,69.240899
8.880232,11,69.253824
20.687873,24,70.150077
10.829642,29,70.192662
13.789232,21,70.225242
27.277738,25,70.270129
14.108141,21,71.408997
10.25169,15,71.434013
15.208166,23,71.46501
10.315358,16,71.491658
36.209069,37,71.540679
13.102731,19,72.383805
6.965022,9,72.394838
12.863443,26,72.418841
23.706988,26,72.444541
13.679012,26,73.284606
17.304757,21,73.307011
29.698907,28,73.334069
28.288781,34,73.366927
10.811256,19,74.237763
24.602429,33,74.268173
18.061268,18,74.289161
12.053523,15,74.304958
19.400325,35,75.196101
12.741865,33,75.228836
10.423209,18,75.24914
29.159781,38,75.284237
23.518276,29,76.486867
9.30847,13,76.510697
13.356788,19,76.53825
15.682241,19,76.565029
5.39758,30,77.552681
19.984206,29,77.582486
9.863654,12,77.597543
12.725157,15,77.613638
8.689163,11,77.627177
6.06044,17,77.644303
19.872827,23,78.506901
8.533905,11,78.519705
10.233424,12,78.532874
16.949428,18,78.55023
36.002094,38,78.58545
10.997999,13,79.476913
100.215271,62,79.534448
6.396539,23,79.564446
9.829494,13,80.468899
8.056553,12,80.482055
12.045141,15,80.498596
17.023087,27,80.524034
13.617648,23,80.547365
54.871018,51,81.774121
13.571273,14,81.802769
13.677884,17,81.827637
12.33959,16,81.85307
10.760194,23,81.884742
8.692135,13,82.906953
8.256383,14,82.921294
58.157668,46,82.962094
33.894538,52,83.896193
8.854,15,83.918765
14.292143,22,83.940376
16.31799,18,83.958863
19.906194,24,84.887889
49.636733,34,84.922812
16.482084,23,84.949713
13.58639,18,84.96768
20.851602,22,85.908719
11.633833,19,85.929624
13.89243,17,85.948059
23.540843,19,85.967547
32.678175,42,86.006109
10.14277,36,87.309439
11.804181,19,87.341181
9.017544,17,87.36622
10.468013,19,87.39148
7.185544,23,88.413619
9.939873,17,88.431937
10.706317,15,88.447472
6.709839,10,88.459188
16.426885,33,88.490278
21.524802,22,89.433209
13.281613,14,89.448732
18.759267,21,89.469517
42.063508,34,89.502013
49.236536,44,90.489492
14.603188,27,90.519405
16.727309,22,90.542958
11.528722,14,90.559618
38.308608,30,91.606177
10.558478,22,91.638501
17.512469,19,91.666735
31.651226,26,91.707073
12.88806,17,91.731171
7.872164,15,93.058467
17.488459,22,93.084826
7.453068,10,93.097221
7.557189,11,93.107885
10.726595,16,93.121854
35.777521,31,94.083924
14.291946,15,94.103354
18.949464,22,94.124706
8.26573,11,94.137652
11.504467,29,94.163791
11.800117,30,95.150326
10.816687,13,95.166327
7.425191,13,95.18024
7.836955,14,95.194607
14.688902,20,95.215386
15.288203,16,95.23228
15.748695,18,96.263709
22.748685,21,96.285073
13.129933,16,96.303664
12.741128,17,96.322116
8.698254,15,96.337694
12.963054,15,96.353734
26.085132,34,97.621937
9.936077,22,97.656027
13.479124,15,97.680298
20.945249,22,97.710002
28.329931,25,98.933406
6.421443,14,98.948174
33.728893,35,98.977118
4.170636,13,98.992368
9.17152,13,99.005512
11.073027,13,99.017497
9.785088,17,100.003441
14.843883,18,100.019972
11.414436,15,100.035918
13.513527,24,100.056904
10.04023,11,100.069227
13.779971,16,100.08361
32.025774,26,101.090874
121.65333,76,101.158885
12.858272,16,102.178277
36.659649,39,102.214731
17.167044,27,102.245301
24.704767,37,103.302621
19.069569,36,103.338172
30.396892,26,103.366296
6.113696,11,103.381153
9.630605,14,104.446302
10.304644,12,104.465388
12.106642,21,104.495297
12.54146,15,104.521607
11.496818,17,104.545817
28.050068,32,106.01098
16.687212,19,106.04103
15.775221,16,106.064491
19.880078,19,106.081092
9.380587,12,106.093484
16.886498,18,106.109214
13.925349,20,107.150776
9.008697,13,107.16505
15.433648,15,107.180491
7.947114,10,107.19185
9.0468,15,107.20735
15.4208,15,107.222952
17.435828,30,108.296509
11.912168,20,108.318416
18.998581,18,108.33935
8.949032,11,108.351942
8.801389,14,108.366473
14.254103,16,108.38349
23.592467,22,109.479179
9.58244,14,109.494705
7.883213,11,109.506891
9.327493,14,109.521811
15.082127,25,109.546698
11.340026,17,109.56716
15.440278,22,110.988657
13.153861,14,111.010742
11.600422,16,111.03732
7.289789,10,111.054251
27.591016,33,111.095843
9.509,36,112.289689
9.067014,13,112.307597
15.391559,16,112.324426
8.906522,14,112.339034
7.064056,9,112.349318
11.123795,14,112.363712
17.099423,28,113.454014
8.333452,10,113.466947
12.541165,30,113.495691
19.915927,31,113.529195
34.217439,33,114.669971
16.401856,18,114.690937
34.418213,43,114.730907
8.085122,18,114.755316
31.820282,28,116.166773
9.107014,17,116.193329
25.402683,23,116.225842
11.397663,16,116.253484
11.402159,19,116.281878
16.306547,18,117.536375
11.975696,21,117.557568
72.295252,42,117.597119
19.593823,23,117.623183
11.181005,27,118.738245
16.707589,21,118.761009
25.895799,34,118.79448
8.361118,15,118.81265
38.798169,39,119.985229
14.703214,17,120.006711
7.409516,12,120.021888
54.647823,49,121.419571
8.193145,10,121.443169
13.718348,20,121.468783
7.435701,12,121.488903
22.729635,24,121.522051
16.994524,21,122.865569
14.390161,18,122.886818
50.853946,40,122.925694
35.4155,47,124.086514
17.837228,22,124.112977
9.195432,11,124.126853
7.550564,27,124.153487
17.276674,19,124.173821
13.165347,19,125.354047
7.576553,17,125.371409
14.913609,15,125.388687
8.000623,16,125.405284
9.208732,11,125.417305
25.527128,25,125.439963
13.189227,19,126.887595
11.859762,14,126.909396
19.387323,35,126.954432
8.438353,14,126.980557
44.088749,36,128.346521
16.38725,18,128.367252
9.242868,13,128.381795
8.984805,11,128.393515
9.952878,16,128.410343
17.74766,20,128.42968
12.103903,13,128.444019
31.091344,28,129.61149
12.350605,31,129.643084
9.21635,23,129.667635
67.029426,46,130.901029
10.013191,13,130.919103
9.419828,13,130.93538
8.696644,15,130.951311
5.908058,11,130.964255
45.754185,35,132.472885
98.533627,73,132.570456
11.733365,20,133.914902
13.410029,21,133.935798
26.181364,30,133.965
14.266836,32,133.99774
12.90898,14,135.192002
10.329097,30,135.220212
18.51509,18,135.240604
8.081167,15,135.257845
9.824106,13,135.272411
14.806783,18,135.290057
18.921722,22,136.536075
13.988219,15,136.554799
13.522817,20,136.574913
18.577318,20,136.59581
14.907557,16,136.612755
13.349545,24,138.248655
18.926808,19,138.274071
24.960267,47,138.335178
13.87632,38,139.607841
10.350805,22,139.634267
11.977259,30,139.663277
14.640301,18,139.682986
8.312006,18,140.91781
8.399011,17,140.937979
9.94278,18,140.956684
6.246883,10,140.970108
15.625391,30,140.997095
15.24548,16,141.016709
121.67,80,142.381897
10.282166,13,142.416287
22.655721,22,144.093344
7.389462,13,144.109931
13.418742,17,144.126507
19.020554,23,144.14948
30.378405,25,144.17504
49.582075,53,145.444763
9.597589,17,145.467172
48.013081,45,146.756973
8.160617,11,146.774161
28.025011,28,146.800471
28.75794,42,146.839565
21.184232,28,148.329686
24.449363,23,148.364
23.693435,31,148.406391
15.171966,30,148.450255
6.197352,12,149.958859
13.820276,15,149.974568
8.488493,10,149.986977
11.232822,15,150.001361
9.218434,13,150.014989
11.754612,14,150.029469
13.115555,28,151.303387
8.023427,27,151.330542
7.343656,21,151.353918
15.486539,20,151.374779
21.463034,32,152.700829
12.777587,15,152.718451
14.071144,17,152.735775
13.199387,30,152.763386
11.155599,14,152.782277
21.900083,25,154.45624
9.002481,21,154.487473
11.153683,21,154.517501
11.822597,22,154.551217
10.302279,22,154.582115
31.022333,39,155.949366
12.780513,15,155.968136
9.157099,12,155.983467
6.614344,10,155.995079
9.124899,11,156.006179
19.823357,19,156.024477
10.61602,14,157.352944
18.978401,18,157.370733
11.633461,13,157.385166
14.469707,15,157.400798
45.89397,33,157.433275
77.008342,50,158.905307
8.837169,14,158.933025
13.078777,15,158.955133
7.278295,12,158.97486
36.21672,36,160.677532
24.819122,24,160.703133
26.274606,24,160.727244
7.245735,13,160.74452
9.011893,11,160.756115
8.886169,11,160.767211
7.517575,13,162.081283
9.347001,12,162.09568
4.868008,15,162.110878
7.368852,18,162.128115
13.482526,15,162.144089
14.356153,25,162.169054
27.807074,35,163.562222
13.179679,18,163.582982
18.51712,19,163.602785
8.394609,12,163.617319
20.32394,25,165.337131
10.988017,14,165.360978
18.993022,20,165.389508
5.375495,10,165.407776
9.173676,12,165.425465
16.281844,28,165.464781
6.641315,11,166.873955
68.865043,47,166.918525
25.990527,26,166.947488
8.341975,15,166.964325
17.394627,35,168.351167
13.414908,17,168.373576
60.744851,43,168.412492
30.826667,38,169.979657
23.09452,22,170.01422
17.217788,20,170.044426
12.157334,20,170.076078
17.276273,18,171.730611
21.129938,21,171.751315
11.378997,28,171.780544
10.889087,19,171.801105
13.139827,14,171.816463
13.977244,21,173.215485
11.458297,17,173.236037
25.574234,29,173.266553
6.938664,13,173.283982
17.334355,25,173.308191
12.19631,15,174.734352
9.728945,28,174.761489
10.825486,16,174.780144
48.590703,68,176.694698
19.23927,19,176.720737
12.329334,23,176.742069
4.666114,9,176.752904
15.353621,35,178.154085
5.960079,8,178.168153
11.221805,26,178.192365
19.421974,44,178.234288
15.354429,17,178.254803
20.115678,23,179.691108
10.875477,21,179.712728
50.821718,50,179.759272
21.215969,28,181.526841
10.257835,15,181.552473
17.171891,37,181.60227
6.686097,26,181.642498
7.423684,19,183.179256
9.419531,11,183.193252
11.089442,23,183.214571
8.701865,13,183.230121
37.081408,36,183.263851
6.533123,10,184.695637
9.295954,21,184.715734
9.685264,29,184.743582
29.987498,36,184.778881
35.490693,34,186.437349
16.466771,17,186.465916
106.548932,73,188.252804
7.775849,13,188.27686
54.819635,44,188.319201
52.628289,59,190.718049
8.801219,10,190.736367
14.31303,15,190.75096
21.883984,21,190.772602
13.986344,17,190.790857
31.751414,41,192.689395
12.958712,31,192.737227
10.654567,16,192.764793
20.91913,27,194.251229
7.448771,17,194.271255
28.184066,40,194.306689
10.81146,15,194.326741
9.285156,15,195.800234
11.106274,12,195.81391
18.807057,39,195.848515
11.605607,40,195.890153
11.826771,30,197.666638
34.334204,38,197.718422
25.402533,22,197.754029
9.89577,15,197.778497
11.353459,13,199.411174
8.957059,12,199.424276
220.641561,107,200.983977
42.494601,38,201.036272
13.303766,24,201.061961
18.578093,18,202.741868
22.018881,23,202.774621
10.140516,23,202.809352
14.256733,18,202.83851
8.347287,12,202.856668
7.211338,24,204.656486
13.333402,17,204.676833
19.963576,30,204.705864
14.339838,29,204.73506
51.687172,41,206.269176
12.53382,15,206.290215
15.015128,18,206.308327
11.047925,26,206.334041
17.23154,21,207.954452
6.759509,13,207.978273
19.437775,18,208.003962
25.270257,36,208.051282
23.846281,22,208.086601
9.636687,29,209.986863
25.089471,31,210.017289
107.839533,83,211.597264
73.615789,49,211.653462
7.349354,10,211.672034
15.395533,17,213.26669
5.233182,10,213.283728
14.221211,23,213.315573
21.862207,29,213.356757
11.062057,24,213.393112
46.577229,38,215.383515
10.313479,19,215.405648
57.327156,55,216.974659
12.357349,17,216.998752
7.17301,10,217.010666
10.877903,17,217.028177
14.666042,19,217.048397
19.294682,32,218.675378
83.034026,54,218.732365
9.353582,12,218.759509
14.960688,17,218.78466
10.154186,17,220.815654
103.089472,87,220.890614
12.414302,16,222.467128
31.263344,28,222.496039
95.298938,55,222.547648
10.748428,26,224.173478
12.715765,13,224.190052
13.583928,16,224.207526
9.42808,14,224.222012
13.448448,14,224.243061
7.888032,15,224.266431
5.642891,8,224.28297
11.606094,17,226.318421
11.833451,18,226.337808
28.76752,30,226.367921
9.323992,13,226.385726
18.361553,19,226.403572
24.09042,25,227.988626
14.633856,16,228.007445
9.725411,12,228.022116
107.989817,57,229.68357
9.835683,13,229.703672
15.305108,35,229.735787
64.665711,47,231.846803
14.167462,15,231.867276
6.84686,12,231.879695
8.277641,13,231.893449
10.116212,14,231.909014
22.240505,24,231.931204
42.571059,36,233.549856
33.179873,59,233.606819
18.317464,18,233.634528
39.406303,36,235.317018
10.552211,15,235.34508
10.889028,26,235.380676
11.613987,21,235.416186
25.181629,33,237.491536
13.168335,21,237.51469
38.090799,46,237.556646
9.027533,15,239.184753
10.20547,13,239.199188
20.113058,25,239.222614
25.969278,34,239.256293
17.864236,24,240.987149
8.940998,10,241.005758
11.306456,13,241.025709
17.683044,35,241.070495
7.80989,14,241.096199
9.285194,16,241.120185
14.95499,23,243.165183
15.840901,24,243.189996
25.035357,32,243.222401
5.76287,8,243.234167
22.330067,26,244.896758
18.193854,30,244.926332
13.494019,18,244.948862
31.084635,41,244.986406
13.327685,14,246.793991
10.16306,17,246.819443
53.648518,39,246.87042
8.484232,11,246.890586
9.887777,12,246.907462
17.370011,20,248.919797
9.098942,29,248.949669
7.496745,11,248.963971
19.124866,26,248.987506
18.385624,26,249.014174
32.833341,28,250.712941
6.022247,22,250.735866
9.527438,18,250.756465
11.393088,20,250.776396
13.713244,25,252.707385
56.936161,79,252.807898
6.519189,10,252.837597
14.622416,16,254.74765
16.809574,17,254.766411
117.929265,82,256.519169
11.887981,20,256.549622
8.643357,14,256.565613
38.169746,30,256.595333
23.79169,21,256.617883
10.09965,22,258.691635
9.488404,11,258.710223
15.152027,18,258.736268
8.927722,13,258.756608
19.274545,20,258.782657
16.858479,28,260.59195
10.643348,17,260.612785
23.559367,39,260.647975
16.421522,20,260.671273
39.405511,41,262.429188
12.269635,13,262.448498
7.014464,13,262.462771
22.90154,45,262.503894
19.433037,19,264.717447
56.492429,52,264.761738
14.900484,15,264.780998
7.964075,11,264.79211
12.002392,13,266.500357
21.026366,33,266.533061
23.090549,33,266.5664
10.488116,16,266.585507
10.405599,12,268.352828
21.571598,26,268.379909
12.329098,21,268.402252
21.050683,26,268.427995
154.53294,88,270.708033
10.574988,16,270.736495
14.425499,23,272.483482
15.129908,28,272.511817
32.579787,39,272.550416
16.845153,17,272.574353
32.321955,27,274.486149
17.594545,16,274.512421
11.271657,21,274.543334
12.713699,19,274.574104
17.547959,24,274.608197
18.491343,21,276.69452
20.483396,22,276.71698
13.170147,16,276.736028
20.775762,20,276.75568
23.796007,25,276.779512
10.637439,18,278.575419
8.248042,11,278.589852
12.529768,17,278.609025
11.265118,12,278.622295
7.906114,11,278.634142
19.397728,24,278.65946
7.176687,10,278.672517
14.791184,19,280.817677
25.975481,22,280.850481
14.094868,15,280.875292
7.930508,12,280.893858
12.499815,35,282.801033
6.397397,9,282.814585
16.849904,19,282.83385
19.293829,33,282.864735
20.854822,27,282.893467
6.936908,9,282.905544
38.682095,22,289.35998
40.005058,23,289.39117
38.647122,22,289.421336
40.195283,23,289.452588
39.960743,23,293.600087
38.482739,22,293.631702
38.603053,22,293.662881
40.252483,23,293.693928
40.452773,23,297.352063
42.197801,24,297.385737
40.799187,23,297.416539
42.245792,24,297.448532
42.29994,24,297.481226
89.748321,49,301.595777
89.363024,49,301.661597
106.222207,58,305.879285
105.452566,58,309.622324
173.036045,86,309.730808
112.549932,62,313.886977
116.951204,64,317.93541
170.89894,86,321.834208
174.454916,87,321.952426
167.439379,87,326.16703
172.958214,87,330.176966
171.444451,87,334.162319
174.043379,88,338.537956
172.54306,87,342.453206
172.167661,86,346.547693
170.72541,87,350.803402
175.963793,86,350.918014
172.600835,86,354.772138
170.936948,87,358.951445
177.012003,86,363.244558
173.718109,87,367.051167
172.355453,87,371.294896
174.46404,86,375.626865
174.161327,86,375.732183
172.530561,87,379.590326
174.234922,86,383.849003
174.148622,86,388.21454
172.019486,87,392.068618
219.15451,102,396.358094
87.352864,50,396.431395
93.830772,54,400.800246
96.177866,54,404.641418
73.487304,42,404.698628
74.664917,42,404.753431
169.934843,90,409.041474
84.419306,47,413.281213
85.199918,47,413.376919
285.598552,133,421.524266
291.179303,130,425.833139
274.952919,127,429.883152
266.215404,122,434.23849
285.206123,130,442.446215
266.496208,120,446.825007
269.64124,122,451.348525
264.808843,119,455.418957
250.440096,115,459.840001
272.257042,124,468.150981
276.506219,125,472.549603
275.803462,124,476.965074
308.442918,136,481.048346
382.257382,154,489.75971
289.838864,126,493.868558
281.764148,125,504.179617
187.520594,92,504.306062
425.248921,172,512.74511
469.604797,187,521.551341
193.380972,96,525.681458
971.019502,384,543.002577
467.695827,192,551.601933
563.279311,195,560.57256
549.301242,193,569.046535
322.007748,125,573.589535
399.375378,158,577.743534
514.486471,180,586.756904
967.255384,333,603.854041
518.531153,193,612.87444
516.295565,181,617.246902
418.002348,207,626.143047
474.659014,176,634.863108
361.774525,158,643.871921
897.352848,315,657.188919
376.455776,142,661.47281
453.26783,171,670.597237
490.023136,160,679.274313
411.721261,177,683.970346
437.460406,179,692.718009
434.580208,177,701.71096
506.352356,192,710.662166
238.732113,117,714.762278
490.014188,177,723.600669
471.907298,159,728.24755
346.090018,163,737.300569
328.918845,147,746.279634
438.261839,149,751.068669
355.363147,144,755.447487
684.056177,236,769.020828
485.24586,150,773.763353
538.184165,164,782.832833
572.460525,212,792.083106
456.673984,144,796.784006
510.829445,159,805.807445
409.108991,160,814.836849
319.504104,142,819.667958
365.528973,182,829.043867
403.722244,221,838.405401
491.839322,156,847.433943
462.211948,149,852.236433
365.478913,145,861.286057
305.903781,135,866.067837
53.652175,34,866.131291
340.785562,134,875.328876
447.1324,147,880.025665
352.284463,140,889.442121
329.155855,177,893.958245
275.915471,107,898.766366
493.98728,161,907.966534
489.09657,168,917.475547
577.827474,199,926.714866
472.659368,156,931.582703
466.777465,168,940.833387
359.581097,175,952.433901
391.112066,150,957.330785
422.247914,159,966.604987
465.212483,155,971.532802
518.573316,171,980.973558
604.953403,177,990.515663
504.092812,158,995.47315
610.932231,181,1004.816664
365.109877,128,1009.762155
500.396346,159,1019.082113
410.272715,140,1024.006387
558.056286,187,1033.44747
343.684061,123,1043.180347
275.629634,107,1047.910669
551.505442,167,1052.734695
350.521027,125,1062.619942
445.475964,149,1067.192426
306.845741,113,1072.176692
271.477845,105,1077.099044
579.056883,176,1086.626302
306.621312,112,1091.570599
266.159182,103,1096.581943
281.595071,109,1101.318653
585.293214,172,1111.130804
241.866029,100,1116.19688
518.159955,170,1125.694445
504.691954,165,1130.735219
581.680661,178,1140.31238
79.536082,44,1140.390254
770.180883,245,1154.992508
481.816458,169,1164.882786
61.866989,36,1164.950835
60.118564,35,1164.998703
156.702411,76,1170.060742
423.027753,159,1179.616014
205.847293,93,1184.633917
172.363016,81,1184.741733
167.09372,80,1189.664096
688.785564,215,1199.484213
589.846964,189,1209.371997
529.824471,185,1219.332511
573.611205,198,1229.165532
546.933398,193,1239.27027
836.002421,318,1254.186095
82.418041,45,1259.233544
75.679197,43,1259.290359
462.257564,174,1269.065411
643.54329,248,1279.323224
567.023626,210,1289.195911
632.382135,220,1305.048499
633.937498,264,1315.204359
457.909905,204,1325.219146
543.240381,210,1335.413131
575.819003,207,1345.476494
611.796988,225,1360.911412
710.146508,231,1370.875225
619.809474,234,1381.314827
714.403591,221,1395.793443
680.204873,207,1406.217373
721.999797,230,1416.290239
263.485951,113,1421.508583
718.082157,246,1436.811248
683.911721,248,1448.853643
668.765359,216,1459.049697
673.76196,206,1469.487792
651.130335,210,1479.759761
623.546753,204,1490.192984
599.14126,232,1505.60082
622.617684,210,1516.169705
611.573059,197,1526.365847
143.771219,71,1526.47778
723.818426,221,1541.998968
666.157831,216,1552.527022
420.047339,169,1562.882971
572.85702,203,1573.410989
650.172928,268,1583.990332
619.08584,201,1594.51263
690.891323,255,1610.172601
657.673377,211,1620.910189
600.531956,206,1631.337127
530.661977,185,1642.032591
589.782555,206,1652.551937
553.902393,192,1663.325493
560.234672,198,1673.797362
600.669497,207,1684.614637
404.202176,205,1695.33735
560.971978,191,1706.122458
606.781906,202,1716.740982
647.513866,261,1727.504281
616.360871,202,1738.293106
643.093169,228,1754.151898
528.579851,191,1764.691589
547.511544,188,1775.491896
781.923114,246,1786.049208
648.648005,215,1796.918418
633.335337,214,1807.475184
617.762473,207,1818.354146
643.35195,224,1834.247995
716.193456,217,1845.159174
627.540083,202,1855.657825
574.416983,201,1866.551017
486.153554,177,1877.044143
594.094259,195,1882.576286
765.107881,260,1898.48645
525.754183,193,1909.412393
714.301985,224,1920.006563
670.069959,213,1930.903892
628.449474,197,1941.518132
712.012921,221,1957.873912
837.092858,284,1968.605375
771.049045,238,1987.739586
769.200712,269,1998.556561
702.461093,220,2015.120692
694.105786,222,2025.87157
945.650581,287,2042.268585
75.186951,44,2042.396504
737.385252,227,2053.327398
764.456689,237,2069.562535
1240.064077,421,2091.21337
735.000346,221,2101.792967
707.64247,217,2112.718468
1101.623505,339,2134.842418
748.21533,230,2146.092159
71.257243,42,2151.686104
58.564192,35,2151.75089
58.305879,35,2151.816349
786.212771,254,2168.298669
686.48734,221,2179.480465
250.362146,108,2184.972138
1104.580872,334,2202.003068
857.816471,263,2218.695706
738.590749,225,2230.062813
812.562892,260,2246.710432
630.710248,199,2258.110379
753.299341,262,2274.831944
945.487289,297,2286.320807
1145.71112,378,2308.893754
847.815875,289,2325.839239
579.185088,195,2337.342668
675.278937,240,2354.310937
810.465042,249,2365.783139
717.143114,255,2383.047786
653.520611,221,2394.326123
692.619938,240,2405.973752
738.776845,233,2417.644112
895.990641,282,2434.747934
752.86143,230,2452.185062
688.700808,232,2463.571509
714.695961,218,2475.308017
74.353506,43,2481.072252
75.288448,43,2481.127288
76.827614,44,2481.186244
731.871914,243,2498.356856
453.321262,186,2510.137866
650.887109,219,2521.825291
882.761225,275,2539.131624
730.367473,214,2553.102012
715.515245,220,2565.062319
570.205605,224,2576.862856
729.925042,254,2594.411731
781.922797,252,2606.38343
763.919791,235,2624.421157
907.767517,272,2636.387336
733.299465,220,2654.125461
814.854898,249,2666.139063
810.022156,239,2678.786364
761.153966,234,2697.649263
563.560549,192,2710.318037
894.679581,298,2728.432921
520.204621,198,2740.477212
1606.282036,543,2770.506453
1357.33755,371,2793.916681
88.263575,50,2794.018303
902.956943,255,2811.831741
645.918353,198,2824.012216
1278.46179,359,2842.287427
1443.844251,435,2872.59287
1008.881671,292,2891.08193
962.169122,299,2909.350719
1062.904414,305,2927.791184
1088.58239,313,2946.135213
949.849937,280,2964.736397
616.289096,234,2977.372994
969.31354,281,2995.873714
70.54354,42,2995.963869
62.065227,38,3002.066515
698.352676,207,3014.392336
1340.147114,389,3039.788368
1032.350103,299,3058.441452
1143.648971,340,3077.403204
984.452889,276,3096.265738
675.790693,204,3108.891582
559.475879,173,3115.309323
731.085998,216,3134.012884
1230.295921,336,3152.886715
802.237112,233,3168.547413
508.196197,197,3181.272557
766.537592,227,3200.18651
694.9743,211,3212.95475
678.875253,206,3225.791951
521.027925,209,3238.620809
1074.88674,342,3257.881394
1169.435668,316,3277.276068
654.782002,201,3290.192301
963.862877,273,3309.410565
924.305715,260,3328.895959
871.295803,248,3341.955258
966.355211,287,3361.512956
643.318057,242,3380.842534
745.702812,229,3393.846797
1055.803692,318,3413.208802
1050.257948,294,3432.544649
984.660641,272,3451.15485
390.396716,187,3464.146095
415.95711,163,3470.743594
1105.590752,311,3490.266721
339.875804,157,3503.14033
344.518696,167,3509.713501
348.13096,161,3522.64586
769.167795,254,3542.162467
796.672106,247,3555.372881
1295.97823,386,3582.223144
996.117951,364,3608.448568
1764.709259,507,3641.299212
856.914733,241,3654.762064
787.019308,230,3668.574573
1282.643004,340,3695.077179
774.099642,227,3708.452396
1070.404301,296,3728.630646
1154.549868,357,3755.634529
984.680116,275,3769.028735
881.712437,266,3789.274529
1058.283551,330,3809.943513
1335.757211,397,3840.255668
74.835434,44,3846.951309
887.131847,257,3860.449897
1481.670265,428,3894.690477
1019.801189,270,3908.266586
1174.453896,356,3935.684965
661.877414,230,3949.601818
1839.069104,674,3997.545583
1169.686981,387,4024.730103
730.981495,246,4038.829276
1043.3477,287,4059.468513
1005.304315,276,4079.836116
880.003634,247,4093.549438
1275.824962,361,4121.30732
792.426162,227,4135.184084
958.4385,267,4155.741725
903.660821,258,4170.243614
920.097149,258,4190.866876
863.410014,243,4204.925006
921.515238,261,4226.039834
71.632661,43,4226.133388
1022.286556,286,4247.024591
72.413599,43,4254.254272
59.592495,36,4254.328014
85.487504,49,4261.376336
1012.305262,278,4275.270941
828.33591,237,4296.397409
649.725808,215,4310.622236
447.294815,176,4324.609249
431.246976,168,4331.725089
380.966518,157,4346.183049
633.270251,193,4360.285038
417.315765,163,4367.380758
660.099576,216,4388.949726
91.051685,52,4389.044942
788.944526,225,4403.0525
724.163074,209,4424.987786
235.898642,101,4432.081853
232.926806,100,4439.10621
75.765765,43,4439.173563
822.686456,238,4453.357926
736.769208,219,4474.910952
911.300238,266,4489.024797
973.790587,268,4510.587983
1040.146718,301,4535.433931
1004.268554,297,4556.82703
847.219457,240,4571.128729
81.798415,48,4578.038389
81.124874,47,4578.103907
697.503055,207,4592.113947
214.640688,98,4599.513087
271.831372,114,4606.663709
1004.499913,297,4627.566493
816.544723,235,4648.930053
242.099454,104,4655.922871
1254.758872,336,4676.554378
1140.40519,323,4696.581296
785.697975,229,4717.300226
176.417949,90,4724.439435
1008.032703,300,4745.638947
762.067275,226,4759.535167
1244.092031,324,4780.881837
1136.748801,305,4801.560562
1043.439443,296,4822.876706
1127.615854,325,4843.565565
843.865671,252,4864.687944
1430.290106,394,4892.042248
641.429917,197,4906.589129
1090.644056,300,4927.473841
987.079437,275,4941.207399
1112.461196,304,4962.317899
940.050571,287,4982.678735
1106.928547,323,5010.295213
957.839876,281,5024.082341
1339.933263,357,5051.183606
988.119832,293,5072.125999
642.645998,227,5085.695495
1390.939927,373,5113.1101
849.540135,240,5126.727584
669.836802,196,5140.249642
90.610598,51,5146.94785
911.459948,271,5160.732374
796.024104,247,5181.072759
768.20526,245,5194.54674
836.340064,257,5218.0978
1167.440071,311,5238.342993
1215.105614,329,5258.963961
713.726375,215,5278.872111
879.38218,264,5292.136042
870.076971,254,5311.300211
1002.031511,286,5331.335336
1264.554628,331,5351.839103
1159.493,327,5371.728167
801.53994,231,5385.087382
1416.329078,385,5412.139603
673.44106,207,5425.349004
972.906515,276,5445.103734
1238.919365,334,5465.348718
773.685588,225,5485.117679
819.041038,235,5498.248044
1057.643489,290,5517.848372
718.162401,222,5531.335921
674.602175,206,5544.672514
701.057755,217,5557.731552
1008.632726,287,5577.272643
987.746515,286,5596.852341
1466.170799,413,5623.538037
800.942835,233,5643.112919
832.672021,252,5656.174884
364.965424,136,5662.728357
795.416897,242,5682.33913
1213.399589,333,5702.130357
670.211559,220,5715.171725
1123.219095,302,5734.604572
1215.587941,341,5760.265099
973.246362,259,5773.544171
817.131181,249,5793.072483
857.071119,243,5806.028049
1257.833296,335,5831.494959
715.486311,204,5844.317314
588.204931,176,5857.097286
469.103927,148,5863.792263
843.559016,246,5879.900233
730.733287,234,5899.002224
215.244269,95,5905.077561
1018.452935,283,5923.426625
1204.001262,318,5942.542925
946.528984,277,5961.68944
68.100998,40,5961.817326
65.215258,38,5961.88537
66.607219,39,5968.283062
662.267342,203,5981.335313
811.047588,237,5994.161205
851.318235,245,6013.1862
1071.932066,278,6026.008582
1103.421553,329,6051.249826
1534.562662,438,6076.720212
815.468308,244,6089.833933
693.00209,214,6108.866673
751.826024,224,6121.616745
73.893597,44,6121.70726
381.899652,143,6134.19349
628.830499,219,6146.796028
59.569747,35,6146.87159
680.302432,216,6159.586373
886.847512,263,6178.330267
460.028673,174,6190.823995
610.827767,182,6203.362559
1071.506558,305,6222.728687
678.679499,221,6235.605318
205.279448,91,6242.022981
973.342598,276,6260.948169
868.978169,258,6273.638036
1153.417674,342,6298.654052
1257.450689,353,6317.609981
858.093769,267,6336.469193
966.507034,275,6349.377532
796.506525,244,6368.366619
811.993741,239,6381.270989
834.107993,249,6400.223707
1111.349668,310,6419.102757
844.815478,258,6431.70372
1112.62401,338,6456.710869
73.230719,42,6456.814786
56.861179,33,6463.015982
1290.488114,345,6481.821429
1086.089674,307,6500.741366
1593.204276,481,6534.77171
1570.238616,434,6559.946473
1045.431334,320,6578.951913
329.033208,131,6591.610002
96.771479,53,6591.722558
1178.245245,357,6617.002533
2320.694947,708,6660.726784
3325.1916,1000,6723.297005
728.396343,207,6736.162801
3297.911939,1000,6799.28939
912.754115,259,6818.060956
1220.087791,327,6836.802123
747.466453,237,6849.349584
1363.503331,364,6874.421812
810.696264,241,6887.20609
1324.070319,375,6912.424718
1125.841032,301,6931.228729
1318.455581,361,6956.147567
1123.610528,330,6974.867427
1235.302285,350,6993.587888
886.942197,266,7012.450106
1347.314946,370,7037.682701
914.171277,266,7056.445321
852.156766,253,7068.96396
1146.637156,322,7087.588687
1156.905536,313,7106.270695
25.125802,18,7112.39409
23.634058,17,7112.41765
21.031086,16,7112.440114
21.07313,16,7112.463031
1724.568988,477,7146.588539
1856.614049,497,7177.9406
1168.946519,315,7196.998937
1132.791398,379,7221.852624
1305.209585,360,7240.511399
1496.98482,391,7265.186667
193.393398,86,7271.341436
85.708051,49,7277.460084
55.613851,33,7277.505632
64.719736,38,7277.557053
1460.681546,413,7302.154592
1077.177687,299,7320.604413
1365.01036,368,7345.233538
587.637491,188,7357.623984
50.373231,30,7357.711453
1151.700765,308,7376.510172
1308.563028,350,7401.244971
1546.684846,413,7425.945864
1140.283707,304,7444.43644
915.125439,283,7462.782772
988.873951,280,7481.098531
1375.728017,364,7499.516785
1425.177168,374,7524.053668
1228.019124,325,7542.5265
1134.603648,300,7561.086293
1294.676987,339,7585.876453
1110.528067,293,7604.640192
1376.002212,367,7623.293582
1688.891711,436,7654.186006
1704.352188,447,7678.805592
930.845395,256,7697.151151
1805.279968,490,7727.711631
1464.656332,404,7750.443393
949.592337,261,7766.24865
1297.956567,345,7791.089218
890.685934,292,7809.626868
2166.593367,591,7846.436916
1606.587442,426,7870.920654
43.357792,31,7871.022725
35.682797,27,7871.058224
975.80227,273,7889.331652
1976.07831,528,7919.891031
856.622613,246,7938.154582
737.550872,218,7950.479493
361.128277,132,7956.747406
928.452579,271,7975.278315
1578.381054,440,8000.253503
1429.233702,395,8025.213884
78.36775,43,8031.517556
1295.050019,346,8049.989942
874.982289,246,8068.404209
1393.69472,402,8092.887001
61.137324,36,8092.991357
1106.601148,304,8111.304681
1624.762297,444,8141.802213
1462.763092,428,8166.321113
346.96829,176,8178.678405
661.570132,210,8191.035666
1200.47722,361,8209.755284
553.201975,196,8222.160507
254.86406,128,8234.480396
175.417645,86,8234.643754
619.85224,202,8247.102352
438.104186,169,8259.454083
456.795762,173,8271.729809
31.350201,25,8271.786925
31.210272,25,8271.818995
1712.148147,532,8308.607527
34.435438,27,8308.721045
493.375778,177,8320.950204
1279.031754,350,8339.35314
35.560897,27,8345.294749
1180.058691,307,8363.052697
2077.005012,577,8395.375717
1073.172964,279,8413.971375
1281.307563,347,8438.609424
1613.647267,441,8463.312911
1121.618975,286,8481.682916
1017.642812,278,8500.796606
1086.608804,298,8519.155724
1420.645521,384,8537.517962
1498.752449,422,8567.944386
1571.108079,437,8592.476031
955.167686,278,8610.759968
373.604957,138,8616.927125
1069.531457,296,8635.196424
1100.949422,282,8653.466624
1248.375211,340,8671.794923
645.923728,204,8684.020315
1178.506986,334,8708.278646
1064.033594,294,8726.619344
1067.23307,309,8745.134369
1248.584148,341,8763.722061
1238.076306,321,8782.396732
689.514694,199,8794.762649
700.480679,210,8813.235283
822.228294,228,8825.562959
1000.750173,263,8837.952182
760.087653,209,8856.427586
1004.576039,259,8868.76085
875.297152,235,8881.07773
736.953496,222,8899.381325
774.623409,222,8911.63986
945.461485,247,8923.905424
728.738916,223,8942.107213
1150.899345,296,8959.690796
449.14183,152,8965.8612
923.694651,283,8984.171766
722.332745,222,9004.444729
755.430047,219,9016.740436
195.747779,90,9022.938267
116.414926,62,9029.060026
199.069701,89,9035.212036
180.657031,83,9041.323774
2015.723485,551,9072.023807
1002.984718,274,9090.422438
1110.157854,296,9108.75296
647.509872,198,9121.051754
1997.667241,575,9157.629429
1951.696349,506,9188.162769
69.388386,40,9188.282834
71.680984,41,9188.337673
1298.316583,340,9212.635986
2226.655666,587,9249.313862
832.25695,231,9261.633686
1084.666733,303,9279.986955
1695.418085,443,9304.41077
857.570794,241,9322.820747
1367.462369,359,9341.153411
959.609642,265,9359.394374
1317.893419,355,9383.661428
844.26945,274,9395.948184
1069.317521,328,9420.207225
783.622154,248,9432.466776
556.910091,183,9444.625017
1160.367673,315,9462.915636
1971.676109,514,9493.316738
315.572857,128,9505.382623
1624.156224,448,9529.730494
1203.584021,315,9548.010709
1195.184333,315,9566.15055
1606.619535,404,9589.922128
1503.247601,416,9617.061055
660.112881,206,9635.39403
933.958443,238,9647.73053
1208.30498,316,9666.169616
982.480927,253,9684.496706
558.741221,160,9690.717966
878.880698,239,9709.031139
1003.339833,255,9721.429694
1314.990074,329,9739.846199
2480.988213,668,9782.868024
2908.748797,776,9832.278755
751.377288,194,9844.786446
71.394717,46,9844.873153
918.899513,246,9863.41888
1507.892984,391,9888.098219
991.626708,277,9900.535409
1586.409559,445,9931.051806
1183.230977,312,9949.575608
2752.130599,741,9992.763087
1372.896494,380,10017.543948
2632.766298,723,10060.711083
22.357184,21,10066.851028
22.668366,21,10066.893922
957.754785,264,10085.28255
1077.530017,272,10097.657022
774.270672,219,10110.06751
9.883246,14,10116.140965
1529.302471,402,10140.729209
669.028941,200,10153.163827
1051.482948,267,10165.522992
1033.371827,263,10183.954107
1877.37792,502,10213.657625
1169.048363,290,10237.994387
2831.926715,748,10280.364161
3052.095651,842,10335.00771
1144.254035,308,10353.235159
1440.11007,380,10377.46376
395.67689,137,10383.601901
979.21543,255,10395.764024
1127.96195,310,10419.955026
1117.588895,290,10432.243623
682.835958,197,10444.438717
636.476994,200,10456.541145
1266.05484,349,10480.833141
1358.169751,347,10499.291156
1068.887636,278,10517.612484
1451.261384,386,10542.087002
915.32207,243,10554.388212
996.406369,269,10572.840936
895.829136,235,10591.283263
990.625822,261,10603.658489
967.113339,249,10622.031285
553.737348,170,10628.294039
71.183895,45,10634.354886
69.201075,44,10634.412331
1311.740575,326,10652.824039
1172.506232,292,10671.276272
1050.64593,264,10689.79285
368.09554,128,10696.013142
1338.706751,329,10720.420098
1088.257555,295,10738.778249
1028.655908,265,10751.173719
1157.731454,288,10769.537407
815.59912,221,10781.864852
1124.974858,317,10800.137544
645.410857,198,10811.81752
887.534055,237,10829.995538
25.889746,23,10830.058461
16.989616,17,10830.08194
18.69145,18,10830.109771
1440.604281,360,10857.62949
975.251279,276,10875.844598
1079.383029,274,10894.081429
1023.514186,284,10906.391697
2863.890178,780,10954.695434
759.349764,209,10966.959
1025.092391,262,10985.22808
1174.757769,289,11003.381434
1317.014263,342,11021.597394
618.122625,192,11033.712534
394.178149,135,11039.826652
749.77066,212,11057.78924
936.662184,230,11069.872222
64.333977,43,11069.955308
773.765788,214,11082.045704
1150.769453,294,11100.164719
1312.728819,327,11124.264968
27.680363,24,11124.343266
30.877866,26,11124.376106
1150.699531,287,11142.614599
917.304095,237,11154.774441
1161.242972,300,11172.965013
1080.43472,279,11191.151578
911.228139,243,11209.421927
1053.230566,280,11221.655947
710.708794,209,11233.882075
529.001581,172,11246.010058
801.474226,214,11258.263023
823.475492,218,11276.516881
923.973131,241,11288.738585
340.170431,123,11295.00983
879.999748,239,11313.473281
904.912897,245,11325.81959
1078.043445,268,11344.192314
859.288636,232,11356.558123
374.4676,138,11362.814615
825.638083,231,11381.152099
1127.34472,286,11399.478574
848.581919,220,11411.802806
1256.775347,314,11429.618849
1487.188993,375,11453.941137
1142.699587,293,11474.013999
619.838305,169,11480.204768
815.011476,213,11492.341208
1343.776096,324,11516.498719
1023.604322,260,11528.696982
1262.645772,320,11546.850932
934.805366,247,11565.129612
298.087604,106,11571.210932
954.188148,249,11583.413097
946.580578,234,11601.579763
1381.042466,343,11619.92456
791.178202,210,11632.133728
988.940741,254,11650.259978
650.528896,202,11662.393658
966.040898,272,11680.620502
365.157841,225,11692.859732
1350.916959,344,11711.095457
527.137731,170,11723.253919
927.41244,248,11735.448214
688.385725,182,11747.615021
635.337669,173,11759.817691
512.411294,175,11771.961913
1332.749683,349,11790.309069
1390.636144,362,11814.757613
1145.022425,287,11833.247828
847.755684,226,11845.555173
996.004964,266,11863.98282
1067.242693,274,11876.38131
1561.092242,408,11900.8836
372.856548,136,11913.111635
651.72578,204,11925.43258
1271.907558,329,11943.794538
309.742781,110,11949.999533
1298.875886,360,11974.317559
1252.525437,310,11992.777534
907.343176,243,12005.123423
210.944308,87,12011.23441
1132.555067,316,12029.794618
64.343432,59,12035.89197
278.848051,106,12041.502957
937.734952,256,12059.758503
817.250243,228,12074.484314
970.166505,255,12086.647259
354.064705,124,12099.1715
800.139041,202,12111.473845
1563.493472,415,12135.829737
41.286283,44,12135.948833
41.198257,42,12141.948894
1164.91833,327,12160.127289
816.797815,209,12172.291772
877.665012,265,12190.417373
310.454684,111,12196.548198
775.433764,194,12208.681267
1016.823397,253,12220.896844
674.690391,181,12233.025347
1239.636821,302,12251.193226
1052.254906,269,12269.432411
574.858571,164,12281.608261
1297.849704,307,12299.946076
356.658037,123,12306.136029
1559.103003,428,12330.594281
29.650701,25,12330.682563
33.015612,27,12336.755283
780.341213,212,12349.015868
821.231194,212,12361.368423
397.800944,131,12367.629314
797.946781,202,12379.833659
868.608601,216,12392.061766
1054.390696,268,12410.315782
722.936263,202,12422.507041
757.231624,208,12434.669137
1056.566554,272,12452.951276
1306.87465,333,12471.184593
9.74286,13,12471.274365
11.391465,14,12471.304481
630.97287,185,12483.348578
1078.201126,274,12501.623311
771.963294,209,12513.768494
978.116999,264,12531.906216
901.753698,220,12544.053517
1094.551598,275,12562.178148
509.862506,165,12568.326498
1177.338678,308,12586.473589
1043.272095,264,12604.720687
1194.051778,318,12622.935744
933.577305,242,12641.219174
1256.719058,332,12659.372268
1087.900107,279,12677.035576
1004.28468,261,12693.641158
505.864505,161,12705.706304
998.718215,263,12723.90657
16.340801,17,12723.967588
16.500829,17,12723.991793
15.012847,16,12724.013001
16.208538,17,12724.036876
16.73399,17,12724.059732
987.872296,259,12742.196063
1129.645752,282,12760.496454
1069.426356,274,12778.677927
1050.402808,266,12790.860629
814.893311,218,12803.025243
975.20059,257,12821.229499
1317.481876,321,12839.504698
1365.071403,336,12863.968898
1549.23976,387,12882.545172
1208.902576,306,12906.759692
509.225618,165,12912.936177
1220.673844,314,12931.332775
1170.18497,297,12949.647041
282.754902,103,12955.751314
1427.973664,368,12979.961585
897.376404,237,12992.14782
1481.868529,389,13016.381765
1068.156907,289,13034.595206
288.479962,105,13040.70564
365.643606,125,13046.805113
281.033512,103,13052.878403
1088.71965,288,13071.073778
1282.76511,315,13095.32811
1680.743298,422,13119.661653
1180.991219,300,13137.924524
1336.837109,334,13156.150156
1235.189461,324,13174.413493
529.823161,172,13186.612178
1345.617991,328,13204.928828
1581.916343,389,13229.411592
1281.944332,320,13248.05194
1202.961148,309,13266.460283
1318.673192,323,13290.406867
1408.1861,353,13311.386678
200.832656,82,13317.587026
1075.28471,262,13336.025966
1168.846741,309,13354.704118
29.130055,25,13354.806879
26.449303,23,13354.851805
1197.27554,314,13373.273514
832.339868,220,13391.422897
1312.169798,328,13409.775688
995.61385,261,13422.28177
1050.426117,276,13440.545943
665.850098,197,13452.691438
1198.386523,321,13470.978789
1271.911895,322,13495.20364
391.188777,135,13501.359141
1175.916934,290,13519.588794
1208.03871,305,13537.895468
1047.030964,267,13556.118681
1613.662527,400,13580.355177
994.268617,264,13592.626448
1198.254376,304,13610.855555
1176.721485,298,13629.163239
1304.597454,336,13653.65379
1314.811686,327,13672.096531
1386.852737,354,13690.572428
1072.906833,272,13708.973897
1070.92606,280,13727.440434
371.70896,125,13733.658707
1169.375003,303,13751.940581
1107.825874,278,13770.199396
1557.607291,393,13794.57348
1189.746633,291,13812.827919
1103.305803,297,13831.065869
1352.945207,336,13849.321416
739.297749,218,13861.527757
1176.321081,315,13885.672993
1150.105296,300,13904.044408
379.00305,128,13911.03968
904.659604,242,13923.225294
1457.779212,360,13947.453177
1042.790426,270,13965.672274
1325.519616,346,13984.002089
1317.974187,347,14002.314268
1183.515534,295,14020.623852
12.497311,14,14026.621637
12.420014,14,14026.642951
10.667263,13,14026.660309
12.336682,14,14026.677705
1164.163549,295,14044.904789
1918.829531,487,14075.233342
1230.476008,324,14093.498074
1374.872338,373,14117.898334
1263.389501,317,14136.344404
1369.541292,374,14161.073449
1433.732662,391,14185.621573
187.698181,79,14185.828467
1017.928603,260,14204.123551
1105.393553,286,14222.423407
1215.111454,309,14240.640791
1248.36324,309,14258.942184
78.42923,47,14259.081361
1190.223269,291,14277.237194
1100.68553,297,14295.586274
1281.182101,316,14319.888686
1335.613169,337,14338.201236
1240.974051,319,14356.487504
361.218101,125,14362.612771
198.48185,82,14368.698107
1162.84955,293,14386.930339
1224.31781,316,14405.228088
1292.512211,318,14423.469869
1055.184847,265,14441.71144
1048.785525,270,14459.877846
1242.879151,307,14478.137073
1152.548607,296,14496.443555
298.965476,106,14502.664088
1186.03748,294,14524.878638
1704.788494,435,14549.105798
1217.182792,313,14567.610857
1291.783057,324,14592.064084
1285.874246,319,14610.44901
1287.079491,333,14628.857467
1257.026568,314,14647.255827
205.533967,84,14653.37503
1260.548602,309,14671.620275
987.206767,248,14689.80458
1200.88324,295,14708.078547
1016.719335,254,14720.315212
1304.910041,321,14738.650936
1159.634659,296,14756.883474
1248.222344,309,14775.108218
1439.827069,357,14799.388428
1245.406025,320,14817.664209
1344.839924,336,14835.937675
1252.267208,303,14854.37667
1354.024808,330,14878.700783
1662.934664,411,14903.119576
17.017627,17,14903.208533
15.505894,16,14903.233792
13.678192,15,14903.254967
1165.269843,306,14921.527863
1350.395269,350,14945.942566
1241.621721,312,14964.322137
1200.019494,291,14982.837213
1277.609454,325,15001.450459
1263.34236,319,15019.922167
1435.025801,355,15044.618937
1563.732136,377,15069.175134
1555.192835,383,15093.693663
1284.139763,333,15112.095439
1082.184588,288,15130.433585
653.761275,193,15146.624614
194.11812,80,15152.627996
941.865762,246,15164.569355
29.193976,26,15164.662395
28.208058,25,15164.71133
1197.315471,295,15182.934863
1188.865405,290,15201.23269
1245.207867,317,15219.485063
813.649346,203,15237.81605
1215.60116,297,15250.124161
1408.223684,345,15274.448634
1324.144173,329,15292.742121
657.825124,187,15304.957896
1088.632038,268,15323.244482
1068.408848,260,15335.53794
1299.891727,328,15359.788133
1274.818992,310,15378.167776
1188.905384,282,15396.385117
1268.851006,311,15414.662118
1428.875583,355,15433.033021
633.773299,186,15445.226147
1295.454935,316,15463.644366
1309.370626,323,15482.066398
1138.971431,305,15506.670574
1193.240584,306,15525.254592
1262.221299,308,15543.815763
22.363419,20,15543.916487
20.751337,19,15543.952878
22.170956,20,15543.989107
22.029427,20,15544.02753
22.043054,20,15550.058162
23.816045,21,15550.099793
22.112246,20,15550.137853
25.595467,22,15550.180177
25.48601,22,15556.203635
22.517945,20,15556.241625
22.147649,20,15556.278196
22.483168,20,15556.313026
21.010967,19,15556.349619
1391.966299,336,15580.958473
999.830806,279,15593.434962
1057.100389,255,15611.943094
1019.467379,266,15630.322282
1289.5104,327,15648.810825
1292.109551,326,15667.25983
972.427739,260,15685.593754
1217.255565,295,15704.636553
1445.120655,345,15723.055378
1111.091406,295,15741.457782
1269.554589,310,15763.564597
1059.806995,287,15781.712362
1280.315384,309,15800.350776
1102.696616,268,15818.870879
1476.865884,354,15837.549119
1167.444878,284,15856.047292
1221.54071,292,15874.580827
1084.161569,268,15893.095985
1381.344792,332,15911.82636
1172.175365,310,15930.23744
1086.472358,273,15948.842601
1266.587618,308,15967.356061
664.334581,188,15979.742026
1274.67469,320,15998.258958
1288.568969,325,16016.839116
1101.359451,265,16035.338297
1375.767089,331,16054.003406
1102.404269,267,16072.914703
1238.020439,295,16092.501562
1275.638899,315,16111.362068
1276.824972,326,16130.163445
189.825675,79,16136.463094
1214.640055,292,16155.720625
1149.800855,306,16179.503823
1540.860188,363,16205.766236
632.389442,184,16218.794828
29.060194,24,16218.856769
1152.621529,276,16237.425522
1175.97822,283,16251.194352
1339.141622,334,16278.332417
1231.220702,294,16298.23969
1296.869734,321,16317.578397
1303.442937,331,16337.160784
1018.346596,256,16356.464522
1320.944122,314,16375.674747
1160.560082,279,16398.812989
1286.443904,307,16417.64609
1201.42882,312,16436.044627
1106.659006,266,16455.34764
1156.250124,296,16474.714358
1616.234132,393,16499.696788
684.954821,207,16512.848001
1430.924337,342,16531.692204
10.95488,13,16531.760541
11.258215,13,16531.7801
9.410509,12,16531.798595
1267.981252,324,16556.975663
9.303238,12,16557.038341
1080.627489,288,16575.853852
1205.627317,291,16594.578937
1245.156506,308,16613.357638
1252.589211,300,16632.043027
1110.460922,277,16644.474956
1155.760668,293,16663.039391
1139.639805,279,16681.621913
1260.314679,313,16700.480145
909.902646,224,16713.093469
948.062628,239,16731.648951
779.65423,208,16744.822044
1291.37378,322,16764.807911
1237.022415,297,16783.878045
1129.607605,295,16803.501351
875.661782,221,16816.566689
1711.952462,430,16848.770237
1169.109079,281,16861.415029
1283.842298,315,16886.432456
1032.658462,259,16898.823516
785.507639,193,16911.100664
962.539424,234,16923.434009
897.871974,215,16941.750261
289.632864,103,16947.968197
1030.454931,254,16960.383684
1336.758441,313,16978.822046
1961.448036,489,17009.97111
1104.979872,268,17034.014213
1117.215714,267,17052.207404
1150.303165,274,17063.94176
850.462953,207,17076.337569
1826.694759,453,17106.860255
1183.395871,284,17125.291561
1271.613109,301,17143.830057
1167.234355,282,17162.341451
1102.684298,262,17174.719324
1282.317601,313,17193.194348
1130.625811,271,17211.666293
1095.226879,259,17230.115828
1260.325333,302,17248.610936
1382.920777,337,17267.134569
1271.946,308,17285.628365
1538.328147,369,17310.277869
1029.274819,253,17324.21072
1329.75891,316,17344.320731
671.573121,191,17357.224037
516.58323,157,17370.479808
938.205198,238,17383.846581
36.769919,29,17390.099008
20.689727,19,17390.12552
20.631464,19,17390.15642
24.090849,21,17390.184437
31.715935,26,17390.218682
28.775859,24,17396.45448
1047.661091,258,17409.109924
1343.700302,358,17434.033994
479.012243,151,17440.512334
1122.723584,298,17459.357142
1405.053319,336,17484.521175
1234.00785,311,17505.013085
678.30861,200,17518.307862
974.011561,271,17532.345245
1171.713167,282,17551.598462
1881.423779,461,17585.156311
1344.69329,321,17605.973372
1707.366827,426,17633.656067
722.04893,194,17646.599316
1103.232991,263,17667.325793
877.272445,222,17685.089429
984.259873,242,17704.005214
983.886198,236,17716.189543
1136.394447,271,17735.965288
1126.3969,272,17749.465237
1294.702713,304,17770.27935
1376.821468,331,17796.850105
1038.039172,255,17809.907521
1142.741325,274,17829.592851
995.000202,249,17848.674965
957.103545,240,17861.481703
1188.820153,283,17880.546633
1040.18254,254,17893.330148
1305.179013,311,17912.319689
79.052369,47,17918.666346
89.703487,50,17918.733942
404.166955,139,17931.667954
1139.293662,271,17944.465097
1205.483746,286,17964.50245
272.380297,98,17970.837512
1001.582296,241,17990.077986
1166.617768,277,18002.725673
650.879449,182,18015.140459
1074.657962,257,18033.712673
955.736052,229,18046.196336
1301.651318,313,18064.802226
1388.72578,331,18089.541128
1150.260667,277,18102.025686
1076.286647,261,18120.582098
1259.239303,315,18139.117314
839.725363,209,18151.534784
1258.935081,298,18170.100501
1223.603758,288,18188.625902
404.446673,136,18194.862567
394.520506,134,18207.51954
421.042631,137,18213.770795
1197.653586,281,18232.433413
1174.301389,278,18252.247061
1034.363809,249,18265.503345
1420.144509,323,18284.527528
396.701819,134,18296.921963
1200.456727,286,18318.410102
1272.254263,290,18337.242012
1014.924187,242,18348.763693
1310.419844,310,18368.636958
922.236142,232,18381.399196
1589.457368,382,18406.010495
306.27821,106,18412.306818
948.207978,234,18430.811905
921.221294,231,18443.343775
947.292402,232,18455.825295
1071.523389,250,18474.34568
1278.241251,293,18492.928676
1281.276357,294,18511.664162
986.861225,240,18524.252599
1270.740638,296,18543.005887
855.142642,217,18555.416499
1266.982828,301,18574.255243
1041.217726,245,18592.783016
351.977148,117,18599.072363
444.404048,143,18605.302284
1019.666667,244,18623.788505
291.707784,102,18630.0036
172.57988,72,18630.106272
1147.39572,267,18648.623857
781.675155,197,18660.975155
542.641535,159,18673.277535
560.596781,160,18679.638585
72.615208,47,18685.733835
56.966577,41,18685.788059
34.230518,28,18685.830521
1135.822941,262,18704.183258
727.205099,204,18716.528266
10.694568,13,18716.578891
12.249204,14,18716.59864
12.435486,14,18716.617573
873.84976,212,18734.877441
535.565473,160,18741.114103
1287.434685,307,18759.651934
874.800476,216,18772.01159
975.210866,241,18790.382337
1161.027565,271,18808.801534
15.602155,16,18808.865588
289.171769,102,18814.993086
1113.465762,263,18827.6095
710.478088,189,18840.067528
15.801327,16,18840.119766
843.381442,208,18852.414564
889.560253,219,18870.973173
15.364296,14,18871.023199
14.291443,13,18871.041652
15.460595,14,18871.061419
14.273188,13,18871.078219
18.395041,16,18871.099654
13.915768,13,18871.118722
1237.676947,298,18889.554207
959.246421,231,18907.940116
657.922027,181,18920.217023
652.36491,176,18926.491641
627.41803,172,18941.915122
1041.665074,243,18960.236636
1099.591548,259,18971.843929
785.508416,198,18984.309469
974.242083,238,18996.703967
1361.250091,320,19021.356529
1100.606902,259,19033.773488
722.419354,185,19046.092422
640.937929,174,19058.454975
705.147044,190,19070.75414
283.659184,100,19076.979226
838.259662,211,19089.331204
1130.111918,262,19101.782728
439.944738,141,19114.071779
624.045453,168,19126.389819
720.034745,195,19138.724496
693.805338,189,19144.997151
445.572147,141,19157.211286
458.345041,145,19163.459754
430.370383,139,19175.77055
546.200043,162,19182.099209
431.881473,137,19194.477116
771.856194,201,19207.012463
891.151591,216,19219.501529
704.484907,184,19232.044358
958.123981,237,19244.592955
858.602853,212,19257.047186
620.346199,172,19269.460914
542.799634,158,19275.728812
994.971353,240,19294.206092
567.188197,165,19301.037369
596.867247,172,19313.405134
249.002652,93,19319.584227
613.585232,171,19331.878876
1101.300907,260,19344.222666
829.484356,213,19362.780907
779.378025,207,19375.087201
1113.368314,263,19387.441945
914.905309,225,19405.827498
656.562945,180,19412.082558
1195.605646,281,19430.519792
912.063893,227,19442.911245
707.302858,188,19455.186659
1428.32041,343,19479.901927
974.618399,241,19492.490993
797.260972,211,19505.863325
1037.633053,251,19526.845176
851.622845,214,19540.825886
1214.686935,282,19561.805665
543.710107,160,19571.285978
888.811457,222,19590.67382
779.063701,202,19604.493364
769.874805,201,19618.414629
705.716503,187,19625.555065
1185.464947,272,19646.446821
1013.165243,254,19667.472799
81.024082,47,19667.57285
82.311325,48,19674.419075
80.12122,47,19674.488259
123.828755,66,19681.384135
110.362557,62,19681.472556
754.289606,200,19695.268126
1228.368767,285,19715.981789
1061.607163,251,19736.491439
296.295343,105,19743.37136
1031.962497,278,19763.722399
699.361185,202,19777.371781
420.273262,138,19784.247199
1035.236194,243,19797.967654
416.568722,139,19811.531107
2367.013364,600,19852.428294
2500.987383,592,19893.368488
1153.976923,268,19907.136591
1256.974251,288,19927.858952
638.122159,188,19941.630943
878.984569,225,19955.666412
2223.032794,547,19997.53582
1078.287926,256,20011.552118
1178.185396,319,20039.196728
1327.715251,308,20059.898852
928.59767,224,20073.633276
1155.783552,283,20094.055192
300.792856,106,20100.925992
1049.503588,253,20114.647156
287.4133,102,20121.488623
1150.153836,270,20141.882539
281.464654,101,20148.725404
287.404244,102,20155.637888
1860.367298,490,20189.624321
1409.12973,318,20210.156337
1339.252673,327,20230.745659
672.049374,195,20244.376667
1451.464581,343,20278.11045
2499.267687,594,20319.229872
2003.976174,475,20353.343597
943.969303,240,20367.053373
980.038645,245,20381.652914
1566.87049,369,20408.827564
1071.872438,260,20429.189002
990.639241,248,20442.968857
986.506632,273,20463.680286
1263.460216,294,20484.410993
894.928364,247,20498.525374
901.889514,223,20519.352011
1300.580254,316,20540.16022
1216.962167,277,20554.20614
1468.932559,339,20581.74349
941.911628,260,20595.689054
931.21424,252,20616.331548
1746.263825,400,20643.960115
364.19711,123,20650.944554
918.557892,254,20671.557488
1372.324903,314,20692.064737
1331.734048,320,20712.589168
1273.254504,356,20739.879519
1385.962494,316,20760.404117
1478.911041,333,20780.905509
1064.155188,281,20801.443493
1379.717636,343,20822.053714
1160.150215,273,20842.894522
1141.942429,269,20863.834695
1257.27975,314,20884.946018
1132.146069,263,20905.672815
1400.826913,334,20926.640854
1259.08801,293,20946.172425
1329.314074,307,20967.161929
367.246596,123,20973.215569
1365.938811,310,20991.31746
376.582025,123,20997.43557
366.011219,125,21009.468169
1359.506266,323,21028.264655
1299.977054,317,21046.507508
1243.469278,285,21064.732934
1196.2665,278,21082.934213
2488.73424,594,21119.58765
1589.214865,380,21137.90682
501.720411,154,21150.033482
988.34906,256,21168.226271
403.493549,135,21174.349284
1372.425557,307,21192.497522
1478.15468,346,21210.779756
1659.921814,391,21235.079556
2011.703665,457,21265.488287
925.066852,266,21283.753592
1716.285279,404,21309.092189
845.07727,244,21323.125782
1427.999678,325,21344.385038
1462.144518,330,21371.716811
1006.78668,242,21385.486804
1422.718502,328,21406.602009
1289.440556,327,21433.724326
1279.021582,322,21454.877891
364.434598,123,21461.783113
371.265802,124,21468.641081
827.207422,211,21482.267991
1424.033823,326,21510.146366
1584.558898,383,21530.75438
1298.536533,339,21557.865594
1203.072877,282,21578.448809
1356.530659,349,21603.571862
1465.173161,361,21631.381631
991.710673,234,21645.165695
1907.854841,454,21679.145439
1159.371075,274,21693.244138
1488.359078,356,21720.466938
73.887061,48,21720.634883
871.096112,216,21741.01318
636.227495,171,21748.335117
811.947739,208,21761.842468
1656.443559,394,21789.47184
1074.910796,268,21810.006261
766.072865,227,21823.427011
1391.242807,362,21851.110279
366.678158,124,21857.882076
374.502446,124,21864.533263
1288.112728,298,21885.122266
1306.174394,299,21905.707729
793.436519,212,21919.831904
690.700967,196,21933.057195
676.178519,188,21947.181224
919.498176,229,21967.670965
1328.013239,334,21988.130731
956.423481,231,22001.688687
993.931701,241,22022.233901
997.210626,238,22036.178912
1333.080654,304,22056.426971
964.388815,232,22069.927531
941.17964,235,22090.486101
13.948742,14,22090.539719
684.95568,192,22104.390485
1385.040322,318,22124.580603
740.780485,198,22138.622153
975.307635,242,22151.949605
1212.585696,281,22172.468559
1197.87733,275,22193.069595
67.983131,44,22193.168138
1054.193497,255,22213.271884
398.696759,139,22220.404981
999.758784,262,22240.499683
666.569687,187,22254.497791
881.141936,221,22267.777547
770.213919,201,22281.889948
300.929243,104,22289.831392
625.214895,175,22303.902326
969.89911,237,22317.196021
1151.605215,264,22337.872085
887.589201,213,22351.272649
345.106413,115,22358.104134
882.91841,221,22372.160545
1145.382419,279,22392.127456
1164.231251,272,22412.771605
958.271745,247,22426.532598
975.508878,234,22447.149926
299.062963,104,22453.830709
1269.401747,311,22474.732593
1102.568575,261,22488.185216
1325.643932,295,22509.040787
1079.015173,260,22529.00091
1120.747272,252,22542.977787
827.644296,198,22556.669642
787.05183,203,22576.558126
853.118378,212,22590.677313
947.810426,229,22604.13603
998.05972,240,22617.569359
941.997699,241,22637.490077
785.804248,202,22650.863832
836.931129,211,22665.211288
816.857951,207,22678.583793
766.784408,199,22691.922595
923.401262,230,22706.005454
767.30636,196,22719.580393
760.898088,197,22732.893644
949.050506,235,22746.597869
412.131838,135,22760.473619
416.385116,135,22767.215997
889.515627,224,22780.562331
729.566665,191,22794.147929
834.404539,207,22808.153787
837.890567,209,22828.078237
701.998496,187,22834.856355
239.75728,102,22841.587188
461.501681,165,22855.67591
223.650757,99,22862.525253
898.282263,251,22882.427025
952.904553,245,22895.879183
806.327792,221,22910.859997
905.396075,229,22924.492759
412.605875,157,22937.748218
1069.544573,279,22957.990541
20.763957,22,22958.102694
19.676374,20,22958.149202
17.215166,19,22958.194228
527.115464,191,22973.253137
531.519457,198,22986.57487
1369.60022,323,23014.019473
245.116678,114,23020.962502
960.449879,287,23041.145107
560.810399,161,23047.923184
702.289823,187,23061.361949
835.412416,249,23082.311711
953.996305,237,23095.841569
1000.273181,320,23115.82327
1139.569979,320,23136.128542
873.924676,278,23157.056696
1388.027277,332,23177.220398
909.516336,226,23197.241632
819.40657,206,23210.663985
620.806184,168,23217.69905
959.937306,233,23238.414185
997.060488,241,23251.229636
948.93702,234,23271.320049
940.530471,231,23285.473506
898.732905,223,23299.241128
850.469084,216,23312.714405
1395.64378,323,23332.790134
926.808466,242,23352.88163
1122.469062,264,23373.150333
1194.982504,294,23387.385657
997.780277,244,23407.742983
1092.329318,273,23427.787075
988.207298,240,23441.224391
1088.379159,294,23461.205407
1705.196816,399,23487.98631
1002.388092,245,23501.842129
1073.382062,257,23522.738503
1674.126292,403,23549.805954
1026.760686,253,23569.845377
672.270222,189,23576.625611
677.013867,189,23589.961338
1047.288831,257,23609.90021
1402.803138,332,23629.965417
400.846043,147,23643.319668
