#{"t_start": 1651871223.7308812, "env_id": "InvertedPendulum-v2"}
r,l,t
6.0,6,6.197133
6.0,6,6.215322
5.0,5,6.232401
13.0,13,6.260649
7.0,7,6.278686
12.0,12,6.300929
8.0,8,6.320801
8.0,8,6.33939
7.0,7,6.358142
13.0,13,6.385773
5.0,5,6.398054
3.0,3,6.407721
5.0,5,6.420208
10.0,10,6.727048
6.0,6,6.740165
4.0,4,6.752234
5.0,5,6.76568
5.0,5,6.78157
16.0,16,6.813372
9.0,9,6.839195
3.0,3,6.85354
3.0,3,6.86176
4.0,4,6.871177
3.0,3,6.876772
5.0,5,6.887644
5.0,5,6.901461
4.0,4,6.907866
7.0,7,6.919018
3.0,3,6.9276
3.0,3,6.935499
3.0,3,6.944541
3.0,3,6.952671
5.0,5,7.054895
14.0,14,7.0746
4.0,4,7.086198
3.0,3,7.091959
5.0,5,7.1057
5.0,5,7.115487
3.0,3,7.122354
3.0,3,7.128122
3.0,3,7.134352
3.0,3,7.142085
8.0,8,7.158354
3.0,3,7.169393
4.0,4,7.179151
11.0,11,7.197849
3.0,3,7.205658
17.0,17,7.232878
4.0,4,7.250294
3.0,3,7.255992
3.0,3,7.381796
7.0,7,7.4005
7.0,7,7.419274
10.0,10,7.441837
7.0,7,7.460851
11.0,11,7.486246
7.0,7,7.504785
3.0,3,7.5123
4.0,4,7.525213
7.0,7,7.536555
4.0,4,7.551213
3.0,3,7.558479
4.0,4,7.566519
8.0,8,7.584529
3.0,3,7.59239
4.0,4,7.600127
6.0,6,7.61287
7.0,7,7.798474
8.0,8,7.81843
3.0,3,7.831846
4.0,4,7.840835
4.0,4,7.851313
12.0,12,7.87755
10.0,10,7.894835
14.0,14,7.924266
5.0,5,7.941839
14.0,14,7.970243
6.0,6,7.984925
5.0,5,7.994035
9.0,9,8.011014
6.0,6,8.221799
13.0,13,8.252451
3.0,3,8.266234
8.0,8,8.28389
10.0,10,8.30256
4.0,4,8.321005
4.0,4,8.329117
10.0,10,8.345564
5.0,5,8.364897
5.0,5,8.377038
9.0,9,8.396706
3.0,3,8.4085
3.0,3,8.421475
7.0,7,8.442219
4.0,4,8.455124
9.0,9,8.73201
6.0,6,8.75335
4.0,4,8.767184
4.0,4,8.778163
4.0,4,8.788822
8.0,8,8.808287
7.0,7,8.829471
3.0,3,8.840254
5.0,5,8.854487
7.0,7,8.872516
5.0,5,8.8805
8.0,8,8.893628
3.0,3,8.901193
6.0,6,8.915468
3.0,3,8.926932
5.0,5,8.938549
9.0,9,8.959126
9.0,9,8.981314
15.0,15,9.310207
14.0,14,9.33619
10.0,10,9.36305
3.0,3,9.373595
2.0,2,9.380765
13.0,13,9.410215
3.0,3,9.424771
10.0,10,9.450547
3.0,3,9.460004
9.0,9,9.481527
3.0,3,9.49331
10.0,10,9.515833
7.0,7,9.535604
4.0,4,9.896072
6.0,6,9.913308
11.0,11,9.938947
3.0,3,9.949783
11.0,11,9.970731
4.0,4,9.989796
12.0,12,10.01611
3.0,3,10.023362
4.0,4,10.029325
4.0,4,10.041312
3.0,3,10.049856
3.0,3,10.055822
4.0,4,10.065104
3.0,3,10.077236
6.0,6,10.093085
11.0,11,10.118723
3.0,3,10.133374
5.0,5,10.145139
7.0,7,10.560062
5.0,5,10.576427
8.0,8,10.598508
3.0,3,10.607755
8.0,8,10.63063
5.0,5,10.647835
4.0,4,10.657724
3.0,3,10.66754
8.0,8,10.683511
10.0,10,10.706505
7.0,7,10.727122
9.0,9,10.747108
5.0,5,10.766727
14.0,14,10.796789
3.0,3,10.812085
8.0,8,11.259082
6.0,6,11.27633
3.0,3,11.288401
6.0,6,11.302266
5.0,5,11.315634
8.0,8,11.335354
17.0,17,11.370571
8.0,8,11.396837
4.0,4,11.408107
7.0,7,11.425298
4.0,4,11.44048
7.0,7,11.457108
6.0,6,11.472745
10.0,10,11.497093
4.0,4,11.965894
6.0,6,11.979241
3.0,3,11.988643
5.0,5,12.000918
5.0,5,12.014884
3.0,3,12.022347
3.0,3,12.030606
3.0,3,12.040128
7.0,7,12.056931
3.0,3,12.067251
4.0,4,12.076359
5.0,5,12.087975
3.0,3,12.09762
3.0,3,12.106046
4.0,4,12.116068
7.0,7,12.133295
4.0,4,12.147245
11.0,11,12.167096
3.0,3,12.182616
6.0,6,12.201031
6.0,6,12.215798
3.0,3,12.225871
5.0,5,12.695521
6.0,6,12.713592
6.0,6,12.728453
9.0,9,12.74952
5.0,5,12.765035
3.0,3,12.776447
5.0,5,12.788913
4.0,4,12.800829
9.0,9,12.820617
6.0,6,12.841628
3.0,3,12.850561
5.0,5,12.861897
6.0,6,12.878392
6.0,6,12.895888
4.0,4,12.904158
3.0,3,12.913625
5.0,5,12.928156
11.0,11,12.949912
6.0,6,13.499553
3.0,3,13.5086
3.0,3,13.517531
3.0,3,13.530139
3.0,3,13.541758
3.0,3,13.550897
5.0,5,13.560969
3.0,3,13.570777
3.0,3,13.580308
3.0,3,13.589684
7.0,7,13.606721
7.0,7,13.629294
4.0,4,13.640819
12.0,12,13.666412
5.0,5,13.677321
3.0,3,13.690978
7.0,7,13.709287
3.0,3,13.719948
4.0,4,13.728089
9.0,9,13.747241
11.0,11,14.381989
8.0,8,14.404699
5.0,5,14.423577
14.0,14,14.454705
9.0,9,14.47781
3.0,3,14.488271
8.0,8,14.507821
11.0,11,14.53608
3.0,3,14.547934
7.0,7,14.564539
5.0,5,14.578491
6.0,6,14.594671
5.0,5,14.610121
8.0,8,14.626176
8.0,8,15.29494
5.0,5,15.309243
3.0,3,15.321451
10.0,10,15.345115
3.0,3,15.355074
5.0,5,15.369303
11.0,11,15.39422
5.0,5,15.410974
4.0,4,15.424607
4.0,4,15.434212
5.0,5,15.446469
7.0,7,15.464263
3.0,3,15.476334
3.0,3,15.4878
4.0,4,15.501347
6.0,6,15.516184
3.0,3,15.52568
6.0,6,15.53826
6.0,6,15.558107
3.0,3,16.250488
6.0,6,16.264209
9.0,9,16.284876
3.0,3,16.297357
4.0,4,16.306627
6.0,6,16.321185
6.0,6,16.340088
3.0,3,16.350117
8.0,8,16.366278
7.0,7,16.385985
6.0,6,16.403639
3.0,3,16.409252
4.0,4,16.415373
6.0,6,16.425304
4.0,4,16.435018
4.0,4,16.444189
3.0,3,16.454185
3.0,3,16.463132
4.0,4,16.476299
6.0,6,16.487838
3.0,3,17.198648
4.0,4,17.210703
8.0,8,17.229229
3.0,3,17.242479
3.0,3,17.25407
4.0,4,17.263221
7.0,7,17.273913
4.0,4,17.28374
10.0,10,17.30152
5.0,5,17.316585
3.0,3,17.32525
3.0,3,17.336818
4.0,4,17.346079
3.0,3,17.35294
7.0,7,17.369714
6.0,6,17.385639
5.0,5,17.398566
7.0,7,17.415058
4.0,4,17.426968
5.0,5,17.438214
3.0,3,17.44607
3.0,3,18.164893
8.0,8,18.183357
5.0,5,18.196397
3.0,3,18.206977
15.0,15,18.233851
4.0,4,18.249597
3.0,3,18.258912
3.0,3,18.266453
6.0,6,18.279881
5.0,5,18.293633
5.0,5,18.306462
4.0,4,18.319663
3.0,3,18.326308
4.0,4,18.340463
3.0,3,18.349138
10.0,10,18.370193
4.0,4,18.38452
4.0,4,18.398502
5.0,5,18.413834
3.0,3,18.425671
6.0,6,19.291465
8.0,8,19.316756
3.0,3,19.330876
14.0,14,19.356195
10.0,10,19.385888
4.0,4,19.403615
11.0,11,19.428654
3.0,3,19.443143
5.0,5,19.458539
7.0,7,19.479962
6.0,6,19.496983
4.0,4,19.511108
5.0,5,19.525377
3.0,3,19.532983
3.0,3,19.538374
3.0,3,19.544668
6.0,6,19.560082
5.0,5,20.44451
9.0,9,20.46514
15.0,15,20.499287
4.0,4,20.512274
6.0,6,20.528042
5.0,5,20.542007
5.0,5,20.555806
5.0,5,20.569153
4.0,4,20.57972
5.0,5,20.592217
3.0,3,20.603406
3.0,3,20.613025
3.0,3,20.622088
3.0,3,20.632478
10.0,10,20.654282
3.0,3,20.670327
9.0,9,20.693004
4.0,4,21.57804
3.0,3,21.588913
6.0,6,21.601578
12.0,12,21.627463
6.0,6,21.646661
4.0,4,21.658499
7.0,7,21.675989
8.0,8,21.694484
8.0,8,21.71594
7.0,7,21.733574
5.0,5,21.74949
3.0,3,21.75957
4.0,4,21.768559
3.0,3,21.776036
3.0,3,21.784547
5.0,5,21.797074
7.0,7,21.808949
4.0,4,21.816936
3.0,3,21.823116
12.0,12,22.684815
6.0,6,22.701098
9.0,9,22.719651
3.0,3,22.72754
10.0,10,22.744365
4.0,4,22.75741
12.0,12,22.778959
8.0,8,22.796935
5.0,5,22.805858
7.0,7,22.813739
9.0,9,22.832415
12.0,12,22.852242
6.0,6,23.860649
6.0,6,23.875439
4.0,4,23.884626
8.0,8,23.900176
18.0,18,23.937337
14.0,14,23.967956
5.0,5,23.983891
8.0,8,24.000722
5.0,5,24.013501
8.0,8,24.031948
10.0,10,24.063177
7.0,7,24.080059
4.0,4,24.093567
4.0,4,25.138113
6.0,6,25.154434
3.0,3,25.166026
10.0,10,25.188832
3.0,3,25.203301
3.0,3,25.214562
20.0,20,25.255658
4.0,4,25.277716
3.0,3,25.28641
9.0,9,25.306599
3.0,3,25.319886
6.0,6,25.331103
5.0,5,25.345635
4.0,4,25.355352
3.0,3,25.365817
7.0,7,25.38423
6.0,6,25.403461
4.0,4,26.480255
4.0,4,26.491848
6.0,6,26.507473
18.0,18,26.547188
9.0,9,26.572316
10.0,10,26.59598
3.0,3,26.60349
4.0,4,26.612433
6.0,6,26.627142
5.0,5,26.6424
3.0,3,26.652624
10.0,10,26.670426
12.0,12,26.696035
8.0,8,26.722269
7.0,7,27.76554
7.0,7,27.784438
11.0,11,27.809781
5.0,5,27.82657
8.0,8,27.850649
6.0,6,27.861373
9.0,9,27.872247
4.0,4,27.881703
9.0,9,27.903238
4.0,4,27.916057
7.0,7,27.933526
4.0,4,27.945947
5.0,5,27.954778
5.0,5,27.962141
4.0,4,27.971685
15.0,15,29.194685
14.0,14,29.229716
5.0,5,29.248092
3.0,3,29.258071
4.0,4,29.268079
12.0,12,29.298561
10.0,10,29.327294
3.0,3,29.336396
3.0,3,29.345167
3.0,3,29.354445
3.0,3,29.363031
6.0,6,29.375409
4.0,4,29.382692
17.0,17,29.41492
3.0,3,29.425523
4.0,4,30.625171
3.0,3,30.635702
5.0,5,30.651621
4.0,4,30.665493
10.0,10,30.684639
5.0,5,30.702111
9.0,9,30.72413
5.0,5,30.739215
8.0,8,30.756111
7.0,7,30.770773
3.0,3,30.783259
12.0,12,30.807736
4.0,4,30.823636
4.0,4,30.837505
6.0,6,30.854481
3.0,3,30.864499
6.0,6,30.878862
3.0,3,32.025266
4.0,4,32.042072
5.0,5,32.053194
4.0,4,32.062824
4.0,4,32.075778
3.0,3,32.082456
4.0,4,32.088185
4.0,4,32.09461
3.0,3,32.100049
6.0,6,32.112206
6.0,6,32.129409
6.0,6,32.141815
3.0,3,32.149146
3.0,3,32.155579
8.0,8,32.166862
3.0,3,32.180373
5.0,5,32.189003
5.0,5,32.201684
5.0,5,32.218839
4.0,4,32.227789
6.0,6,32.241229
10.0,10,33.516225
7.0,7,33.540018
5.0,5,33.555424
4.0,4,33.569081
4.0,4,33.583224
6.0,6,33.59393
3.0,3,33.600267
4.0,4,33.610283
11.0,11,33.638611
4.0,4,33.653468
4.0,4,33.665232
11.0,11,33.687144
4.0,4,33.701492
13.0,13,33.728783
4.0,4,33.746482
5.0,5,33.76067
7.0,7,33.77943
7.0,7,35.161842
3.0,3,35.175901
10.0,10,35.196236
7.0,7,35.213908
4.0,4,35.227138
5.0,5,35.241537
8.0,8,35.260492
3.0,3,35.274973
5.0,5,35.285289
18.0,18,35.319157
3.0,3,35.331671
7.0,7,35.346025
3.0,3,35.355426
6.0,6,35.370825
4.0,4,35.382619
4.0,4,35.39364
3.0,3,35.404443
3.0,3,36.699743
4.0,4,36.711917
6.0,6,36.727919
5.0,5,36.741888
3.0,3,36.754712
8.0,8,36.770472
4.0,4,36.78289
6.0,6,36.80009
4.0,4,36.812527
10.0,10,36.835469
5.0,5,36.851618
4.0,4,36.864557
3.0,3,36.873646
14.0,14,36.900001
7.0,7,36.921138
5.0,5,36.934793
3.0,3,36.947731
8.0,8,36.963697
5.0,5,38.383811
3.0,3,38.392053
7.0,7,38.407238
13.0,13,38.440044
3.0,3,38.454043
3.0,3,38.460871
9.0,9,38.478046
6.0,6,38.493403
6.0,6,38.511766
3.0,3,38.52058
3.0,3,38.527634
15.0,15,38.558868
4.0,4,38.57857
6.0,6,38.594352
5.0,5,38.610945
7.0,7,38.629347
3.0,3,40.152516
3.0,3,40.160762
9.0,9,40.180305
3.0,3,40.192157
4.0,4,40.206336
3.0,3,40.214126
3.0,3,40.224985
7.0,7,40.24509
4.0,4,40.263406
4.0,4,40.272123
11.0,11,40.293665
4.0,4,40.308387
3.0,3,40.31939
4.0,4,40.329377
5.0,5,40.345927
4.0,4,40.359379
6.0,6,40.380077
4.0,4,40.395704
9.0,9,40.416594
19.0,19,41.860132
6.0,6,41.882864
10.0,10,41.903934
14.0,14,41.938432
8.0,8,41.958458
4.0,4,41.972098
3.0,3,41.981568
9.0,9,41.999192
3.0,3,42.007375
3.0,3,42.013485
3.0,3,42.025763
4.0,4,42.035698
6.0,6,42.050336
7.0,7,42.069711
7.0,7,42.08363
8.0,8,43.674004
3.0,3,43.688922
4.0,4,43.703208
4.0,4,43.713201
14.0,14,43.734671
14.0,14,43.773791
13.0,13,43.809389
4.0,4,43.822815
8.0,8,43.83652
6.0,6,43.852122
3.0,3,43.865335
4.0,4,43.878911
11.0,11,43.905861
4.0,4,43.922959
4.0,4,45.565886
4.0,4,45.577162
3.0,3,45.58652
8.0,8,45.603822
6.0,6,45.62118
8.0,8,45.640821
3.0,3,45.651664
6.0,6,45.665673
8.0,8,45.684537
4.0,4,45.697621
4.0,4,45.709031
4.0,4,45.720051
19.0,19,45.75728
7.0,7,45.779815
5.0,5,45.795171
3.0,3,45.805874
3.0,3,45.81446
3.0,3,45.821187
6.0,6,47.366899
3.0,3,47.379447
3.0,3,47.3894
4.0,4,47.401265
4.0,4,47.413395
3.0,3,47.422104
7.0,7,47.437444
4.0,4,47.450641
4.0,4,47.459868
6.0,6,47.472761
3.0,3,47.483652
5.0,5,47.497314
6.0,6,47.507673
3.0,3,47.515139
3.0,3,47.525962
12.0,12,47.551842
11.0,11,47.577887
10.0,10,47.600415
4.0,4,47.614164
9.0,9,49.404955
3.0,3,49.417182
3.0,3,49.427763
5.0,5,49.442113
5.0,5,49.454953
11.0,11,49.474063
8.0,8,49.499152
5.0,5,49.517012
5.0,5,49.534015
17.0,17,49.56206
3.0,3,49.576695
4.0,4,49.59094
3.0,3,49.603467
3.0,3,49.612998
8.0,8,49.6296
7.0,7,49.649083
2.0,2,51.30595
3.0,3,51.313078
4.0,4,51.320472
4.0,4,51.3318
11.0,11,51.358638
5.0,5,51.374974
14.0,14,51.397521
5.0,5,51.409547
6.0,6,51.419212
3.0,3,51.426618
4.0,4,51.434419
8.0,8,51.454329
5.0,5,51.468912
13.0,13,51.494642
3.0,3,51.509402
8.0,8,51.527086
3.0,3,51.539301
5.0,5,53.278308
3.0,3,53.288934
8.0,8,53.30818
8.0,8,53.329425
3.0,3,53.340821
6.0,6,53.354275
4.0,4,53.366612
7.0,7,53.380239
3.0,3,53.390615
4.0,4,53.401171
3.0,3,53.40956
6.0,6,53.426611
5.0,5,53.438539
3.0,3,53.447921
4.0,4,53.460731
3.0,3,53.47182
7.0,7,53.490432
5.0,5,53.50577
3.0,3,53.513722
7.0,7,53.530927
5.0,5,55.428631
5.0,5,55.440681
4.0,4,55.455218
6.0,6,55.470674
8.0,8,55.491563
5.0,5,55.50765
3.0,3,55.517726
9.0,9,55.534263
3.0,3,55.546325
4.0,4,55.557437
7.0,7,55.574043
4.0,4,55.584965
5.0,5,55.595705
4.0,4,55.607417
5.0,5,55.621225
3.0,3,55.631334
10.0,10,55.652158
22.0,22,57.410398
4.0,4,57.431009
4.0,4,57.441049
10.0,10,57.463297
4.0,4,57.478173
3.0,3,57.491907
3.0,3,57.499794
4.0,4,57.508916
3.0,3,57.516372
5.0,5,57.525825
6.0,6,57.540752
11.0,11,57.560719
3.0,3,57.569091
5.0,5,57.579251
15.0,15,57.604589
3.0,3,57.618785
4.0,4,57.630398
4.0,4,57.643748
12.0,12,59.643871
6.0,6,59.666779
3.0,3,59.679968
4.0,4,59.693737
3.0,3,59.702955
3.0,3,59.713056
4.0,4,59.722929
18.0,18,59.757555
8.0,8,59.78174
9.0,9,59.799945
5.0,5,59.818848
3.0,3,59.830575
13.0,13,59.861477
3.0,3,59.879941
4.0,4,59.891019
3.0,3,61.786766
3.0,3,61.796061
4.0,4,61.808378
3.0,3,61.817059
18.0,18,61.854452
7.0,7,61.878965
4.0,4,61.89124
4.0,4,61.902579
3.0,3,61.91079
4.0,4,61.915453
6.0,6,61.922256
3.0,3,61.932037
10.0,10,61.954684
5.0,5,61.968901
6.0,6,61.981987
4.0,4,61.997955
5.0,5,62.010719
3.0,3,62.022022
4.0,4,62.030957
3.0,3,62.039117
3.0,3,64.054728
6.0,6,64.065515
13.0,13,64.095252
4.0,4,64.110371
4.0,4,64.124494
5.0,5,64.139065
5.0,5,64.149683
4.0,4,64.163024
5.0,5,64.179065
3.0,3,64.186382
8.0,8,64.205426
8.0,8,64.220235
4.0,4,64.232146
3.0,3,64.243468
3.0,3,64.252306
4.0,4,64.260108
7.0,7,64.274454
7.0,7,64.291348
3.0,3,64.304146
3.0,3,66.250877
3.0,3,66.257332
3.0,3,66.265345
4.0,4,66.275814
4.0,4,66.287776
3.0,3,66.300555
7.0,7,66.314726
4.0,4,66.327145
7.0,7,66.343914
6.0,6,66.361362
3.0,3,66.371248
3.0,3,66.378348
11.0,11,66.398797
9.0,9,66.425936
4.0,4,66.437632
7.0,7,66.451363
4.0,4,66.466027
5.0,5,66.478483
6.0,6,66.49727
5.0,5,66.510526
5.0,5,68.550862
4.0,4,68.565451
3.0,3,68.57554
13.0,13,68.604178
6.0,6,68.621712
5.0,5,68.637621
3.0,3,68.647879
12.0,12,68.677087
10.0,10,68.706741
4.0,4,68.725007
7.0,7,68.742346
4.0,4,68.754826
3.0,3,68.76775
3.0,3,68.779557
4.0,4,68.787618
3.0,3,68.799505
6.0,6,68.817576
7.0,7,70.937576
3.0,3,70.947625
6.0,6,70.95831
6.0,6,70.975078
4.0,4,70.985309
8.0,8,70.996423
4.0,4,71.00391
5.0,5,71.016057
9.0,9,71.03788
4.0,4,71.050319
7.0,7,71.063524
13.0,13,71.09366
4.0,4,71.111837
9.0,9,71.128154
4.0,4,71.14605
4.0,4,71.153957
6.0,6,71.163942
3.0,3,73.264138
11.0,11,73.288312
5.0,5,73.305585
7.0,7,73.32673
3.0,3,73.335925
5.0,5,73.351719
4.0,4,73.364312
5.0,5,73.378703
13.0,13,73.403857
3.0,3,73.415494
3.0,3,73.42245
9.0,9,73.443251
7.0,7,73.461498
9.0,9,73.482533
5.0,5,73.498473
7.0,7,73.518254
7.0,7,75.733622
14.0,14,75.764978
4.0,4,75.780208
3.0,3,75.787378
4.0,4,75.797243
4.0,4,75.808672
7.0,7,75.823809
3.0,3,75.836208
8.0,8,75.852274
4.0,4,75.86146
7.0,7,75.878068
3.0,3,75.889953
4.0,4,75.899812
3.0,3,75.909867
3.0,3,75.918931
3.0,3,75.928725
4.0,4,75.941261
3.0,3,75.949925
9.0,9,75.966848
4.0,4,75.981164
5.0,5,78.128494
5.0,5,78.139419
3.0,3,78.151273
5.0,5,78.163511
6.0,6,78.175181
4.0,4,78.183352
7.0,7,78.200306
3.0,3,78.212062
4.0,4,78.219242
11.0,11,78.243537
8.0,8,78.271898
7.0,7,78.29303
8.0,8,78.3121
5.0,5,78.326333
8.0,8,78.345676
3.0,3,78.357837
7.0,7,78.367512
4.0,4,80.693486
5.0,5,80.708727
3.0,3,80.719293
4.0,4,80.728909
3.0,3,80.740443
6.0,6,80.751868
6.0,6,80.767835
4.0,4,80.779152
6.0,6,80.793505
5.0,5,80.808149
5.0,5,80.822856
5.0,5,80.836328
4.0,4,80.849434
11.0,11,80.870463
3.0,3,80.881583
4.0,4,80.89321
4.0,4,80.904382
5.0,5,80.91693
4.0,4,80.93175
17.0,17,83.271578
4.0,4,83.289257
4.0,4,83.302539
9.0,9,83.326368
5.0,5,83.340911
3.0,3,83.349915
3.0,3,83.360666
11.0,11,83.387656
4.0,4,83.397755
4.0,4,83.407666
3.0,3,83.417262
5.0,5,83.431014
5.0,5,83.440645
9.0,9,83.454494
6.0,6,83.468113
3.0,3,83.482101
5.0,5,83.493263
5.0,5,83.504255
4.0,4,83.517019
8.0,8,85.915292
2.0,2,85.925391
9.0,9,85.943619
3.0,3,85.952077
3.0,3,85.963025
4.0,4,85.972866
4.0,4,85.982085
4.0,4,85.99075
3.0,3,85.999903
10.0,10,86.018631
5.0,5,86.036943
6.0,6,86.052196
6.0,6,86.060909
10.0,10,86.072828
7.0,7,86.094234
9.0,9,86.116154
5.0,5,86.129335
6.0,6,88.470747
5.0,5,88.482607
3.0,3,88.491639
3.0,3,88.502166
5.0,5,88.516639
3.0,3,88.525208
4.0,4,88.538486
4.0,4,88.550856
6.0,6,88.567758
5.0,5,88.588238
6.0,6,88.6035
4.0,4,88.617809
9.0,9,88.638507
4.0,4,88.654335
9.0,9,88.676397
6.0,6,88.695828
3.0,3,88.707687
5.0,5,88.720854
3.0,3,88.732082
6.0,6,88.747063
9.0,9,91.218273
6.0,6,91.233395
5.0,5,91.242743
5.0,5,91.253485
7.0,7,91.269307
4.0,4,91.283723
4.0,4,91.294021
3.0,3,91.304535
3.0,3,91.314176
5.0,5,91.326895
7.0,7,91.343858
4.0,4,91.358509
8.0,8,91.374432
14.0,14,91.403047
10.0,10,91.425835
10.0,10,91.449221
4.0,4,93.999121
8.0,8,94.018786
5.0,5,94.037681
4.0,4,94.050574
3.0,3,94.059957
8.0,8,94.078418
4.0,4,94.089923
3.0,3,94.099145
3.0,3,94.106616
3.0,3,94.118042
3.0,3,94.128239
8.0,8,94.146029
4.0,4,94.159096
3.0,3,94.16842
18.0,18,94.206803
3.0,3,94.225083
7.0,7,94.24316
10.0,10,94.268011
12.0,12,96.759376
3.0,3,96.770416
8.0,8,96.785113
9.0,9,96.80253
8.0,8,96.822026
3.0,3,96.836868
3.0,3,96.842324
8.0,8,96.854452
7.0,7,96.870977
3.0,3,96.881811
5.0,5,96.891243
6.0,6,96.904032
10.0,10,96.926124
3.0,3,96.93847
6.0,6,96.949946
3.0,3,96.96139
3.0,3,96.968287
4.0,4,99.642627
8.0,8,99.658267
4.0,4,99.672704
4.0,4,99.685055
4.0,4,99.700101
3.0,3,99.711825
4.0,4,99.725723
9.0,9,99.748615
4.0,4,99.764467
5.0,5,99.780236
6.0,6,99.794406
5.0,5,99.806463
3.0,3,99.814433
3.0,3,99.823964
11.0,11,99.847107
5.0,5,99.862952
7.0,7,99.882138
5.0,5,99.901012
6.0,6,99.915701
12.0,12,102.435005
5.0,5,102.454041
3.0,3,102.462692
5.0,5,102.477266
4.0,4,102.489656
4.0,4,102.503445
3.0,3,102.514128
7.0,7,102.531679
4.0,4,102.545972
3.0,3,102.557232
3.0,3,102.566373
5.0,5,102.579478
8.0,8,102.603209
8.0,8,102.626887
4.0,4,102.640939
10.0,10,102.665178
3.0,3,102.679893
5.0,5,102.694871
3.0,3,102.706239
4.0,4,105.529924
6.0,6,105.544376
4.0,4,105.559664
5.0,5,105.570669
3.0,3,105.580114
4.0,4,105.589765
3.0,3,105.601728
6.0,6,105.614415
4.0,4,105.626025
4.0,4,105.638437
3.0,3,105.648726
4.0,4,105.655179
3.0,3,105.662754
3.0,3,105.66918
4.0,4,105.67682
8.0,8,105.693096
3.0,3,105.702458
3.0,3,105.711329
3.0,3,105.722272
4.0,4,105.729655
5.0,5,105.743062
10.0,10,105.764912
8.0,8,108.424651
8.0,8,108.446755
6.0,6,108.466099
5.0,5,108.478228
4.0,4,108.492835
3.0,3,108.501113
4.0,4,108.511501
6.0,6,108.527036
9.0,9,108.553406
5.0,5,108.567215
14.0,14,108.599385
7.0,7,108.620103
7.0,7,108.638031
3.0,3,108.645183
5.0,5,108.657059
5.0,5,108.670856
4.0,4,108.684377
8.0,8,111.478491
6.0,6,111.496667
19.0,19,111.531739
5.0,5,111.55126
8.0,8,111.563244
6.0,6,111.578933
4.0,4,111.592408
5.0,5,111.603936
4.0,4,111.615102
6.0,6,111.630294
3.0,3,111.640092
4.0,4,111.649898
4.0,4,111.661911
3.0,3,111.67093
6.0,6,111.681032
4.0,4,111.689844
4.0,4,111.700256
3.0,3,111.709391
3.0,3,114.581344
5.0,5,114.598601
3.0,3,114.610224
3.0,3,114.620042
10.0,10,114.641394
5.0,5,114.661983
5.0,5,114.675483
5.0,5,114.68912
3.0,3,114.699499
3.0,3,114.709636
9.0,9,114.73317
6.0,6,114.75122
13.0,13,114.782226
3.0,3,114.794177
9.0,9,114.813611
6.0,6,114.83084
6.0,6,114.844087
3.0,3,114.856681
4.0,4,117.57892
6.0,6,117.596061
3.0,3,117.603383
10.0,10,117.62928
5.0,5,117.64552
9.0,9,117.66935
3.0,3,117.683406
3.0,3,117.694002
3.0,3,117.703557
3.0,3,117.713257
3.0,3,117.72373
3.0,3,117.735341
3.0,3,117.742112
3.0,3,117.751737
3.0,3,117.761097
8.0,8,117.778835
3.0,3,117.790826
6.0,6,117.801789
4.0,4,117.812189
3.0,3,117.823025
4.0,4,117.833878
10.0,10,120.829939
3.0,3,120.841823
3.0,3,120.852269
4.0,4,120.86483
9.0,9,120.884229
10.0,10,120.908831
4.0,4,120.922463
23.0,23,120.967682
9.0,9,120.991796
3.0,3,121.004474
9.0,9,121.023238
3.0,3,121.035836
3.0,3,121.044
4.0,4,121.058531
4.0,4,121.065501
3.0,3,121.074245
13.0,13,123.972899
11.0,11,124.002043
7.0,7,124.018058
3.0,3,124.028919
3.0,3,124.037324
4.0,4,124.049379
3.0,3,124.057551
4.0,4,124.067784
3.0,3,124.076161
4.0,4,124.088561
8.0,8,124.10257
4.0,4,124.117635
8.0,8,124.130077
6.0,6,124.148269
3.0,3,124.154586
5.0,5,124.169464
3.0,3,124.181612
3.0,3,124.191232
4.0,4,124.20533
6.0,6,124.222486
6.0,6,127.15892
4.0,4,127.170474
3.0,3,127.181098
3.0,3,127.189677
6.0,6,127.201309
3.0,3,127.213733
4.0,4,127.224328
3.0,3,127.232871
3.0,3,127.239691
3.0,3,127.247745
3.0,3,127.258273
4.0,4,127.268307
13.0,13,127.295341
7.0,7,127.31352
4.0,4,127.3282
4.0,4,127.335417
3.0,3,127.345293
5.0,5,127.35809
4.0,4,127.370431
3.0,3,127.380427
3.0,3,127.388156
4.0,4,127.396325
5.0,5,127.406717
5.0,5,130.545206
3.0,3,130.554994
5.0,5,130.567006
6.0,6,130.58076
7.0,7,130.598814
3.0,3,130.607729
5.0,5,130.617069
7.0,7,130.632205
3.0,3,130.641334
6.0,6,130.657429
3.0,3,130.665228
9.0,9,130.679314
5.0,5,130.695519
5.0,5,130.708975
6.0,6,130.723388
10.0,10,130.743631
8.0,8,130.766154
3.0,3,130.779145
3.0,3,133.853817
3.0,3,133.86566
4.0,4,133.877718
3.0,3,133.889628
3.0,3,133.898642
9.0,9,133.923561
4.0,4,133.937125
11.0,11,133.96178
5.0,5,133.97699
3.0,3,133.984047
5.0,5,133.997989
11.0,11,134.022696
13.0,13,134.053369
3.0,3,134.067013
10.0,10,134.087214
6.0,6,134.105212
4.0,4,134.119389
4.0,4,137.230854
8.0,8,137.250436
4.0,4,137.264904
3.0,3,137.275315
7.0,7,137.295008
3.0,3,137.304147
4.0,4,137.314139
14.0,14,137.343006
3.0,3,137.356929
9.0,9,137.372623
10.0,10,137.395449
5.0,5,137.41026
4.0,4,137.419794
6.0,6,137.435633
3.0,3,137.446292
5.0,5,137.459096
3.0,3,137.467668
4.0,4,137.474687
4.0,4,140.758915
6.0,6,140.7725
3.0,3,140.779663
6.0,6,140.786609
7.0,7,140.79732
4.0,4,140.812355
16.0,16,140.843408
7.0,7,140.867523
3.0,3,140.878865
8.0,8,140.895576
4.0,4,140.911118
3.0,3,140.92207
3.0,3,140.930217
4.0,4,140.940802
3.0,3,140.950593
5.0,5,140.963328
5.0,5,140.975761
7.0,7,140.987929
12.0,12,144.19911
4.0,4,144.213221
3.0,3,144.225137
4.0,4,144.236643
12.0,12,144.264974
3.0,3,144.280313
4.0,4,144.290596
3.0,3,144.301696
9.0,9,144.324635
4.0,4,144.34165
9.0,9,144.356867
5.0,5,144.372015
4.0,4,144.382396
3.0,3,144.394525
7.0,7,144.407139
3.0,3,144.414963
5.0,5,144.429063
8.0,8,144.44818
3.0,3,147.661744
3.0,3,147.671793
6.0,6,147.686925
3.0,3,147.696324
3.0,3,147.704988
3.0,3,147.710924
4.0,4,147.724054
4.0,4,147.734364
4.0,4,147.745483
7.0,7,147.762622
16.0,16,147.796172
8.0,8,147.823373
7.0,7,147.841684
4.0,4,147.855344
4.0,4,147.869133
3.0,3,147.880447
9.0,9,147.904484
3.0,3,147.913764
3.0,3,147.925239
4.0,4,147.937956
8.0,8,151.375206
7.0,7,151.392495
6.0,6,151.400219
5.0,5,151.408811
4.0,4,151.419634
4.0,4,151.431795
6.0,6,151.445495
6.0,6,151.457531
4.0,4,151.470192
4.0,4,151.479355
3.0,3,151.488515
12.0,12,151.507519
12.0,12,151.540755
6.0,6,151.559863
3.0,3,151.568166
6.0,6,151.578838
22.0,22,154.979747
6.0,6,155.007437
5.0,5,155.022448
3.0,3,155.032973
7.0,7,155.049326
4.0,4,155.062117
8.0,8,155.084573
3.0,3,155.099033
8.0,8,155.113682
8.0,8,155.135618
5.0,5,155.1457
9.0,9,155.165235
7.0,7,155.181438
5.0,5,155.193328
3.0,3,155.203231
4.0,4,158.519216
9.0,9,158.53607
10.0,10,158.564078
4.0,4,158.581164
3.0,3,158.592847
8.0,8,158.61305
7.0,7,158.635787
3.0,3,158.649049
8.0,8,158.667785
3.0,3,158.682771
5.0,5,158.692014
4.0,4,158.707691
4.0,4,158.716996
8.0,8,158.733547
8.0,8,158.74905
3.0,3,158.757039
3.0,3,158.768615
4.0,4,158.777085
4.0,4,158.784762
14.0,14,162.204206
5.0,5,162.224961
3.0,3,162.234103
6.0,6,162.246683
4.0,4,162.255566
3.0,3,162.264203
3.0,3,162.273747
4.0,4,162.286839
6.0,6,162.301025
9.0,9,162.322935
13.0,13,162.344513
4.0,4,162.355781
7.0,7,162.373207
4.0,4,162.384412
3.0,3,162.394322
4.0,4,162.4057
4.0,4,162.417637
7.0,7,165.944596
8.0,8,165.964388
3.0,3,165.973517
5.0,5,165.982946
5.0,5,165.995616
7.0,7,166.01423
5.0,5,166.028926
14.0,14,166.056758
4.0,4,166.070628
3.0,3,166.080832
3.0,3,166.087028
5.0,5,166.097978
4.0,4,166.107122
13.0,13,166.132867
7.0,7,166.151711
5.0,5,166.166428
3.0,3,166.176164
8.0,8,169.658696
3.0,3,169.67031
6.0,6,169.684308
4.0,4,169.698457
3.0,3,169.70906
6.0,6,169.724629
5.0,5,169.738134
4.0,4,169.751586
3.0,3,169.762249
7.0,7,169.781312
10.0,10,169.807129
6.0,6,169.822626
10.0,10,169.842323
4.0,4,169.858423
8.0,8,169.878809
18.0,18,173.380262
4.0,4,173.398253
6.0,6,173.417383
10.0,10,173.441767
7.0,7,173.460091
6.0,6,173.477901
4.0,4,173.491923
5.0,5,173.503055
3.0,3,173.511768
6.0,6,173.526375
4.0,4,173.536523
4.0,4,173.549436
5.0,5,173.563146
6.0,6,173.581074
4.0,4,173.589875
5.0,5,173.603832
4.0,4,173.615854
4.0,4,173.62735
3.0,3,173.638063
4.0,4,173.650172
4.0,4,173.662942
5.0,5,177.323973
5.0,5,177.335919
3.0,3,177.348136
3.0,3,177.356679
18.0,18,177.391303
4.0,4,177.406834
3.0,3,177.41474
4.0,4,177.423101
3.0,3,177.431136
3.0,3,177.438751
9.0,9,177.455816
4.0,4,177.463811
7.0,7,177.478957
4.0,4,177.489233
3.0,3,177.49657
3.0,3,177.505244
3.0,3,177.512691
9.0,9,177.530858
3.0,3,177.540521
3.0,3,177.549475
5.0,5,181.322377
9.0,9,181.343623
5.0,5,181.351604
3.0,3,181.356252
6.0,6,181.368857
13.0,13,181.395936
4.0,4,181.404735
6.0,6,181.413874
3.0,3,181.422716
4.0,4,181.430466
4.0,4,181.443029
3.0,3,181.454061
9.0,9,181.471558
4.0,4,181.485346
3.0,3,181.496924
7.0,7,181.512776
4.0,4,181.522755
4.0,4,181.530826
16.0,16,185.25611
4.0,4,185.276733
6.0,6,185.289853
4.0,4,185.303181
14.0,14,185.336498
5.0,5,185.354878
11.0,11,185.37874
12.0,12,185.404721
10.0,10,185.427048
3.0,3,185.435998
4.0,4,185.449761
4.0,4,185.462109
3.0,3,185.468866
4.0,4,185.480569
9.0,9,189.203035
11.0,11,189.230966
3.0,3,189.24648
7.0,7,189.264738
4.0,4,189.2808
4.0,4,189.292982
5.0,5,189.310579
4.0,4,189.321491
11.0,11,189.344239
3.0,3,189.356579
3.0,3,189.36784
7.0,7,189.38336
7.0,7,189.402696
3.0,3,189.416626
6.0,6,189.432695
4.0,4,189.4455
10.0,10,189.471525
3.0,3,189.484743
5.0,5,193.291748
3.0,3,193.300104
3.0,3,193.306614
9.0,9,193.322887
4.0,4,193.336605
3.0,3,193.348152
3.0,3,193.357296
4.0,4,193.367989
4.0,4,193.379952
3.0,3,193.389691
3.0,3,193.396654
3.0,3,193.403571
3.0,3,193.411327
6.0,6,193.426002
5.0,5,193.438327
4.0,4,193.448034
4.0,4,193.461865
5.0,5,193.473358
4.0,4,193.485864
4.0,4,193.498784
8.0,8,193.518162
11.0,11,193.54257
8.0,8,197.412192
3.0,3,197.424513
4.0,4,197.436088
6.0,6,197.449644
15.0,15,197.481514
6.0,6,197.499123
3.0,3,197.510431
3.0,3,197.516007
11.0,11,197.530848
3.0,3,197.544057
5.0,5,197.555764
3.0,3,197.564553
4.0,4,197.573262
8.0,8,197.590795
8.0,8,197.607965
4.0,4,197.625331
4.0,4,197.636078
4.0,4,201.558395
3.0,3,201.568705
5.0,5,201.581059
5.0,5,201.594889
8.0,8,201.613376
3.0,3,201.624121
3.0,3,201.632812
4.0,4,201.644105
6.0,6,201.656382
4.0,4,201.666553
3.0,3,201.673182
3.0,3,201.678779
4.0,4,201.685547
5.0,5,201.69902
3.0,3,201.709738
4.0,4,201.722134
5.0,5,201.733919
10.0,10,201.756877
14.0,14,201.785609
7.0,7,205.725426
3.0,3,205.739071
4.0,4,205.750228
3.0,3,205.763116
13.0,13,205.786697
6.0,6,205.801798
11.0,11,205.829392
4.0,4,205.846256
3.0,3,205.856628
3.0,3,205.866122
3.0,3,205.87797
4.0,4,205.890974
8.0,8,205.911423
13.0,13,205.935735
3.0,3,205.94274
5.0,5,205.954629
8.0,8,205.971091
3.0,3,205.982274
4.0,4,209.89061
4.0,4,209.903681
7.0,7,209.923391
6.0,6,209.942107
7.0,7,209.962091
8.0,8,209.976102
3.0,3,209.98639
3.0,3,209.997266
4.0,4,210.009815
5.0,5,210.021692
7.0,7,210.039083
3.0,3,210.048817
3.0,3,210.05533
5.0,5,210.067683
4.0,4,210.081104
7.0,7,210.101885
3.0,3,210.111887
3.0,3,210.118748
10.0,10,210.142244
6.0,6,210.161112
3.0,3,214.159765
8.0,8,214.179642
4.0,4,214.196038
4.0,4,214.210265
4.0,4,214.224088
4.0,4,214.233945
12.0,12,214.260728
8.0,8,214.284488
3.0,3,214.297002
3.0,3,214.304448
11.0,11,214.326651
3.0,3,214.334559
13.0,13,214.358765
3.0,3,214.369771
15.0,15,214.398467
9.0,9,218.435042
3.0,3,218.44735
4.0,4,218.457544
8.0,8,218.469876
3.0,3,218.47614
5.0,5,218.49042
3.0,3,218.496463
3.0,3,218.502177
3.0,3,218.509835
3.0,3,218.519804
4.0,4,218.52927
7.0,7,218.537953
6.0,6,218.557208
7.0,7,218.574818
4.0,4,218.587283
4.0,4,218.599222
5.0,5,218.610359
4.0,4,218.618337
4.0,4,218.624723
4.0,4,218.630947
4.0,4,218.638397
3.0,3,218.648319
3.0,3,222.84517
3.0,3,222.855824
9.0,9,222.872286
6.0,6,222.890832
3.0,3,222.899201
8.0,8,222.914269
4.0,4,222.928024
3.0,3,222.940261
3.0,3,222.948409
3.0,3,222.954538
3.0,3,222.959692
8.0,8,222.973522
3.0,3,222.98286
11.0,11,223.003211
3.0,3,223.016576
4.0,4,223.023787
3.0,3,223.029359
4.0,4,223.035588
3.0,3,223.042149
7.0,7,223.051468
4.0,4,223.058947
7.0,7,227.306224
3.0,3,227.315603
12.0,12,227.339426
10.0,10,227.365545
6.0,6,227.379755
4.0,4,227.389092
3.0,3,227.397997
3.0,3,227.40638
7.0,7,227.422266
4.0,4,227.432779
5.0,5,227.447744
4.0,4,227.456967
4.0,4,227.469622
16.0,16,227.4981
4.0,4,227.516575
4.0,4,227.528683
4.0,4,227.542188
7.0,7,231.778724
7.0,7,231.795097
6.0,6,231.808124
4.0,4,231.820076
4.0,4,231.829432
3.0,3,231.84072
4.0,4,231.855072
3.0,3,231.866952
4.0,4,231.880263
3.0,3,231.88878
3.0,3,231.898055
3.0,3,231.906277
3.0,3,231.913197
4.0,4,231.925877
8.0,8,231.944699
4.0,4,231.957074
5.0,5,231.967657
5.0,5,231.979029
3.0,3,231.98612
5.0,5,231.998236
5.0,5,232.009083
4.0,4,232.019093
12.0,12,236.257315
5.0,5,236.277605
11.0,11,236.305966
4.0,4,236.325294
4.0,4,236.337968
6.0,6,236.352281
4.0,4,236.362146
4.0,4,236.371011
5.0,5,236.384321
8.0,8,236.405653
3.0,3,236.417871
12.0,12,236.441972
3.0,3,236.45843
3.0,3,236.468688
3.0,3,236.481466
8.0,8,236.503055
6.0,6,236.520564
3.0,3,236.532322
10.0,10,240.823806
4.0,4,240.842212
11.0,11,240.870287
10.0,10,240.900355
5.0,5,240.910914
10.0,10,240.928464
8.0,8,240.953563
3.0,3,240.965189
5.0,5,240.978543
5.0,5,240.992388
4.0,4,241.004256
7.0,7,241.017893
3.0,3,241.032003
4.0,4,241.043437
6.0,6,241.05868
7.0,7,241.075456
5.0,5,245.359536
5.0,5,245.374156
8.0,8,245.390101
4.0,4,245.404324
7.0,7,245.421382
8.0,8,245.445109
3.0,3,245.45577
3.0,3,245.463464
5.0,5,245.47731
7.0,7,245.492899
5.0,5,245.507655
5.0,5,245.519926
3.0,3,245.533327
6.0,6,245.550848
5.0,5,245.567464
3.0,3,245.579602
25.0,25,250.039485
3.0,3,250.060988
3.0,3,250.073538
3.0,3,250.084764
3.0,3,250.095809
4.0,4,250.107708
5.0,5,250.12037
9.0,9,250.137771
6.0,6,250.1588
6.0,6,250.1777
7.0,7,250.193403
10.0,10,250.215
8.0,8,250.237363
13.0,13,250.268855
5.0,5,250.287451
3.0,3,250.299888
3.0,3,250.3109
4.0,4,254.72838
3.0,3,254.737858
14.0,14,254.768718
10.0,10,254.792642
3.0,3,254.80827
3.0,3,254.816603
6.0,6,254.830669
3.0,3,254.842718
5.0,5,254.850929
3.0,3,254.856887
5.0,5,254.867942
10.0,10,254.89008
5.0,5,254.90185
5.0,5,254.915022
5.0,5,254.928998
10.0,10,254.950425
3.0,3,254.963818
4.0,4,254.975743
3.0,3,259.441379
4.0,4,259.451772
4.0,4,259.462608
3.0,3,259.473578
9.0,9,259.489617
4.0,4,259.501274
4.0,4,259.514339
8.0,8,259.53261
3.0,3,259.542721
10.0,10,259.559318
10.0,10,259.586274
3.0,3,259.596834
9.0,9,259.617211
8.0,8,259.638985
3.0,3,259.652562
13.0,13,259.676955
4.0,4,259.698076
3.0,3,264.190322
3.0,3,264.202174
9.0,9,264.221179
10.0,10,264.244279
4.0,4,264.258547
4.0,4,264.270572
3.0,3,264.278221
3.0,3,264.287228
6.0,6,264.301291
5.0,5,264.314136
3.0,3,264.324659
4.0,4,264.334786
3.0,3,264.343331
3.0,3,264.351549
4.0,4,264.360928
5.0,5,264.375897
4.0,4,264.387391
4.0,4,264.399623
6.0,6,264.414582
3.0,3,264.424587
7.0,7,264.44218
3.0,3,264.452014
3.0,3,269.06119
5.0,5,269.07605
8.0,8,269.090542
4.0,4,269.099374
3.0,3,269.108378
5.0,5,269.122143
4.0,4,269.132328
6.0,6,269.144965
20.0,20,269.182207
5.0,5,269.201959
5.0,5,269.21416
6.0,6,269.228078
7.0,7,269.245379
4.0,4,269.256693
3.0,3,269.266012
7.0,7,269.281669
3.0,3,269.289115
3.0,3,269.295024
3.0,3,273.912068
3.0,3,273.921588
3.0,3,273.929705
22.0,22,273.969223
3.0,3,273.984714
3.0,3,273.991324
4.0,4,274.00067
9.0,9,274.019687
3.0,3,274.028745
3.0,3,274.038516
3.0,3,274.044148
5.0,5,274.056214
8.0,8,274.073349
5.0,5,274.084585
9.0,9,274.100081
3.0,3,274.107363
4.0,4,274.117196
6.0,6,274.131925
6.0,6,278.727731
7.0,7,278.745561
10.0,10,278.769429
4.0,4,278.784849
4.0,4,278.796237
4.0,4,278.807446
10.0,10,278.828422
12.0,12,278.856681
3.0,3,278.869831
6.0,6,278.88006
3.0,3,278.886747
6.0,6,278.901595
3.0,3,278.911849
3.0,3,278.921345
6.0,6,278.934872
10.0,10,278.955874
3.0,3,278.965906
3.0,3,283.601955
12.0,12,283.626874
3.0,3,283.638201
5.0,5,283.653102
9.0,9,283.677827
3.0,3,283.689067
14.0,14,283.715932
10.0,10,283.740137
6.0,6,283.756906
3.0,3,283.767418
7.0,7,283.782062
16.0,16,283.815432
3.0,3,283.830566
11.0,11,288.554134
3.0,3,288.567506
4.0,4,288.578322
6.0,6,288.593269
9.0,9,288.612458
4.0,4,288.624628
11.0,11,288.649495
11.0,11,288.671853
3.0,3,288.686207
8.0,8,288.706307
11.0,11,288.735046
4.0,4,288.748987
4.0,4,288.760227
6.0,6,288.776923
17.0,17,293.519723
3.0,3,293.532578
8.0,8,293.553302
4.0,4,293.56935
5.0,5,293.584211
8.0,8,293.604473
8.0,8,293.627284
9.0,9,293.649359
4.0,4,293.662028
4.0,4,293.67274
4.0,4,293.684517
9.0,9,293.708452
8.0,8,293.732915
3.0,3,293.74373
3.0,3,293.751316
5.0,5,293.767534
3.0,3,293.77849
10.0,10,298.599818
3.0,3,298.615636
8.0,8,298.633984
7.0,7,298.652428
12.0,12,298.678076
3.0,3,298.688694
3.0,3,298.695113
6.0,6,298.708053
5.0,5,298.719701
4.0,4,298.729246
3.0,3,298.740973
3.0,3,298.75119
3.0,3,298.76277
10.0,10,298.786114
6.0,6,298.806432
4.0,4,298.815583
4.0,4,298.828293
4.0,4,298.838194
7.0,7,298.857294
20.0,20,303.555784
7.0,7,303.578535
5.0,5,303.593683
5.0,5,303.607853
6.0,6,303.622372
9.0,9,303.641893
3.0,3,303.654036
3.0,3,303.663491
12.0,12,303.686586
9.0,9,303.70812
17.0,17,303.744043
10.0,10,308.435268
4.0,4,308.448408
5.0,5,308.458984
3.0,3,308.466429
13.0,13,308.488837
9.0,9,308.509275
3.0,3,308.521438
5.0,5,308.533204
16.0,16,308.567508
4.0,4,308.586579
5.0,5,308.599664
4.0,4,308.610727
8.0,8,308.628743
3.0,3,308.640196
3.0,3,308.649161
3.0,3,308.657401
5.0,5,308.669228
7.0,7,313.344248
10.0,10,313.366091
3.0,3,313.375676
3.0,3,313.385912
8.0,8,313.404866
7.0,7,313.423598
3.0,3,313.434379
3.0,3,313.444603
5.0,5,313.455348
3.0,3,313.464764
7.0,7,313.477585
4.0,4,313.486356
6.0,6,313.497641
4.0,4,313.505221
5.0,5,313.517424
10.0,10,313.54179
3.0,3,313.553312
4.0,4,313.564237
5.0,5,313.576773
4.0,4,318.38368
3.0,3,318.392848
4.0,4,318.402638
3.0,3,318.410326
8.0,8,318.42963
5.0,5,318.445406
4.0,4,318.457268
4.0,4,318.46811
4.0,4,318.480319
4.0,4,318.491081
3.0,3,318.499211
4.0,4,318.508249
5.0,5,318.520391
4.0,4,318.531288
4.0,4,318.53727
4.0,4,318.546288
3.0,3,318.556738
4.0,4,318.567558
6.0,6,318.576528
6.0,6,318.590961
7.0,7,318.608513
10.0,10,318.632593
4.0,4,323.469128
15.0,15,323.49713
4.0,4,323.512398
4.0,4,323.52211
4.0,4,323.532854
4.0,4,323.544144
4.0,4,323.554932
11.0,11,323.576762
4.0,4,323.591655
3.0,3,323.600518
6.0,6,323.616672
4.0,4,323.629813
4.0,4,323.642129
3.0,3,323.651407
6.0,6,323.665772
7.0,7,323.680082
4.0,4,323.692871
7.0,7,323.705587
7.0,7,328.607258
4.0,4,328.622048
3.0,3,328.633309
3.0,3,328.642917
3.0,3,328.650024
5.0,5,328.664915
6.0,6,328.678983
7.0,7,328.696663
6.0,6,328.711273
3.0,3,328.722992
3.0,3,328.734451
9.0,9,328.750293
12.0,12,328.781384
4.0,4,328.797102
6.0,6,328.810225
6.0,6,328.824843
8.0,8,328.847006
6.0,6,328.866317
7.0,7,333.951047
14.0,14,333.982966
6.0,6,334.003283
8.0,8,334.024691
9.0,9,334.04961
4.0,4,334.065296
4.0,4,334.078349
6.0,6,334.0957
3.0,3,334.108134
22.0,22,334.151119
16.0,16,334.1849
3.0,3,339.359277
17.0,17,339.403002
4.0,4,339.41961
5.0,5,339.431235
3.0,3,339.442074
3.0,3,339.453146
9.0,9,339.473851
5.0,5,339.491749
8.0,8,339.516139
4.0,4,339.531019
5.0,5,339.546127
3.0,3,339.558224
3.0,3,339.569437
5.0,5,339.583528
4.0,4,339.597808
3.0,3,339.6094
5.0,5,339.62279
5.0,5,339.635496
7.0,7,339.65562
4.0,4,344.862027
5.0,5,344.875591
5.0,5,344.889977
8.0,8,344.909398
4.0,4,344.921686
3.0,3,344.932092
8.0,8,344.950783
8.0,8,344.973717
6.0,6,344.993516
3.0,3,345.001423
13.0,13,345.027481
4.0,4,345.044821
18.0,18,345.079726
7.0,7,345.104817
3.0,3,345.11764
3.0,3,350.241654
3.0,3,350.250522
8.0,8,350.270981
9.0,9,350.29147
3.0,3,350.305719
3.0,3,350.31609
5.0,5,350.330662
7.0,7,350.346913
4.0,4,350.360105
8.0,8,350.380566
4.0,4,350.389634
8.0,8,350.404739
3.0,3,350.415381
7.0,7,350.432194
3.0,3,350.446271
7.0,7,350.458985
3.0,3,350.472087
3.0,3,350.481714
8.0,8,350.501525
4.0,4,355.734642
10.0,10,355.758572
6.0,6,355.776765
13.0,13,355.80562
10.0,10,355.83184
3.0,3,355.843462
3.0,3,355.854812
4.0,4,355.864488
11.0,11,355.884335
5.0,5,355.899698
4.0,4,355.913283
4.0,4,355.92249
4.0,4,355.933191
9.0,9,355.952125
7.0,7,355.970414
4.0,4,355.982728
4.0,4,361.240503
8.0,8,361.258214
4.0,4,361.273206
15.0,15,361.303441
3.0,3,361.321961
3.0,3,361.332257
4.0,4,361.342773
5.0,5,361.355227
4.0,4,361.365962
9.0,9,361.383843
3.0,3,361.397558
5.0,5,361.410144
8.0,8,361.429858
7.0,7,361.449839
3.0,3,361.460272
10.0,10,361.47672
6.0,6,361.48983
3.0,3,366.864546
7.0,7,366.880742
3.0,3,366.890599
5.0,5,366.902336
3.0,3,366.912219
9.0,9,366.930252
5.0,5,366.944922
7.0,7,366.960179
4.0,4,366.972617
3.0,3,366.984739
15.0,15,367.004117
4.0,4,367.021388
6.0,6,367.033732
5.0,5,367.049413
3.0,3,367.059885
6.0,6,367.06955
3.0,3,367.076231
3.0,3,367.0855
3.0,3,367.095503
5.0,5,372.4383
7.0,7,372.453325
9.0,9,372.476954
4.0,4,372.489592
4.0,4,372.497888
5.0,5,372.510986
3.0,3,372.517722
3.0,3,372.522861
6.0,6,372.530954
5.0,5,372.539475
5.0,5,372.553144
13.0,13,372.581109
3.0,3,372.593935
4.0,4,372.60331
7.0,7,372.618459
4.0,4,372.628983
5.0,5,372.641478
3.0,3,372.652692
9.0,9,372.672967
3.0,3,378.004396
6.0,6,378.014986
3.0,3,378.022314
3.0,3,378.034008
7.0,7,378.049863
3.0,3,378.055911
9.0,9,378.06816
3.0,3,378.076214
4.0,4,378.084804
3.0,3,378.090117
5.0,5,378.096873
13.0,13,378.115366
3.0,3,378.130041
7.0,7,378.141783
13.0,13,378.165075
8.0,8,378.185459
5.0,5,378.197645
4.0,4,383.6492
4.0,4,383.661253
10.0,10,383.685425
3.0,3,383.697515
4.0,4,383.706928
3.0,3,383.719286
7.0,7,383.734911
6.0,6,383.75367
11.0,11,383.772125
3.0,3,383.78574
13.0,13,383.811678
4.0,4,383.830174
4.0,4,383.840155
4.0,4,383.851181
4.0,4,383.865915
4.0,4,383.877641
3.0,3,383.886648
5.0,5,383.897672
3.0,3,383.908555
3.0,3,383.917286
4.0,4,389.49034
3.0,3,389.501683
4.0,4,389.512261
3.0,3,389.517699
9.0,9,389.534145
9.0,9,389.556965
13.0,13,389.584923
3.0,3,389.599766
8.0,8,389.618288
3.0,3,389.623935
7.0,7,389.636012
11.0,11,389.662497
7.0,7,389.679466
4.0,4,389.690477
5.0,5,389.70296
4.0,4,389.71689
4.0,4,395.309991
3.0,3,395.321259
4.0,4,395.332877
3.0,3,395.341998
8.0,8,395.362664
5.0,5,395.381001
6.0,6,395.40116
6.0,6,395.420012
12.0,12,395.449201
3.0,3,395.461887
5.0,5,395.477219
3.0,3,395.489221
5.0,5,395.505192
14.0,14,395.537603
3.0,3,395.554407
3.0,3,395.562536
3.0,3,395.571841
10.0,10,395.592898
8.0,8,401.252614
5.0,5,401.266965
6.0,6,401.282923
4.0,4,401.298923
12.0,12,401.32886
5.0,5,401.345548
3.0,3,401.357944
7.0,7,401.374895
7.0,7,401.397275
5.0,5,401.409765
7.0,7,401.427228
14.0,14,401.459631
7.0,7,401.482076
5.0,5,401.494011
4.0,4,401.506988
6.0,6,407.191113
6.0,6,407.210242
4.0,4,407.224465
3.0,3,407.234686
4.0,4,407.242618
3.0,3,407.255762
6.0,6,407.270137
4.0,4,407.283329
17.0,17,407.313815
3.0,3,407.325538
4.0,4,407.33915
3.0,3,407.350954
3.0,3,407.357764
5.0,5,407.373635
5.0,5,407.389649
5.0,5,407.401742
5.0,5,407.418862
4.0,4,407.434117
5.0,5,407.445931
14.0,14,413.177793
10.0,10,413.210044
3.0,3,413.22653
4.0,4,413.236271
4.0,4,413.249024
4.0,4,413.262004
6.0,6,413.280196
4.0,4,413.29166
3.0,3,413.300452
11.0,11,413.330709
13.0,13,413.357665
8.0,8,413.384431
10.0,10,413.408326
8.0,8,413.428102
5.0,5,413.44395
3.0,3,419.17794
3.0,3,419.18655
3.0,3,419.195152
3.0,3,419.207588
4.0,4,419.218356
3.0,3,419.228019
3.0,3,419.237549
3.0,3,419.248518
5.0,5,419.257287
8.0,8,419.274695
4.0,4,419.285303
11.0,11,419.308826
5.0,5,419.32689
3.0,3,419.337426
4.0,4,419.345392
5.0,5,419.355139
5.0,5,419.361345
12.0,12,419.382581
18.0,18,425.140753
3.0,3,425.151665
7.0,7,425.161945
10.0,10,425.184486
7.0,7,425.199842
6.0,6,425.214699
3.0,3,425.22189
4.0,4,425.230495
5.0,5,425.246083
4.0,4,425.259395
4.0,4,425.27038
9.0,9,425.292221
4.0,4,425.306656
9.0,9,425.326779
5.0,5,425.340637
8.0,8,425.361303
3.0,3,425.371964
9.0,9,431.173904
8.0,8,431.193421
6.0,6,431.209527
4.0,4,431.221505
10.0,10,431.237262
5.0,5,431.252033
12.0,12,431.280483
4.0,4,431.293636
5.0,5,431.306225
8.0,8,431.323873
4.0,4,431.336764
9.0,9,431.359669
7.0,7,431.378474
5.0,5,431.390707
8.0,8,431.407318
4.0,4,437.260662
3.0,3,437.27238
5.0,5,437.283605
6.0,6,437.294813
11.0,11,437.310363
3.0,3,437.319297
3.0,3,437.324012
5.0,5,437.337397
3.0,3,437.349378
8.0,8,437.367184
7.0,7,437.387394
4.0,4,437.400896
5.0,5,437.411179
8.0,8,437.423295
5.0,5,437.433732
3.0,3,437.444528
7.0,7,437.458262
6.0,6,437.475538
3.0,3,437.488842
4.0,4,443.433152
10.0,10,443.450561
15.0,15,443.486943
3.0,3,443.504441
4.0,4,443.51547
5.0,5,443.533095
4.0,4,443.541439
9.0,9,443.560388
8.0,8,443.576616
3.0,3,443.590015
3.0,3,443.598972
3.0,3,443.606072
3.0,3,443.616772
10.0,10,443.634778
6.0,6,443.656591
6.0,6,443.670302
3.0,3,443.682955
5.0,5,449.62274
7.0,7,449.637259
4.0,4,449.649585
3.0,3,449.661469
3.0,3,449.670252
8.0,8,449.690814
9.0,9,449.71286
3.0,3,449.725135
4.0,4,449.737469
3.0,3,449.749765
4.0,4,449.76234
3.0,3,449.769946
4.0,4,449.781669
3.0,3,449.791938
3.0,3,449.80054
13.0,13,449.822489
3.0,3,449.833296
4.0,4,449.842788
9.0,9,449.857182
4.0,4,449.872533
8.0,8,455.97451
8.0,8,455.990757
6.0,6,456.007959
3.0,3,456.017952
3.0,3,456.025866
5.0,5,456.03882
8.0,8,456.056066
7.0,7,456.072275
4.0,4,456.085775
4.0,4,456.097485
3.0,3,456.106894
10.0,10,456.12727
3.0,3,456.137717
3.0,3,456.14608
3.0,3,456.154681
4.0,4,456.165033
3.0,3,456.174959
15.0,15,456.206012
3.0,3,456.219073
3.0,3,462.287224
6.0,6,462.302334
8.0,8,462.317317
6.0,6,462.32968
3.0,3,462.337588
3.0,3,462.348601
4.0,4,462.359735
9.0,9,462.376113
7.0,7,462.394251
3.0,3,462.403946
5.0,5,462.416733
4.0,4,462.426771
6.0,6,462.441752
4.0,4,462.45096
11.0,11,462.474293
6.0,6,462.492702
4.0,4,462.503824
12.0,12,468.602723
3.0,3,468.612771
3.0,3,468.620803
3.0,3,468.629232
5.0,5,468.641881
3.0,3,468.653901
4.0,4,468.662869
7.0,7,468.677019
4.0,4,468.693428
3.0,3,468.703048
3.0,3,468.71189
3.0,3,468.720564
4.0,4,468.731628
9.0,9,468.750185
3.0,3,468.761314
8.0,8,468.778045
3.0,3,468.792388
4.0,4,468.802773
4.0,4,468.815038
3.0,3,468.82482
7.0,7,468.842472
11.0,11,468.871375
5.0,5,475.026021
3.0,3,475.037032
11.0,11,475.058437
3.0,3,475.069339
3.0,3,475.07992
5.0,5,475.093678
3.0,3,475.103142
6.0,6,475.115596
6.0,6,475.132162
16.0,16,475.168684
3.0,3,475.184523
12.0,12,475.206142
4.0,4,475.216332
7.0,7,475.229848
7.0,7,475.245587
17.0,17,481.463972
7.0,7,481.490668
3.0,3,481.498455
4.0,4,481.508698
9.0,9,481.533495
3.0,3,481.548674
4.0,4,481.559109
3.0,3,481.567594
3.0,3,481.578341
11.0,11,481.60124
6.0,6,481.623086
4.0,4,481.630252
11.0,11,481.654539
6.0,6,481.666778
6.0,6,481.682536
5.0,5,481.695054
6.0,6,487.970407
3.0,3,487.978538
4.0,4,487.987366
4.0,4,487.997591
3.0,3,488.006168
7.0,7,488.021466
3.0,3,488.031485
6.0,6,488.044846
10.0,10,488.06819
5.0,5,488.086029
5.0,5,488.096725
5.0,5,488.108242
3.0,3,488.119937
5.0,5,488.127201
9.0,9,488.139635
3.0,3,488.149253
3.0,3,488.158448
3.0,3,488.169151
6.0,6,488.184706
5.0,5,488.198887
12.0,12,494.489324
5.0,5,494.504228
7.0,7,494.520459
9.0,9,494.53574
8.0,8,494.559154
14.0,14,494.586758
4.0,4,494.603244
5.0,5,494.616086
8.0,8,494.634413
3.0,3,494.639285
6.0,6,494.649195
3.0,3,494.655313
7.0,7,494.667612
4.0,4,494.676095
3.0,3,494.68635
3.0,3,494.694073
6.0,6,494.706323
9.0,9,501.056822
3.0,3,501.071689
3.0,3,501.083315
3.0,3,501.093954
4.0,4,501.106977
4.0,4,501.119962
3.0,3,501.131401
4.0,4,501.144024
3.0,3,501.153377
13.0,13,501.181283
3.0,3,501.198251
7.0,7,501.218726
10.0,10,501.241868
7.0,7,501.2585
7.0,7,501.275446
14.0,14,501.309602
10.0,10,507.729751
7.0,7,507.751272
4.0,4,507.765939
6.0,6,507.784622
5.0,5,507.801893
4.0,4,507.813767
7.0,7,507.831309
5.0,5,507.847129
3.0,3,507.857676
15.0,15,507.884253
11.0,11,507.910361
10.0,10,507.935104
5.0,5,507.948808
8.0,8,507.966125
3.0,3,507.977977
4.0,4,514.35048
4.0,4,514.360925
4.0,4,514.369526
7.0,7,514.383034
3.0,3,514.394711
5.0,5,514.407245
4.0,4,514.420125
6.0,6,514.436095
3.0,3,514.441102
3.0,3,514.449429
3.0,3,514.458393
5.0,5,514.473176
7.0,7,514.490294
3.0,3,514.499856
5.0,5,514.512378
7.0,7,514.530299
5.0,5,514.545566
4.0,4,514.553951
4.0,4,514.560884
4.0,4,514.566592
4.0,4,514.578088
11.0,11,520.977376
4.0,4,520.992209
4.0,4,521.000125
13.0,13,521.01979
4.0,4,521.027062
4.0,4,521.037973
4.0,4,521.050902
3.0,3,521.062555
4.0,4,521.072593
3.0,3,521.080808
3.0,3,521.09208
9.0,9,521.107094
3.0,3,521.121621
4.0,4,521.133639
11.0,11,521.155787
5.0,5,521.172274
4.0,4,521.180954
5.0,5,521.189782
5.0,5,521.205413
3.0,3,521.215248
12.0,12,527.701892
4.0,4,527.715152
8.0,8,527.735025
7.0,7,527.753744
3.0,3,527.766898
4.0,4,527.776549
8.0,8,527.798229
3.0,3,527.812824
5.0,5,527.827672
6.0,6,527.844642
7.0,7,527.858158
3.0,3,527.872605
3.0,3,527.882369
6.0,6,527.899716
5.0,5,527.915169
11.0,11,527.940859
21.0,21,534.493812
6.0,6,534.518199
3.0,3,534.529163
3.0,3,534.538384
4.0,4,534.549806
3.0,3,534.560072
3.0,3,534.567772
4.0,4,534.578901
3.0,3,534.589005
6.0,6,534.605558
3.0,3,534.615646
4.0,4,534.629507
3.0,3,534.637742
4.0,4,534.648607
3.0,3,534.658763
5.0,5,534.673444
4.0,4,534.685273
4.0,4,534.694487
9.0,9,534.71156
3.0,3,534.727227
4.0,4,534.740021
8.0,8,541.259756
6.0,6,541.27754
4.0,4,541.283741
3.0,3,541.288681
6.0,6,541.296315
4.0,4,541.310321
3.0,3,541.320427
4.0,4,541.331136
5.0,5,541.346052
5.0,5,541.360075
8.0,8,541.383828
4.0,4,541.396319
6.0,6,541.41156
14.0,14,541.441848
3.0,3,541.453328
20.0,20,541.483806
3.0,3,547.992206
4.0,4,547.998959
5.0,5,548.007772
9.0,9,548.021265
9.0,9,548.043879
5.0,5,548.060951
4.0,4,548.071638
4.0,4,548.080449
4.0,4,548.091151
4.0,4,548.102322
13.0,13,548.129666
6.0,6,548.15047
4.0,4,548.160517
3.0,3,548.167569
7.0,7,548.1844
4.0,4,548.194213
3.0,3,548.203552
3.0,3,548.211454
3.0,3,548.217263
10.0,10,554.781431
4.0,4,554.79578
3.0,3,554.806308
15.0,15,554.840706
3.0,3,554.856615
5.0,5,554.868632
4.0,4,554.879859
5.0,5,554.895537
6.0,6,554.912506
6.0,6,554.926884
6.0,6,554.94311
12.0,12,554.970589
12.0,12,554.995434
6.0,6,555.018139
3.0,3,555.028462
4.0,4,561.772534
3.0,3,561.777528
11.0,11,561.799901
3.0,3,561.809875
9.0,9,561.829234
4.0,4,561.845446
4.0,4,561.856161
3.0,3,561.863276
5.0,5,561.880702
3.0,3,561.893141
10.0,10,561.916071
5.0,5,561.924003
3.0,3,561.935842
5.0,5,561.950428
3.0,3,561.961018
3.0,3,561.971855
3.0,3,561.985436
3.0,3,561.995333
5.0,5,562.00928
12.0,12,562.035663
6.0,6,568.795943
11.0,11,568.821074
8.0,8,568.838424
4.0,4,568.850571
7.0,7,568.857939
4.0,4,568.863315
9.0,9,568.877181
3.0,3,568.888602
5.0,5,568.902419
13.0,13,568.92688
5.0,5,568.942396
4.0,4,568.950236
4.0,4,568.957442
3.0,3,568.969722
3.0,3,568.976579
3.0,3,568.981467
4.0,4,568.992265
7.0,7,575.597428
3.0,3,575.605272
3.0,3,575.614862
5.0,5,575.626055
4.0,4,575.635094
3.0,3,575.645968
3.0,3,575.655319
4.0,4,575.665795
11.0,11,575.687246
5.0,5,575.700622
3.0,3,575.708418
9.0,9,575.731358
8.0,8,575.754438
5.0,5,575.767322
7.0,7,575.779734
3.0,3,575.787737
5.0,5,575.795835
3.0,3,575.802132
7.0,7,575.812799
11.0,11,582.823766
7.0,7,582.844207
7.0,7,582.86351
5.0,5,582.876369
4.0,4,582.891582
6.0,6,582.906475
5.0,5,582.923613
3.0,3,582.93626
11.0,11,582.965425
4.0,4,582.983433
5.0,5,582.991126
5.0,5,583.005092
6.0,6,583.021899
4.0,4,583.031447
6.0,6,583.04379
8.0,8,583.066964
4.0,4,583.083479
8.0,8,589.980494
7.0,7,590.000659
6.0,6,590.015432
3.0,3,590.027183
8.0,8,590.043253
6.0,6,590.059548
9.0,9,590.077702
5.0,5,590.089783
3.0,3,590.098049
4.0,4,590.108055
12.0,12,590.127556
6.0,6,590.139332
9.0,9,590.159821
9.0,9,590.182031
7.0,7,590.193043
3.0,3,590.200663
3.0,3,597.058314
14.0,14,597.082802
3.0,3,597.096765
5.0,5,597.106461
16.0,16,597.135755
3.0,3,597.149903
7.0,7,597.168822
15.0,15,597.197916
3.0,3,597.215873
3.0,3,597.22227
3.0,3,597.230766
4.0,4,597.243483
11.0,11,597.264034
9.0,9,597.286911
4.0,4,604.216552
3.0,3,604.228949
5.0,5,604.241586
13.0,13,604.274144
5.0,5,604.290938
6.0,6,604.309093
3.0,3,604.318002
4.0,4,604.335613
10.0,10,604.356321
4.0,4,604.372913
5.0,5,604.386222
3.0,3,604.396762
7.0,7,604.411915
5.0,5,604.4288
5.0,5,604.443453
3.0,3,604.452522
7.0,7,604.467235
6.0,6,604.486862
6.0,6,611.473257
5.0,5,611.487274
3.0,3,611.498441
4.0,4,611.509385
5.0,5,611.521744
5.0,5,611.538146
4.0,4,611.547895
6.0,6,611.562604
5.0,5,611.579804
4.0,4,611.590469
5.0,5,611.602941
7.0,7,611.622271
9.0,9,611.643067
9.0,9,611.66546
5.0,5,611.678164
8.0,8,611.697382
4.0,4,611.710174
4.0,4,611.722542
4.0,4,611.73269
4.0,4,618.744233
4.0,4,618.755316
5.0,5,618.764162
3.0,3,618.774993
5.0,5,618.790426
7.0,7,618.805193
8.0,8,618.826901
3.0,3,618.836719
3.0,3,618.847013
5.0,5,618.862461
3.0,3,618.871422
3.0,3,618.881313
5.0,5,618.895272
3.0,3,618.902569
3.0,3,618.908078
8.0,8,618.919601
4.0,4,618.935542
7.0,7,618.950051
5.0,5,618.962847
3.0,3,618.969089
4.0,4,618.977466
4.0,4,618.989244
3.0,3,618.997739
4.0,4,626.109421
8.0,8,626.128756
6.0,6,626.144047
5.0,5,626.161254
3.0,3,626.173791
4.0,4,626.185287
3.0,3,626.19407
5.0,5,626.207438
5.0,5,626.217527
8.0,8,626.238208
3.0,3,626.255716
3.0,3,626.264332
3.0,3,626.275949
6.0,6,626.293119
6.0,6,626.307973
4.0,4,626.322647
12.0,12,626.346422
3.0,3,626.358805
3.0,3,626.369123
4.0,4,626.375988
8.0,8,633.506446
5.0,5,633.524829
4.0,4,633.536368
6.0,6,633.555356
8.0,8,633.57444
7.0,7,633.595742
5.0,5,633.610503
5.0,5,633.625322
8.0,8,633.643115
4.0,4,633.65922
3.0,3,633.668807
4.0,4,633.679725
4.0,4,633.692254
3.0,3,633.699438
8.0,8,633.707668
4.0,4,633.713583
6.0,6,633.721288
12.0,12,640.810512
5.0,5,640.829911
5.0,5,640.844435
9.0,9,640.870067
4.0,4,640.885736
4.0,4,640.899001
4.0,4,640.910468
4.0,4,640.923915
6.0,6,640.941706
5.0,5,640.957262
9.0,9,640.98051
7.0,7,640.999289
3.0,3,641.013088
6.0,6,641.025602
4.0,4,641.03975
5.0,5,641.053208
4.0,4,641.068165
5.0,5,641.078848
3.0,3,641.089197
12.0,12,648.372166
7.0,7,648.396643
9.0,9,648.420902
3.0,3,648.434661
3.0,3,648.442057
4.0,4,648.455789
4.0,4,648.466729
6.0,6,648.482978
5.0,5,648.491333
8.0,8,648.513365
4.0,4,648.525966
9.0,9,648.54612
9.0,9,648.569143
6.0,6,648.592242
3.0,3,648.602328
10.0,10,648.623447
4.0,4,648.636957
4.0,4,655.749337
8.0,8,655.769624
4.0,4,655.782402
13.0,13,655.806442
10.0,10,655.823649
5.0,5,655.836746
7.0,7,655.852307
4.0,4,655.866892
5.0,5,655.873351
12.0,12,655.89563
3.0,3,655.909146
3.0,3,655.918394
5.0,5,655.9287
2.0,2,655.935038
9.0,9,655.953943
3.0,3,655.964752
4.0,4,655.976217
8.0,8,663.227993
3.0,3,663.240442
5.0,5,663.252685
3.0,3,663.262685
5.0,5,663.275337
17.0,17,663.306246
4.0,4,663.325698
7.0,7,663.343401
5.0,5,663.360856
7.0,7,663.37603
3.0,3,663.38577
3.0,3,663.395707
7.0,7,663.415112
5.0,5,663.427843
3.0,3,663.435661
6.0,6,663.452461
8.0,8,663.470403
5.0,5,670.886181
4.0,4,670.89905
3.0,3,670.916014
8.0,8,670.936133
4.0,4,670.951369
4.0,4,670.961848
3.0,3,670.971224
10.0,10,670.994997
5.0,5,671.01051
4.0,4,671.020356
4.0,4,671.029247
3.0,3,671.035316
4.0,4,671.042346
4.0,4,671.051335
3.0,3,671.061782
3.0,3,671.070478
4.0,4,671.081036
7.0,7,671.097159
3.0,3,671.110979
4.0,4,671.119876
3.0,3,671.126867
4.0,4,671.136616
4.0,4,671.147262
3.0,3,678.452057
3.0,3,678.460713
5.0,5,678.474071
4.0,4,678.488585
5.0,5,678.501169
4.0,4,678.513468
3.0,3,678.523756
3.0,3,678.531652
4.0,4,678.540207
4.0,4,678.551013
4.0,4,678.565215
7.0,7,678.583219
7.0,7,678.601852
3.0,3,678.612373
5.0,5,678.625545
3.0,3,678.638969
8.0,8,678.657343
5.0,5,678.673871
5.0,5,678.689328
4.0,4,678.702706
6.0,6,678.717964
3.0,3,678.728188
3.0,3,678.736831
4.0,4,686.259622
5.0,5,686.27298
13.0,13,686.303393
3.0,3,686.320306
4.0,4,686.332241
3.0,3,686.341352
6.0,6,686.356709
6.0,6,686.368073
3.0,3,686.376733
7.0,7,686.393932
5.0,5,686.405323
4.0,4,686.413629
4.0,4,686.424901
7.0,7,686.443277
5.0,5,686.461379
18.0,18,686.501296
4.0,4,693.889894
5.0,5,693.903816
7.0,7,693.921175
6.0,6,693.936875
10.0,10,693.954127
9.0,9,693.970993
3.0,3,693.983635
5.0,5,693.994658
13.0,13,694.015391
12.0,12,694.034302
4.0,4,694.045121
5.0,5,694.055587
8.0,8,694.073102
7.0,7,694.093879
4.0,4,694.10671
3.0,3,701.501168
9.0,9,701.525692
5.0,5,701.541506
6.0,6,701.558255
10.0,10,701.579402
9.0,9,701.600307
3.0,3,701.614424
8.0,8,701.629857
5.0,5,701.64578
5.0,5,701.661442
3.0,3,701.670127
3.0,3,701.681818
3.0,3,701.692627
3.0,3,701.705399
3.0,3,701.712991
7.0,7,701.729228
7.0,7,701.746912
5.0,5,701.764856
4.0,4,701.77739
3.0,3,709.457343
6.0,6,709.472966
5.0,5,709.486622
3.0,3,709.495978
8.0,8,709.513818
5.0,5,709.526088
3.0,3,709.536883
5.0,5,709.549217
6.0,6,709.562898
13.0,13,709.582656
15.0,15,709.618292
4.0,4,709.634728
8.0,8,709.651386
7.0,7,709.668463
3.0,3,709.681175
8.0,8,717.250281
6.0,6,717.266206
3.0,3,717.272021
13.0,13,717.293485
3.0,3,717.300504
8.0,8,717.319963
10.0,10,717.343366
7.0,7,717.360114
4.0,4,717.371985
6.0,6,717.388932
3.0,3,717.395661
3.0,3,717.402248
8.0,8,717.413749
6.0,6,717.428048
4.0,4,717.440761
4.0,4,717.450211
7.0,7,717.462689
10.0,10,725.201901
9.0,9,725.22535
8.0,8,725.250293
6.0,6,725.268406
3.0,3,725.281678
7.0,7,725.299952
7.0,7,725.321206
12.0,12,725.345217
4.0,4,725.363587
6.0,6,725.375725
5.0,5,725.392799
3.0,3,725.400195
7.0,7,725.418842
9.0,9,725.443997
5.0,5,725.456021
4.0,4,733.065578
4.0,4,733.079454
8.0,8,733.093783
14.0,14,733.12098
5.0,5,733.137499
5.0,5,733.152489
7.0,7,733.167678
11.0,11,733.183675
5.0,5,733.194284
6.0,6,733.211615
17.0,17,733.249337
4.0,4,733.265966
6.0,6,733.275521
5.0,5,733.288008
3.0,3,741.066785
18.0,18,741.105058
3.0,3,741.125109
3.0,3,741.13386
4.0,4,741.145763
6.0,6,741.159266
4.0,4,741.16977
10.0,10,741.197467
3.0,3,741.211997
4.0,4,741.226208
12.0,12,741.247289
4.0,4,741.261601
7.0,7,741.277151
5.0,5,741.29577
5.0,5,741.311901
5.0,5,741.328784
3.0,3,741.339315
4.0,4,749.052941
7.0,7,749.069912
4.0,4,749.082444
3.0,3,749.092883
5.0,5,749.105593
3.0,3,749.114694
9.0,9,749.130384
4.0,4,749.142725
6.0,6,749.158889
3.0,3,749.167922
9.0,9,749.188521
5.0,5,749.202588
3.0,3,749.212857
5.0,5,749.222595
7.0,7,749.237059
11.0,11,749.260796
13.0,13,749.293122
3.0,3,757.123531
10.0,10,757.148593
6.0,6,757.168737
11.0,11,757.196498
7.0,7,757.219364
8.0,8,757.240505
5.0,5,757.255936
5.0,5,757.271277
3.0,3,757.284143
5.0,5,757.294625
6.0,6,757.307053
3.0,3,757.320601
4.0,4,757.330298
3.0,3,757.338484
4.0,4,757.34699
9.0,9,757.367636
3.0,3,757.381438
13.0,13,765.252573
3.0,3,765.267469
4.0,4,765.280959
3.0,3,765.289847
3.0,3,765.298728
8.0,8,765.31881
9.0,9,765.339146
3.0,3,765.346685
6.0,6,765.358432
4.0,4,765.36883
3.0,3,765.378161
11.0,11,765.399507
3.0,3,765.411269
3.0,3,765.418724
3.0,3,765.429983
4.0,4,765.439508
5.0,5,765.450356
7.0,7,765.466114
4.0,4,765.482185
7.0,7,765.496854
3.0,3,773.246445
6.0,6,773.264677
10.0,10,773.291973
3.0,3,773.304841
8.0,8,773.325195
16.0,16,773.359716
7.0,7,773.385375
7.0,7,773.399643
5.0,5,773.415586
4.0,4,773.424233
7.0,7,773.44183
3.0,3,773.450236
8.0,8,773.464464
3.0,3,773.476817
7.0,7,773.493846
5.0,5,781.534854
9.0,9,781.556294
3.0,3,781.569513
3.0,3,781.580069
11.0,11,781.602972
19.0,19,781.64474
4.0,4,781.661508
5.0,5,781.675211
5.0,5,781.684037
4.0,4,781.694929
6.0,6,781.708928
9.0,9,781.724037
10.0,10,781.751468
4.0,4,781.766966
4.0,4,781.780029
4.0,4,789.599083
3.0,3,789.606168
5.0,5,789.621577
10.0,10,789.643836
11.0,11,789.67437
22.0,22,789.7228
18.0,18,789.772796
6.0,6,789.796231
4.0,4,789.811103
6.0,6,789.827362
4.0,4,789.84181
4.0,4,789.853211
3.0,3,789.865698
3.0,3,797.936959
8.0,8,797.957661
5.0,5,797.966097
7.0,7,797.979032
11.0,11,798.001399
6.0,6,798.013903
3.0,3,798.025571
7.0,7,798.043573
3.0,3,798.052486
4.0,4,798.062952
11.0,11,798.086387
4.0,4,798.101032
4.0,4,798.112123
6.0,6,798.125905
4.0,4,798.13799
3.0,3,798.15118
3.0,3,798.159492
22.0,22,806.175925
9.0,9,806.197777
6.0,6,806.214608
4.0,4,806.229247
8.0,8,806.251584
8.0,8,806.273257
3.0,3,806.286854
3.0,3,806.297056
6.0,6,806.309476
6.0,6,806.326768
8.0,8,806.351238
6.0,6,806.366391
13.0,13,806.401065
3.0,3,806.414655
16.0,16,814.606581
3.0,3,814.612831
22.0,22,814.638829
8.0,8,814.659386
3.0,3,814.671731
6.0,6,814.685668
6.0,6,814.702083
3.0,3,814.710407
3.0,3,814.71932
3.0,3,814.726336
3.0,3,814.738275
4.0,4,814.746863
8.0,8,814.765104
4.0,4,814.775182
6.0,6,814.788599
3.0,3,814.795719
5.0,5,822.750851
4.0,4,822.765393
5.0,5,822.777842
4.0,4,822.78903
11.0,11,822.815248
8.0,8,822.839826
5.0,5,822.855263
3.0,3,822.866715
6.0,6,822.882346
19.0,19,822.918713
3.0,3,822.936826
5.0,5,822.946555
7.0,7,822.964251
7.0,7,822.983628
3.0,3,822.995484
4.0,4,823.006478
11.0,11,831.227639
4.0,4,831.240909
4.0,4,831.25082
5.0,5,831.26334
11.0,11,831.290904
4.0,4,831.304935
5.0,5,831.316823
8.0,8,831.33149
5.0,5,831.346912
3.0,3,831.357862
5.0,5,831.370041
3.0,3,831.379103
7.0,7,831.397634
3.0,3,831.405051
4.0,4,831.414531
4.0,4,831.425993
4.0,4,831.435393
4.0,4,831.445878
3.0,3,831.454632
6.0,6,831.466192
18.0,18,839.589263
10.0,10,839.622521
5.0,5,839.64033
3.0,3,839.649866
4.0,4,839.660761
3.0,3,839.670587
9.0,9,839.693014
4.0,4,839.707409
4.0,4,839.720915
5.0,5,839.733183
4.0,4,839.746553
3.0,3,839.75364
6.0,6,839.772696
7.0,7,839.784993
6.0,6,839.801915
13.0,13,848.084739
7.0,7,848.107022
6.0,6,848.119442
8.0,8,848.135823
4.0,4,848.146906
3.0,3,848.154512
8.0,8,848.171058
4.0,4,848.18459
11.0,11,848.206558
10.0,10,848.232025
3.0,3,848.243369
5.0,5,848.255344
4.0,4,848.266439
6.0,6,848.283659
6.0,6,848.297039
4.0,4,848.309218
7.0,7,848.32463
4.0,4,856.566521
9.0,9,856.590191
5.0,5,856.60708
5.0,5,856.61862
9.0,9,856.637691
4.0,4,856.654502
3.0,3,856.662106
5.0,5,856.672962
4.0,4,856.687818
6.0,6,856.705944
12.0,12,856.723647
2.0,2,856.738049
6.0,6,856.753615
4.0,4,856.767712
3.0,3,856.779575
13.0,13,856.807041
5.0,5,856.824568
7.0,7,865.135708
3.0,3,865.148634
7.0,7,865.164487
3.0,3,865.17465
9.0,9,865.191919
9.0,9,865.214231
3.0,3,865.225949
3.0,3,865.234194
4.0,4,865.243362
10.0,10,865.264429
4.0,4,865.278185
4.0,4,865.292137
6.0,6,865.30705
13.0,13,865.335232
5.0,5,865.354654
8.0,8,865.37571
7.0,7,873.449905
15.0,15,873.479437
10.0,10,873.50297
4.0,4,873.518349
14.0,14,873.546435
5.0,5,873.564705
4.0,4,873.575818
3.0,3,873.585972
4.0,4,873.597116
4.0,4,873.60721
4.0,4,873.617621
3.0,3,873.628181
3.0,3,873.638161
5.0,5,873.650977
6.0,6,873.665658
4.0,4,873.678705
4.0,4,873.690512
11.0,11,881.814531
4.0,4,881.830093
3.0,3,881.840214
3.0,3,881.849272
4.0,4,881.859685
3.0,3,881.867792
3.0,3,881.877927
5.0,5,881.889405
8.0,8,881.90871
5.0,5,881.916013
3.0,3,881.922686
4.0,4,881.932007
8.0,8,881.945918
7.0,7,881.963123
5.0,5,881.972601
5.0,5,881.985722
3.0,3,881.995615
4.0,4,882.007541
3.0,3,882.01587
12.0,12,882.038312
6.0,6,890.173217
7.0,7,890.187487
5.0,5,890.203012
5.0,5,890.215654
3.0,3,890.224424
3.0,3,890.233654
3.0,3,890.243665
4.0,4,890.25493
3.0,3,890.263629
3.0,3,890.272435
25.0,25,890.31901
8.0,8,890.344857
7.0,7,890.355832
11.0,11,890.378944
3.0,3,890.392075
8.0,8,898.713241
4.0,4,898.727814
3.0,3,898.740175
3.0,3,898.750322
3.0,3,898.760165
4.0,4,898.767847
4.0,4,898.780536
7.0,7,898.798102
3.0,3,898.807925
23.0,23,898.848115
8.0,8,898.877699
3.0,3,898.892668
9.0,9,898.913821
4.0,4,898.926491
6.0,6,898.943249
4.0,4,898.955142
5.0,5,898.966959
4.0,4,898.97983
4.0,4,907.596237
4.0,4,907.604117
13.0,13,907.621386
3.0,3,907.634884
8.0,8,907.649444
5.0,5,907.664443
11.0,11,907.684507
5.0,5,907.694879
7.0,7,907.710799
6.0,6,907.726548
9.0,9,907.747335
7.0,7,907.766571
4.0,4,907.780513
15.0,15,907.81171
7.0,7,916.33131
3.0,3,916.344938
7.0,7,916.360092
8.0,8,916.383914
7.0,7,916.399993
6.0,6,916.413557
10.0,10,916.436633
7.0,7,916.458803
4.0,4,916.472503
5.0,5,916.483822
3.0,3,916.492243
7.0,7,916.506624
5.0,5,916.51989
3.0,3,916.531711
3.0,3,916.539645
8.0,8,916.559178
4.0,4,916.573429
3.0,3,916.584613
9.0,9,925.317562
6.0,6,925.333764
8.0,8,925.34942
7.0,7,925.366729
6.0,6,925.382279
7.0,7,925.402514
4.0,4,925.414908
3.0,3,925.42678
14.0,14,925.449013
5.0,5,925.467881
3.0,3,925.477787
4.0,4,925.486209
4.0,4,925.495763
3.0,3,925.504504
3.0,3,925.509789
3.0,3,925.515663
4.0,4,925.523845
7.0,7,925.543362
3.0,3,934.300988
3.0,3,934.312739
4.0,4,934.322606
11.0,11,934.350547
7.0,7,934.36887
3.0,3,934.381479
7.0,7,934.399005
3.0,3,934.413213
12.0,12,934.442017
3.0,3,934.455473
4.0,4,934.464045
4.0,4,934.47745
5.0,5,934.489483
3.0,3,934.5002
4.0,4,934.511547
9.0,9,934.532044
3.0,3,934.546562
3.0,3,934.557092
5.0,5,934.569587
3.0,3,934.581009
3.0,3,943.108832
4.0,4,943.118571
8.0,8,943.130836
9.0,9,943.145333
3.0,3,943.152133
5.0,5,943.164221
6.0,6,943.177795
3.0,3,943.189402
4.0,4,943.200008
20.0,20,943.228064
8.0,8,943.250106
4.0,4,943.266389
5.0,5,943.276274
6.0,6,943.289863
7.0,7,943.307538
4.0,4,943.320379
9.0,9,952.224476
5.0,5,952.240183
6.0,6,952.254626
6.0,6,952.270852
6.0,6,952.286292
6.0,6,952.301359
5.0,5,952.31444
8.0,8,952.334006
6.0,6,952.3502
14.0,14,952.371817
4.0,4,952.386207
5.0,5,952.393054
3.0,3,952.398604
6.0,6,952.415256
3.0,3,952.422671
3.0,3,952.431156
5.0,5,952.442418
7.0,7,961.148315
6.0,6,961.168106
3.0,3,961.180587
4.0,4,961.192463
4.0,4,961.201278
3.0,3,961.211697
7.0,7,961.227898
6.0,6,961.242437
5.0,5,961.258054
6.0,6,961.27237
4.0,4,961.286629
3.0,3,961.293404
7.0,7,961.306308
9.0,9,961.323059
3.0,3,961.337435
9.0,9,961.354873
12.0,12,961.383338
13.0,13,970.243669
6.0,6,970.263378
8.0,8,970.280399
4.0,4,970.293489
6.0,6,970.307068
5.0,5,970.321522
12.0,12,970.349418
5.0,5,970.365813
7.0,7,970.381706
5.0,5,970.39588
4.0,4,970.405064
7.0,7,970.4215
3.0,3,970.430325
4.0,4,970.43887
5.0,5,970.448015
7.0,7,970.466333
5.0,5,979.440007
6.0,6,979.455799
16.0,16,979.491652
3.0,3,979.506263
4.0,4,979.516708
4.0,4,979.529153
3.0,3,979.539188
5.0,5,979.55223
12.0,12,979.57588
5.0,5,979.594864
9.0,9,979.613589
5.0,5,979.630923
4.0,4,979.645004
3.0,3,979.653638
4.0,4,979.662696
3.0,3,979.669523
6.0,6,979.683012
8.0,8,988.423385
4.0,4,988.436433
4.0,4,988.448187
6.0,6,988.460119
4.0,4,988.473937
3.0,3,988.482959
7.0,7,988.499654
4.0,4,988.510711
5.0,5,988.524257
4.0,4,988.538041
4.0,4,988.546143
5.0,5,988.555559
10.0,10,988.576607
3.0,3,988.590399
5.0,5,988.598686
3.0,3,988.607613
4.0,4,988.618688
6.0,6,988.635008
3.0,3,988.648322
9.0,9,988.66189
6.0,6,988.677506
3.0,3,997.607497
7.0,7,997.622643
5.0,5,997.636272
7.0,7,997.6534
5.0,5,997.666707
4.0,4,997.677311
3.0,3,997.686437
14.0,14,997.710479
3.0,3,997.724608
4.0,4,997.731139
6.0,6,997.74268
4.0,4,997.751894
4.0,4,997.761077
7.0,7,997.777158
5.0,5,997.794782
3.0,3,997.805331
6.0,6,997.819529
11.0,11,1006.648571
8.0,8,1006.667602
3.0,3,1006.681992
5.0,5,1006.697129
9.0,9,1006.720068
3.0,3,1006.733772
5.0,5,1006.747839
4.0,4,1006.756501
3.0,3,1006.76371
6.0,6,1006.781099
3.0,3,1006.793197
3.0,3,1006.80394
3.0,3,1006.814152
3.0,3,1006.822287
3.0,3,1006.832832
10.0,10,1006.854742
5.0,5,1006.872602
5.0,5,1006.887877
4.0,4,1006.899834
5.0,5,1006.914632
10.0,10,1015.880449
5.0,5,1015.897967
7.0,7,1015.916185
4.0,4,1015.930587
4.0,4,1015.94122
3.0,3,1015.949862
3.0,3,1015.958435
4.0,4,1015.968938
3.0,3,1015.977869
4.0,4,1015.989982
14.0,14,1016.013234
3.0,3,1016.027327
7.0,7,1016.040974
8.0,8,1016.059829
5.0,5,1016.077959
11.0,11,1016.098894
4.0,4,1016.112895
7.0,7,1016.130584
3.0,3,1016.141713
4.0,4,1025.178558
5.0,5,1025.194098
4.0,4,1025.20618
3.0,3,1025.218399
3.0,3,1025.228114
3.0,3,1025.238183
3.0,3,1025.248634
6.0,6,1025.263258
3.0,3,1025.274839
10.0,10,1025.297608
8.0,8,1025.316293
11.0,11,1025.341226
8.0,8,1025.363412
3.0,3,1025.376671
4.0,4,1025.386794
4.0,4,1025.397242
3.0,3,1025.405529
3.0,3,1025.412916
4.0,4,1025.425816
5.0,5,1025.439945
4.0,4,1034.481738
3.0,3,1034.489373
5.0,5,1034.499225
13.0,13,1034.524708
6.0,6,1034.548181
7.0,7,1034.563133
5.0,5,1034.574152
8.0,8,1034.587993
15.0,15,1034.615273
4.0,4,1034.629229
4.0,4,1034.637876
4.0,4,1034.652289
7.0,7,1034.667561
6.0,6,1034.685339
3.0,3,1034.694161
7.0,7,1034.706141
3.0,3,1043.943769
6.0,6,1043.957013
5.0,5,1043.971315
8.0,8,1043.994202
4.0,4,1044.006065
4.0,4,1044.014628
12.0,12,1044.038795
5.0,5,1044.056613
3.0,3,1044.066108
3.0,3,1044.071797
4.0,4,1044.083368
14.0,14,1044.105714
3.0,3,1044.117845
11.0,11,1044.139177
7.0,7,1044.159549
6.0,6,1044.173886
19.0,19,1053.481313
4.0,4,1053.500517
5.0,5,1053.510799
5.0,5,1053.528512
5.0,5,1053.543267
6.0,6,1053.559651
11.0,11,1053.582181
4.0,4,1053.597328
5.0,5,1053.608696
5.0,5,1053.625083
3.0,3,1053.635928
4.0,4,1053.645099
10.0,10,1053.66441
5.0,5,1053.676168
3.0,3,1053.688397
6.0,6,1053.704838
3.0,3,1053.715054
16.0,16,1062.925328
3.0,3,1062.945688
3.0,3,1062.955845
4.0,4,1062.966144
5.0,5,1062.978652
12.0,12,1063.00316
3.0,3,1063.018534
7.0,7,1063.029103
6.0,6,1063.0389
4.0,4,1063.045795
4.0,4,1063.052436
8.0,8,1063.06098
5.0,5,1063.074905
12.0,12,1063.09614
3.0,3,1063.112136
5.0,5,1063.122268
6.0,6,1072.532247
12.0,12,1072.553689
9.0,9,1072.580289
7.0,7,1072.596391
6.0,6,1072.609959
4.0,4,1072.619658
3.0,3,1072.626704
4.0,4,1072.63315
3.0,3,1072.638772
6.0,6,1072.6501
3.0,3,1072.661413
4.0,4,1072.673299
3.0,3,1072.682184
6.0,6,1072.69459
4.0,4,1072.706371
5.0,5,1072.716755
3.0,3,1072.726473
4.0,4,1072.735896
4.0,4,1072.747712
5.0,5,1072.753941
5.0,5,1081.887651
6.0,6,1081.900309
11.0,11,1081.927691
12.0,12,1081.95959
3.0,3,1081.97476
3.0,3,1081.984383
7.0,7,1082.002255
3.0,3,1082.010845
4.0,4,1082.018312
4.0,4,1082.027001
4.0,4,1082.03651
4.0,4,1082.046806
11.0,11,1082.062781
7.0,7,1082.079623
10.0,10,1082.105295
4.0,4,1082.11881
4.0,4,1091.545717
5.0,5,1091.558613
5.0,5,1091.573701
3.0,3,1091.581095
5.0,5,1091.591609
5.0,5,1091.604714
6.0,6,1091.622921
6.0,6,1091.637767
5.0,5,1091.654577
10.0,10,1091.670741
9.0,9,1091.691405
4.0,4,1091.702891
4.0,4,1091.712727
7.0,7,1091.724715
7.0,7,1091.738344
7.0,7,1091.754723
10.0,10,1091.776465
4.0,4,1101.249756
6.0,6,1101.266764
9.0,9,1101.283596
3.0,3,1101.294484
3.0,3,1101.303164
7.0,7,1101.316325
8.0,8,1101.337283
6.0,6,1101.354704
10.0,10,1101.374921
8.0,8,1101.389121
3.0,3,1101.396115
5.0,5,1101.406222
4.0,4,1101.417517
6.0,6,1101.432526
11.0,11,1101.454064
8.0,8,1110.836931
3.0,3,1110.852676
3.0,3,1110.862784
14.0,14,1110.896
3.0,3,1110.913026
3.0,3,1110.921495
3.0,3,1110.933468
26.0,26,1110.97669
4.0,4,1110.990923
12.0,12,1111.014362
11.0,11,1111.040856
11.0,11,1111.06747
7.0,7,1120.474859
4.0,4,1120.48526
3.0,3,1120.495555
6.0,6,1120.512036
3.0,3,1120.519305
4.0,4,1120.523878
3.0,3,1120.529338
6.0,6,1120.543257
4.0,4,1120.556845
3.0,3,1120.564415
9.0,9,1120.582297
8.0,8,1120.602215
26.0,26,1120.643004
5.0,5,1120.667748
3.0,3,1120.673923
5.0,5,1120.681071
4.0,4,1120.68815
4.0,4,1130.313122
4.0,4,1130.325757
20.0,20,1130.363413
4.0,4,1130.380879
4.0,4,1130.391628
3.0,3,1130.402278
3.0,3,1130.411478
18.0,18,1130.4462
3.0,3,1130.461384
4.0,4,1130.469737
4.0,4,1130.477163
11.0,11,1130.499344
5.0,5,1130.516139
12.0,12,1130.543453
6.0,6,1140.038488
3.0,3,1140.050269
3.0,3,1140.059381
7.0,7,1140.080417
3.0,3,1140.091879
9.0,9,1140.113855
3.0,3,1140.124964
4.0,4,1140.134577
6.0,6,1140.150915
3.0,3,1140.16102
6.0,6,1140.17188
10.0,10,1140.195455
10.0,10,1140.218472
9.0,9,1140.238307
3.0,3,1140.252548
3.0,3,1140.258726
8.0,8,1140.271968
4.0,4,1140.283043
6.0,6,1149.867797
4.0,4,1149.881372
5.0,5,1149.896315
2.0,2,1149.907634
4.0,4,1149.916662
3.0,3,1149.926344
10.0,10,1149.947913
4.0,4,1149.961324
3.0,3,1149.968544
5.0,5,1149.980581
12.0,12,1150.009665
10.0,10,1150.029663
8.0,8,1150.047831
3.0,3,1150.05648
6.0,6,1150.074325
12.0,12,1150.094571
4.0,4,1150.105834
7.0,7,1159.91242
7.0,7,1159.929701
5.0,5,1159.942881
8.0,8,1159.959687
3.0,3,1159.972247
3.0,3,1159.980803
4.0,4,1159.992677
7.0,7,1160.007123
4.0,4,1160.022316
4.0,4,1160.035233
6.0,6,1160.048728
6.0,6,1160.060865
5.0,5,1160.07582
16.0,16,1160.107908
3.0,3,1160.120526
10.0,10,1160.141025
13.0,13,1169.284044
3.0,3,1169.295967
8.0,8,1169.315979
4.0,4,1169.32861
5.0,5,1169.339145
4.0,4,1169.351616
3.0,3,1169.36131
8.0,8,1169.382156
5.0,5,1169.401632
4.0,4,1169.416197
5.0,5,1169.428528
3.0,3,1169.438625
17.0,17,1169.471598
3.0,3,1169.489661
3.0,3,1169.496861
3.0,3,1169.507094
6.0,6,1169.524708
4.0,4,1169.536434
3.0,3,1169.545383
4.0,4,1178.7222
3.0,3,1178.731869
7.0,7,1178.747343
9.0,9,1178.767337
3.0,3,1178.779331
6.0,6,1178.79755
5.0,5,1178.806667
7.0,7,1178.817133
4.0,4,1178.824452
6.0,6,1178.83414
3.0,3,1178.838937
5.0,5,1178.844477
4.0,4,1178.851129
7.0,7,1178.866358
3.0,3,1178.881578
3.0,3,1178.891136
5.0,5,1178.903867
3.0,3,1178.91281
7.0,7,1178.92722
9.0,9,1188.714805
5.0,5,1188.733531
6.0,6,1188.750151
3.0,3,1188.759061
23.0,23,1188.798099
9.0,9,1188.817308
6.0,6,1188.831496
5.0,5,1188.8412
8.0,8,1188.862115
14.0,14,1188.884863
3.0,3,1188.902064
6.0,6,1188.910881
3.0,3,1188.921228
8.0,8,1198.760809
3.0,3,1198.774126
3.0,3,1198.7834
8.0,8,1198.802637
6.0,6,1198.821475
3.0,3,1198.83476
3.0,3,1198.843988
4.0,4,1198.85565
5.0,5,1198.871437
4.0,4,1198.887686
4.0,4,1198.897907
5.0,5,1198.911611
4.0,4,1198.923577
4.0,4,1198.936516
3.0,3,1198.947622
5.0,5,1198.960917
8.0,8,1198.984064
3.0,3,1198.999604
6.0,6,1199.012016
4.0,4,1199.026
4.0,4,1199.035743
7.0,7,1199.052978
6.0,6,1208.700209
15.0,15,1208.730692
4.0,4,1208.748324
3.0,3,1208.758983
21.0,21,1208.798837
6.0,6,1208.825173
5.0,5,1208.839474
6.0,6,1208.855726
3.0,3,1208.86164
3.0,3,1208.869798
3.0,3,1208.876274
5.0,5,1208.889592
6.0,6,1208.903848
3.0,3,1208.911775
5.0,5,1208.922034
4.0,4,1208.934114
4.0,4,1208.947648
15.0,15,1218.427219
3.0,3,1218.437645
5.0,5,1218.448303
3.0,3,1218.457804
16.0,16,1218.492297
5.0,5,1218.510247
13.0,13,1218.536135
3.0,3,1218.549888
4.0,4,1218.561626
6.0,6,1218.574838
4.0,4,1218.58539
5.0,5,1218.597067
7.0,7,1218.613394
9.0,9,1218.63663
3.0,3,1218.649585
6.0,6,1228.425218
4.0,4,1228.434731
5.0,5,1228.44443
11.0,11,1228.46631
3.0,3,1228.478361
4.0,4,1228.486901
3.0,3,1228.496247
3.0,3,1228.506952
10.0,10,1228.529683
3.0,3,1228.540644
3.0,3,1228.551967
7.0,7,1228.56631
13.0,13,1228.588495
7.0,7,1228.611881
5.0,5,1228.625111
4.0,4,1228.641059
3.0,3,1228.654612
4.0,4,1228.665958
6.0,6,1238.618081
5.0,5,1238.634665
3.0,3,1238.646492
11.0,11,1238.666005
6.0,6,1238.687731
3.0,3,1238.698082
3.0,3,1238.706159
6.0,6,1238.719787
5.0,5,1238.734517
3.0,3,1238.744549
7.0,7,1238.760038
3.0,3,1238.771286
4.0,4,1238.780464
6.0,6,1238.795299
3.0,3,1238.805807
20.0,20,1238.849569
5.0,5,1238.873696
3.0,3,1238.885941
8.0,8,1248.993483
7.0,7,1249.014579
3.0,3,1249.02339
8.0,8,1249.041516
4.0,4,1249.056648
3.0,3,1249.063483
4.0,4,1249.070751
15.0,15,1249.101967
7.0,7,1249.122438
4.0,4,1249.134989
3.0,3,1249.145134
18.0,18,1249.178558
8.0,8,1249.201976
3.0,3,1249.210182
3.0,3,1249.215941
3.0,3,1259.145793
8.0,8,1259.160474
7.0,7,1259.17305
8.0,8,1259.195833
4.0,4,1259.206147
3.0,3,1259.215621
3.0,3,1259.224695
3.0,3,1259.235169
3.0,3,1259.245281
4.0,4,1259.254298
6.0,6,1259.267926
4.0,4,1259.282513
3.0,3,1259.292366
8.0,8,1259.306986
3.0,3,1259.317931
5.0,5,1259.330475
3.0,3,1259.341294
3.0,3,1259.350695
7.0,7,1259.366482
3.0,3,1259.379376
7.0,7,1259.39493
4.0,4,1259.407385
4.0,4,1269.130641
5.0,5,1269.141373
3.0,3,1269.149913
3.0,3,1269.156935
10.0,10,1269.175622
15.0,15,1269.200486
4.0,4,1269.21303
3.0,3,1269.221189
8.0,8,1269.237776
3.0,3,1269.245919
10.0,10,1269.263904
6.0,6,1269.276755
15.0,15,1269.30124
3.0,3,1269.312307
3.0,3,1269.319642
3.0,3,1269.32709
4.0,4,1279.15413
4.0,4,1279.166854
5.0,5,1279.184851
6.0,6,1279.19872
5.0,5,1279.211247
4.0,4,1279.226188
4.0,4,1279.23975
7.0,7,1279.256013
3.0,3,1279.267154
3.0,3,1279.276866
4.0,4,1279.287364
6.0,6,1279.303655
4.0,4,1279.314577
7.0,7,1279.333382
5.0,5,1279.350985
7.0,7,1279.370878
4.0,4,1279.384096
3.0,3,1279.394747
6.0,6,1279.413284
9.0,9,1279.432108
4.0,4,1289.411599
4.0,4,1289.423517
15.0,15,1289.453381
4.0,4,1289.470832
5.0,5,1289.480224
4.0,4,1289.494783
4.0,4,1289.503518
7.0,7,1289.519372
3.0,3,1289.532021
10.0,10,1289.552732
8.0,8,1289.57132
5.0,5,1289.578546
3.0,3,1289.587393
4.0,4,1289.597901
4.0,4,1289.612166
3.0,3,1289.62133
8.0,8,1289.63877
4.0,4,1289.646951
11.0,11,1300.030329
8.0,8,1300.051645
3.0,3,1300.061504
10.0,10,1300.07879
7.0,7,1300.101068
9.0,9,1300.121499
5.0,5,1300.137986
5.0,5,1300.151377
7.0,7,1300.171166
3.0,3,1300.180134
3.0,3,1300.187337
6.0,6,1300.201288
9.0,9,1300.2248
4.0,4,1300.239671
3.0,3,1300.250091
18.0,18,1310.089046
3.0,3,1310.108287
11.0,11,1310.13094
17.0,17,1310.174098
4.0,4,1310.191128
9.0,9,1310.211634
3.0,3,1310.224387
3.0,3,1310.231523
8.0,8,1310.249805
4.0,4,1310.260761
6.0,6,1310.278142
4.0,4,1310.291108
3.0,3,1310.298524
5.0,5,1310.313659
5.0,5,1310.328073
3.0,3,1310.340392
7.0,7,1320.622164
6.0,6,1320.640246
11.0,11,1320.66557
4.0,4,1320.681515
5.0,5,1320.695345
3.0,3,1320.707782
6.0,6,1320.723265
7.0,7,1320.743227
3.0,3,1320.753963
3.0,3,1320.759851
3.0,3,1320.770127
14.0,14,1320.798034
5.0,5,1320.820024
10.0,10,1320.842084
6.0,6,1320.861387
3.0,3,1320.870028
9.0,9,1330.70332
22.0,22,1330.742293
3.0,3,1330.763066
9.0,9,1330.783705
4.0,4,1330.796436
5.0,5,1330.810184
7.0,7,1330.827089
3.0,3,1330.837204
5.0,5,1330.850356
7.0,7,1330.869683
11.0,11,1330.89364
4.0,4,1330.905502
4.0,4,1330.916012
3.0,3,1330.925105
8.0,8,1330.943392
3.0,3,1330.953175
7.0,7,1341.419723
3.0,3,1341.43304
8.0,8,1341.45088
7.0,7,1341.466028
4.0,4,1341.478116
5.0,5,1341.493618
8.0,8,1341.509029
3.0,3,1341.519967
3.0,3,1341.529608
11.0,11,1341.550886
6.0,6,1341.56628
5.0,5,1341.5728
3.0,3,1341.578617
8.0,8,1341.591917
7.0,7,1341.610752
4.0,4,1341.623168
4.0,4,1341.63561
4.0,4,1341.644354
3.0,3,1352.121152
4.0,4,1352.134959
4.0,4,1352.14811
5.0,5,1352.16983
13.0,13,1352.201455
4.0,4,1352.217787
4.0,4,1352.230822
3.0,3,1352.241722
3.0,3,1352.253308
5.0,5,1352.266746
11.0,11,1352.289051
3.0,3,1352.302783
3.0,3,1352.308736
14.0,14,1352.339218
4.0,4,1352.355877
5.0,5,1352.364023
5.0,5,1352.378861
6.0,6,1352.391794
4.0,4,1362.745704
6.0,6,1362.759821
4.0,4,1362.769098
5.0,5,1362.780235
8.0,8,1362.794781
6.0,6,1362.809
3.0,3,1362.817703
6.0,6,1362.829137
6.0,6,1362.843542
8.0,8,1362.85935
6.0,6,1362.875032
8.0,8,1362.888583
3.0,3,1362.897472
12.0,12,1362.918126
3.0,3,1362.928241
16.0,16,1373.267359
5.0,5,1373.285804
3.0,3,1373.29267
4.0,4,1373.304069
3.0,3,1373.311545
3.0,3,1373.318134
4.0,4,1373.327521
4.0,4,1373.339537
7.0,7,1373.351089
3.0,3,1373.358404
5.0,5,1373.368381
4.0,4,1373.378209
3.0,3,1373.386272
5.0,5,1373.394516
8.0,8,1373.414472
3.0,3,1373.425006
4.0,4,1373.434273
3.0,3,1373.443032
3.0,3,1373.455449
4.0,4,1373.463591
5.0,5,1373.471999
5.0,5,1373.480984
3.0,3,1373.490837
5.0,5,1373.502839
5.0,5,1383.406902
6.0,6,1383.419796
5.0,5,1383.433834
14.0,14,1383.465345
3.0,3,1383.480048
3.0,3,1383.487484
6.0,6,1383.499128
7.0,7,1383.516809
6.0,6,1383.532694
5.0,5,1383.544537
3.0,3,1383.554725
3.0,3,1383.56063
3.0,3,1383.565183
7.0,7,1383.580705
6.0,6,1383.597423
9.0,9,1383.617551
11.0,11,1383.642771
3.0,3,1394.207765
9.0,9,1394.227125
9.0,9,1394.250859
4.0,4,1394.263553
4.0,4,1394.273045
3.0,3,1394.281565
4.0,4,1394.29368
3.0,3,1394.301611
5.0,5,1394.311718
4.0,4,1394.322781
3.0,3,1394.328054
3.0,3,1394.334132
10.0,10,1394.349391
3.0,3,1394.363045
3.0,3,1394.373487
9.0,9,1394.39247
9.0,9,1394.415744
3.0,3,1394.42538
3.0,3,1394.431329
4.0,4,1394.440753
4.0,4,1405.16156
4.0,4,1405.178506
5.0,5,1405.19341
3.0,3,1405.201482
4.0,4,1405.210587
5.0,5,1405.226312
5.0,5,1405.241836
4.0,4,1405.254905
3.0,3,1405.263852
4.0,4,1405.278182
8.0,8,1405.300063
6.0,6,1405.317276
3.0,3,1405.324292
6.0,6,1405.341553
3.0,3,1405.351952
4.0,4,1405.363174
3.0,3,1405.373912
3.0,3,1405.383553
6.0,6,1405.397894
5.0,5,1405.410627
6.0,6,1405.430679
6.0,6,1405.450841
6.0,6,1421.609207
2.0,2,1421.618864
3.0,3,1421.627898
2.0,2,1421.644868
2.0,2,1421.656534
3.0,3,1421.666151
2.0,2,1421.67431
2.0,2,1421.68351
3.0,3,1421.695633
2.0,2,1421.704481
2.0,2,1421.712096
2.0,2,1421.721393
3.0,3,1421.732267
3.0,3,1421.74325
3.0,3,1421.748738
2.0,2,1421.753532
3.0,3,1421.763244
3.0,3,1421.771058
3.0,3,1421.776718
3.0,3,1421.784535
3.0,3,1421.794717
2.0,2,1421.804451
3.0,3,1421.815069
2.0,2,1421.824221
3.0,3,1421.834562
2.0,2,1421.84242
3.0,3,1421.851374
2.0,2,1421.860918
3.0,3,1421.872293
3.0,3,1421.884846
3.0,3,1421.894968
3.0,3,1421.905981
2.0,2,1421.914245
3.0,3,1421.927596
2.0,2,1421.933878
3.0,3,1421.939711
2.0,2,1421.94801
3.0,3,1421.959185
3.0,3,1434.45307
3.0,3,1434.460427
2.0,2,1434.465888
3.0,3,1434.472918
3.0,3,1434.480542
3.0,3,1434.488569
3.0,3,1434.496855
2.0,2,1434.503736
3.0,3,1434.513673
2.0,2,1434.522643
3.0,3,1434.534747
3.0,3,1434.546774
2.0,2,1434.556957
3.0,3,1434.567001
3.0,3,1434.57932
3.0,3,1434.591319
3.0,3,1434.603568
3.0,3,1434.621574
2.0,2,1434.631516
3.0,3,1434.644109
2.0,2,1434.655074
3.0,3,1434.668374
3.0,3,1434.683212
3.0,3,1434.695704
3.0,3,1434.70993
3.0,3,1434.723487
2.0,2,1434.73303
3.0,3,1434.744806
2.0,2,1434.752215
3.0,3,1434.767796
3.0,3,1434.780914
2.0,2,1434.791878
3.0,3,1434.804222
3.0,3,1434.820729
3.0,3,1434.83372
2.0,2,1434.844589
2.0,2,1434.853689
12.0,12,1447.408924
9.0,9,1447.428646
9.0,9,1447.455785
10.0,10,1447.483498
8.0,8,1447.508066
8.0,8,1447.533909
8.0,8,1447.558171
8.0,8,1447.585842
9.0,9,1447.609736
9.0,9,1447.634845
36.0,36,1460.957112
83.0,83,1475.024739
114.0,114,1488.928464
59.0,59,1489.101768
56.0,56,1502.541006
57.0,57,1502.712686
43.0,43,1515.720451
41.0,41,1515.841904
42.0,42,1528.634357
39.0,39,1528.739333
36.0,36,1528.844697
52.0,52,1542.415292
55.0,55,1556.337315
43.0,43,1556.463103
48.0,48,1556.600645
59.0,59,1569.996925
65.0,65,1582.692839
56.0,56,1582.852218
53.0,53,1595.807729
54.0,54,1595.937856
45.0,45,1609.543854
42.0,42,1609.667942
45.0,45,1623.602854
54.0,54,1623.769874
55.0,55,1637.413451
57.0,57,1637.574351
57.0,57,1650.750264
55.0,55,1650.925794
59.0,59,1664.032815
52.0,52,1677.116703
45.0,45,1677.238014
48.0,48,1677.368644
62.0,62,1690.807087
71.0,71,1704.249121
62.0,62,1704.432474
63.0,63,1717.909295
60.0,60,1731.249862
72.0,72,1731.44333
58.0,58,1745.020566
75.0,75,1758.572239
68.0,68,1758.767214
66.0,66,1771.899321
90.0,90,1784.91383
68.0,68,1798.510224
105.0,105,1812.411668
77.0,77,1812.623971
104.0,104,1826.824275
102.0,102,1840.76631
157.0,157,1868.237824
172.0,172,1895.52787
1000.0,1000,2031.791954
1000.0,1000,2193.413594
1000.0,1000,2332.897467
1000.0,1000,2469.496376
1000.0,1000,2610.960193
1000.0,1000,2749.134571
1000.0,1000,2888.58673
1000.0,1000,3028.574323
1000.0,1000,3168.298394
1000.0,1000,3310.893557
327.0,327,3353.000538
709.0,709,3451.985298
41.0,41,3466.407754
91.0,91,3466.644989
74.0,74,3480.941128
71.0,71,3495.223364
75.0,75,3509.416154
58.0,58,3509.564822
60.0,60,3526.80442
97.0,97,3540.70281
79.0,79,3554.852906
488.0,488,3612.305835
85.0,85,3626.017988
117.0,117,3639.642141
142.0,142,3666.483644
76.0,76,3679.774908
114.0,114,3693.035389
122.0,122,3706.226087
188.0,188,3732.69825
1000.0,1000,3873.764019
1000.0,1000,4017.545911
1000.0,1000,4161.163042
1000.0,1000,4306.428924
1000.0,1000,4451.713813
1000.0,1000,4600.088317
1000.0,1000,4746.529229
1000.0,1000,4892.641543
1000.0,1000,5045.588856
1000.0,1000,5194.485101
1000.0,1000,5343.824236
1000.0,1000,5493.109904
1000.0,1000,5642.894992
664.0,664,5746.744034
883.0,883,5866.148787
1000.0,1000,6013.167373
1000.0,1000,6165.113755
1000.0,1000,6318.371007
1000.0,1000,6495.661258
1000.0,1000,6649.945449
271.0,271,6695.344662
515.0,515,6770.658978
1000.0,1000,6926.843082
379.0,379,6989.678626
339.0,339,7036.554689
1000.0,1000,7188.967067
1000.0,1000,7340.758964
357.0,357,7402.495162
77.0,77,7417.898569
820.0,820,7540.605887
44.0,44,7540.89334
116.0,116,7571.225835
1000.0,1000,7726.651091
224.0,224,7757.988264
47.0,47,7758.169846
43.0,43,7773.92677
44.0,44,7774.030471
43.0,43,7789.745973
162.0,162,7805.526095
51.0,51,7820.429478
40.0,40,7820.537099
39.0,39,7820.658295
44.0,44,7835.215268
43.0,43,7835.33262
48.0,48,7850.472698
57.0,57,7850.631806
629.0,629,7962.01735
134.0,134,7978.108647
775.0,775,8125.58091
846.0,846,8252.771579
1000.0,1000,8410.143578
1000.0,1000,8567.647153
1000.0,1000,8725.129252
1000.0,1000,8881.445487
1000.0,1000,9040.693034
817.0,817,9167.693512
1000.0,1000,9326.758516
1000.0,1000,9486.321656
1000.0,1000,9667.827574
881.0,881,9813.469364
1000.0,1000,9974.028385
1000.0,1000,10134.780544
1000.0,1000,10295.952322
433.0,433,10376.944873
1000.0,1000,10538.773379
1000.0,1000,10701.308013
1000.0,1000,10864.139973
1000.0,1000,11028.984916
1000.0,1000,11194.165824
1000.0,1000,11380.954509
1000.0,1000,11545.646842
1000.0,1000,11710.532409
1000.0,1000,11875.451095
1000.0,1000,12042.010178
1000.0,1000,12208.471759
1000.0,1000,12377.767307
1000.0,1000,12540.2494
1000.0,1000,12705.607383
1000.0,1000,12867.710428
